#
# A fatal error has been detected by the Java Runtime Environment:
#
#  EXCEPTION_ACCESS_VIOLATION (0xc0000005) at pc=0x00007ffb88bc3aa5, pid=3096, tid=20100
#
# JRE version: OpenJDK Runtime Environment Microsoft-13877171 (21.0.11+10) (build 21.0.11+10-LTS)
# Java VM: OpenJDK 64-Bit Server VM Microsoft-13877171 (21.0.11+10-LTS, mixed mode, sharing, tiered, compressed oops, compressed class ptrs, g1 gc, windows-amd64)
# Problematic frame:
# V  [jvm.dll+0x453aa5]
#
# No core dump will be written. Minidumps are not enabled by default on client versions of Windows
#
# If you would like to submit a bug report, please visit:
#   https://github.com/microsoft/openjdk/issues
#

---------------  S U M M A R Y ------------

Command Line: -Dfile.encoding=IBM437 --module-path=C:\Users\Admin\.m2\repository\org\openjfx\javafx-base\21\javafx-base-21-win.jar;C:\Users\Admin\.m2\repository\org\openjfx\javafx-base\21\javafx-base-21.jar;C:\Users\Admin\.m2\repository\org\openjfx\javafx-controls\21\javafx-controls-21-win.jar;C:\Users\Admin\.m2\repository\org\openjfx\javafx-controls\21\javafx-controls-21.jar;C:\Users\Admin\.m2\repository\org\openjfx\javafx-fxml\21\javafx-fxml-21-win.jar;C:\Users\Admin\.m2\repository\org\openjfx\javafx-fxml\21\javafx-fxml-21.jar;C:\Users\Admin\.m2\repository\org\openjfx\javafx-graphics\21\javafx-graphics-21-win.jar;C:\Users\Admin\.m2\repository\org\openjfx\javafx-graphics\21\javafx-graphics-21.jar --add-modules=javafx.base,javafx.controls,javafx.fxml,javafx.graphics com.uet.auction.client.AuctionApplication

Host: 12th Gen Intel(R) Core(TM) i5-1235U, 12 cores, 7G,  Windows 11 , 64 bit Build 26100 (10.0.26100.8328)
Time: Sat Jun  6 21:53:06 2026 SE Asia Standard Time elapsed time: 209.331935 seconds (0d 0h 3m 29s)

---------------  T H R E A D  ---------------

Current thread (0x000001ed5d5ef230):  JavaThread "JavaFX Application Thread"        [_thread_in_vm, id=20100, stack(0x000000ad28c00000,0x000000ad28d00000) (1024K)]

Stack: [0x000000ad28c00000,0x000000ad28d00000],  sp=0x000000ad28cfe080,  free space=1016k
Native frames: (J=compiled Java code, j=interpreted, Vv=VM code, C=native code)
V  [jvm.dll+0x453aa5]  (no source info available)
C  [glass.dll+0x274c]  (no source info available)

Java frames: (J=compiled Java code, j=interpreted, Vv=VM code)
j  com.sun.glass.ui.win.WinApplication._enterNestedEventLoopImpl()Ljava/lang/Object;+0 javafx.graphics@21
j  com.sun.glass.ui.win.WinApplication._enterNestedEventLoop()Ljava/lang/Object;+15 javafx.graphics@21
j  com.sun.glass.ui.Application.enterNestedEventLoop()Ljava/lang/Object;+14 javafx.graphics@21
j  com.sun.glass.ui.EventLoop.enter()Ljava/lang/Object;+42 javafx.graphics@21
j  com.sun.javafx.tk.quantum.QuantumToolkit.enterNestedEventLoop(Ljava/lang/Object;)Ljava/lang/Object;+98 javafx.graphics@21
j  javafx.stage.Stage.showAndWait()V+93 javafx.graphics@21
j  javafx.scene.control.HeavyweightDialog.showAndWait()V+22 javafx.controls@21
j  javafx.scene.control.Dialog.showAndWait()Ljava/util/Optional;+86 javafx.controls@21
j  com.uet.auction.client.util.AlertHelper.showAlert(Ljavafx/scene/control/Alert$AlertType;Ljava/lang/String;Ljava/lang/String;)V+25
j  com.uet.auction.client.util.AlertHelper.showInfo(Ljava/lang/String;)V+6
j  com.uet.auction.client.network.ResponseListener.lambda$run$8(Ljava/lang/String;ILjava/lang/String;D)V+5
j  com.uet.auction.client.network.ResponseListener$$Lambda+0x000001ed19307a50.run()V+16
J 6846 c1 com.sun.javafx.application.PlatformImpl$$Lambda+0x000001ed19087b18.run()Ljava/lang/Object; javafx.graphics@21 (8 bytes) @ 0x000001ed087b2184 [0x000001ed087b2040+0x0000000000000144]
J 6844 c1 com.sun.javafx.application.PlatformImpl.lambda$runLater$11(Ljava/lang/Runnable;Ljava/security/AccessControlContext;)V javafx.graphics@21 (41 bytes) @ 0x000001ed0882feac [0x000001ed0882f8c0+0x00000000000005ec]
J 6843 c1 com.sun.javafx.application.PlatformImpl$$Lambda+0x000001ed19086880.run()V javafx.graphics@21 (12 bytes) @ 0x000001ed0870414c [0x000001ed087040c0+0x000000000000008c]
J 7201 c2 com.sun.glass.ui.InvokeLaterDispatcher$Future.run()V javafx.graphics@21 (91 bytes) @ 0x000001ed1056b854 [0x000001ed1056b620+0x0000000000000234]
v  ~StubRoutines::call_stub 0x000001ed0fba100d
j  com.sun.glass.ui.win.WinApplication._runLoop(Ljava/lang/Runnable;)V+0 javafx.graphics@21
j  com.sun.glass.ui.win.WinApplication.lambda$runLoop$3(ILjava/lang/Runnable;)V+8 javafx.graphics@21
j  com.sun.glass.ui.win.WinApplication$$Lambda+0x000001ed19031998.run()V+12 javafx.graphics@21
j  java.lang.Thread.runWith(Ljava/lang/Object;Ljava/lang/Runnable;)V+5 java.base@21.0.11
j  java.lang.Thread.run()V+19 java.base@21.0.11
v  ~StubRoutines::call_stub 0x000001ed0fba100d

siginfo: EXCEPTION_ACCESS_VIOLATION (0xc0000005), reading address 0x0000000000000000


Registers:
RAX=0x0000000000000000, RBX=0x000001ed5d5ef230, RCX=0x0000000000000004, RDX=0x0000000000000005
RSP=0x000000ad28cfe080, RBP=0x000000ad28cfe188, RSI=0x000001ed5d5ef5f0, RDI=0x0000000000000000
R8 =0x0000000000000004, R9 =0x000001ed5d60e4e0, R10=0x000001ed59e901c0, R11=0x000000ad28cfe070
R12=0x00007ffb891c9b80, R13=0x000001ed5d5ef5f0, R14=0x000001ed67485c30, R15=0x00000000000000d4
RIP=0x00007ffb88bc3aa5, EFLAGS=0x0000000000010293

XMM[0]=0x0000000000000000 0x0000002900000000
XMM[1]=0x0000000000000000 0x0000000000000000
XMM[2]=0x0000000000000000 0x0000000000000000
XMM[3]=0x0000000000000000 0x0000000000000000
XMM[4]=0x0000000000000000 0x0000000000000000
XMM[5]=0x0000000000000000 0x0000000000000000
XMM[6]=0x0000000000000000 0x0000000000000000
XMM[7]=0x0000000000000000 0x0000000000000000
XMM[8]=0x0000000000000000 0x0000000000000000
XMM[9]=0x0000000000000000 0x3ff0000000000000
XMM[10]=0x0000000000000000 0x000000005b44da26
XMM[11]=0x0000000000000000 0xc160f3bb7e599eaf
XMM[12]=0x0000000000000000 0x00000000bcf8aaf4
XMM[13]=0x0000000000000000 0x0000000000000000
XMM[14]=0x0000000000000000 0x0000000000000000
XMM[15]=0x0000000000000000 0x0000000000000000
  MXCSR=0x00001faf


Register to memory mapping:

RAX=0x0 is null
RBX=0x000001ed5d5ef230 is a thread
RCX=0x0000000000000004 is an unknown value
RDX=0x0000000000000005 is an unknown value
RSP=0x000000ad28cfe080 is pointing into the stack for thread: 0x000001ed5d5ef230
RBP=0x000000ad28cfe188 is pointing into the stack for thread: 0x000001ed5d5ef230
RSI=0x000001ed5d5ef5f0 points into unknown readable memory: 0x00007ffb893b8850 | 50 88 3b 89 fb 7f 00 00
RDI=0x0 is null
R8 =0x0000000000000004 is an unknown value
R9 =0x000001ed5d60e4e0 points into unknown readable memory: 0x0000004000000004 | 04 00 00 00 40 00 00 00
R10={method} {0x000001ed59e901c8} 'getInstance' '()Lcom/sun/glass/ui/win/WinDnDClipboard;' in 'com/sun/glass/ui/win/WinDnDClipboard'
R11=0x000000ad28cfe070 is pointing into the stack for thread: 0x000001ed5d5ef230
R12=0x00007ffb891c9b80 jvm.dll
R13=0x000001ed5d5ef5f0 points into unknown readable memory: 0x00007ffb893b8850 | 50 88 3b 89 fb 7f 00 00
R14=0x000001ed67485c30 points into unknown readable memory: 0x000001ed59e901c0 | c0 01 e9 59 ed 01 00 00
R15=0x00000000000000d4 is an unknown value

Top of Stack: (sp=0x000000ad28cfe080)
0x000000ad28cfe080:   000001ed59e901c0 000001ed5d5ef230   ...Y....0.^]....
0x000000ad28cfe090:   000001ed5d5ef5f0 0000000000000000   ..^]............
0x000000ad28cfe0a0:   0000d3ac2480da00 00007ffbdeb870b0   ...$.....p......
0x000000ad28cfe0b0:   000001ed781962b0 000001ed5d2f3301   .b.x.....3/]....
0x000000ad28cfe0c0:   000001ed0000000c 00007ffb88bd0800   ................
0x000000ad28cfe0d0:   000001ed5d5ef230 0000000000000000   0.^]............
0x000000ad28cfe0e0:   0000000085afa460 000001ed00000000   `...............
0x000000ad28cfe0f0:   00007ffb891c9b80 000001ed68a965b8   .........e.h....
0x000000ad28cfe100:   000000000000000c 0000000000000019   ................
0x000000ad28cfe110:   0000000000000000 000000ad28cfe188   ...........(....
0x000000ad28cfe120:   000001ed5d34f7d4 0000000000000001   ..4]............
0x000000ad28cfe130:   0000000000000000 00007ffbaafb274c   ........L'......
0x000000ad28cfe140:   000001ed5d5ef5f0 000000ad28cfe2d0   ..^].......(....
0x000000ad28cfe150:   0000000000000000 00007ffbdb379751   ........Q.7.....
0x000000ad28cfe160:   0000000000000000 00007ffbaafc5416   .........T......
0x000000ad28cfe170:   000001ed5d5ef5f0 0000000000000000   ..^]............
0x000000ad28cfe180:   000001ed67485c30 0000000000000000   0\Hg............
0x000000ad28cfe190:   000001ed5d5ef5f0 0000000000000000   ..^]............
0x000000ad28cfe1a0:   00000000000000dd 0000000000000000   ................
0x000000ad28cfe1b0:   000000000004068c 0000000000000000   ................
0x000000ad28cfe1c0:   00000000000000dd 00007ffbaafd081b   ................
0x000000ad28cfe1d0:   00000000000000d4 000000ad28cfe2d0   ...........(....
0x000000ad28cfe1e0:   000001ed68b556e8 0000000000000000   .V.h............
0x000000ad28cfe1f0:   000001ed68b556c0 00007ffbaafcc30f   .V.h............
0x000000ad28cfe200:   000001ed68b556c0 0000000000000084   .V.h............
0x000000ad28cfe210:   0000000000000000 0000000000000000   ................
0x000000ad28cfe220:   0000000000000000 0000000000000000   ................
0x000000ad28cfe230:   0000000000000000 0000000000000000   ................
0x000000ad28cfe240:   0000000000000000 0000000000000000   ................
0x000000ad28cfe250:   0000000000000020 00000070000001d1    ...........p...
0x000000ad28cfe260:   0000000000000201 000001ab0000048c   ................
0x000000ad28cfe270:   0000000000000000 0000000000000000   ................

Instructions: (pc=0x00007ffb88bc3aa5)
0x00007ffb88bc39a5:   48 89 6c 24 10 48 89 74 24 18 57 41 54 41 56 48
0x00007ffb88bc39b5:   81 ec a0 00 00 00 8b 81 b0 00 00 00 48 8d 99 40
0x00007ffb88bc39c5:   fc ff ff 05 53 21 ff ff 49 8b e9 4d 8b f0 48 8b
0x00007ffb88bc39d5:   fa 48 8b f1 83 f8 01 77 08 48 8b cb e8 0a b3 fa
0x00007ffb88bc39e5:   ff 80 3d db f3 85 00 00 c7 83 4c 04 00 00 06 00
0x00007ffb88bc39f5:   00 00 75 06 e8 52 f8 27 00 90 48 8b 83 50 04 00
0x00007ffb88bc3a05:   00 a8 01 74 0d 45 33 c0 b2 01 48 8b cb e8 b9 16
0x00007ffb88bc3a15:   2f 00 8b 83 48 04 00 00 a8 0c 74 08 48 8b cb e8
0x00007ffb88bc3a25:   77 c7 fa ff c7 83 4c 04 00 00 06 00 00 00 48 83
0x00007ffb88bc3a35:   7b 08 00 48 89 5c 24 50 48 c7 44 24 58 00 00 00
0x00007ffb88bc3a45:   00 74 0a 48 8d 4c 24 50 e8 2e cc 2b 00 49 8b 16
0x00007ffb88bc3a55:   48 8d 4c 24 70 c7 44 24 40 0c 00 00 00 e8 69 e4
0x00007ffb88bc3a65:   00 00 48 8b c7 48 89 ac 24 98 00 00 00 83 e0 03
0x00007ffb88bc3a75:   4c 8d 25 04 61 60 00 4c 89 64 24 70 48 83 f8 01
0x00007ffb88bc3a85:   75 0c 48 8d 4f ff ff 15 cf 1f 7f 00 eb 15 48 83
0x00007ffb88bc3a95:   f8 02 75 0c 48 8d 4f fe ff 15 7d 95 7e 00 eb 03
0x00007ffb88bc3aa5:   48 8b 07 8b 15 92 03 86 00 48 8b c8 e8 9a 98 27
0x00007ffb88bc3ab5:   00 48 8b d3 48 8b 08 4c 8b 81 b0 00 00 00 48 8b
0x00007ffb88bc3ac5:   c8 41 ff d0 48 83 7b 08 00 75 35 48 8d 44 24 70
0x00007ffb88bc3ad5:   48 89 5c 24 30 48 89 44 24 28 48 8d 54 24 40 45
0x00007ffb88bc3ae5:   33 c9 4c 89 74 24 20 45 33 c0 48 8b ce e8 29 f5
0x00007ffb88bc3af5:   00 00 48 83 7b 08 00 75 07 48 8b 7c 24 48 eb 02
0x00007ffb88bc3b05:   33 ff 48 83 7c 24 58 00 4c 89 64 24 70 48 c7 84
0x00007ffb88bc3b15:   24 98 00 00 00 00 00 00 00 74 0a 48 8d 4c 24 50
0x00007ffb88bc3b25:   e8 d6 cb 2b 00 48 8b 9b 98 01 00 00 48 8b 43 10
0x00007ffb88bc3b35:   48 83 38 00 74 08 48 8b cb e8 5d d7 f5 ff 48 8b
0x00007ffb88bc3b45:   53 08 48 8b 4b 10 48 89 4a 10 48 8b 53 08 48 8b
0x00007ffb88bc3b55:   4b 18 48 89 4a 18 48 8b 4b 20 48 8b 53 08 48 89
0x00007ffb88bc3b65:   4a 20 48 8d 4e e0 e8 60 35 ed ff 4c 8d 9c 24 a0
0x00007ffb88bc3b75:   00 00 00 90 49 8b 5b 20 48 8b c7 49 8b 6b 28 c7
0x00007ffb88bc3b85:   86 8c 00 00 00 04 00 00 00 49 8b 73 30 49 8b e3
0x00007ffb88bc3b95:   41 5e 41 5c 5f c3 cc cc cc cc cc 48 89 5c 24 08


Stack slot to memory mapping:

stack at sp + 0 slots: {method} {0x000001ed59e901c8} 'getInstance' '()Lcom/sun/glass/ui/win/WinDnDClipboard;' in 'com/sun/glass/ui/win/WinDnDClipboard'
stack at sp + 1 slots: 0x000001ed5d5ef230 is a thread
stack at sp + 2 slots: 0x000001ed5d5ef5f0 points into unknown readable memory: 0x00007ffb893b8850 | 50 88 3b 89 fb 7f 00 00
stack at sp + 3 slots: 0x0 is null
stack at sp + 4 slots: 0x0000d3ac2480da00 is an unknown value
stack at sp + 5 slots: 0x00007ffbdeb870b0 ucrtbase.dll
stack at sp + 6 slots: 0x000001ed781962b0 points into unknown readable memory: 0x000004e400000002 | 02 00 00 00 e4 04 00 00
stack at sp + 7 slots: 0x000001ed5d2f3301 points into unknown readable memory: a4 af 85 00 00 00 00


Compiled method (c1) 209417 6846       3       com.sun.javafx.application.PlatformImpl$$Lambda/0x000001ed19087b18::run (8 bytes)
 total in heap  [0x000001ed087b1e90,0x000001ed087b2328] = 1176
 relocation     [0x000001ed087b1ff0,0x000001ed087b2040] = 80
 main code      [0x000001ed087b2040,0x000001ed087b2230] = 496
 stub code      [0x000001ed087b2230,0x000001ed087b2278] = 72
 oops           [0x000001ed087b2278,0x000001ed087b2280] = 8
 metadata       [0x000001ed087b2280,0x000001ed087b2290] = 16
 scopes data    [0x000001ed087b2290,0x000001ed087b22b0] = 32
 scopes pcs     [0x000001ed087b22b0,0x000001ed087b2310] = 96
 dependencies   [0x000001ed087b2310,0x000001ed087b2318] = 8
 nul chk table  [0x000001ed087b2318,0x000001ed087b2328] = 16

[Constant Pool (empty)]

[MachCode]
[Entry Point]
  # {method} {0x000001ed595bd428} 'run' '()Ljava/lang/Object;' in 'com/sun/javafx/application/PlatformImpl$$Lambda+0x000001ed19087b18'
  #           [sp+0x40]  (sp of caller)
  0x000001ed087b2040: 448b 5208 | 49bb 0000 | 0018 ed01 | 0000 4d03 | d34c 3bd0 

  0x000001ed087b2054: ;   {runtime_call ic_miss_stub}
  0x000001ed087b2054: 0f85 26c7 | 4307 660f | 1f44 0000 
[Verified Entry Point]
  0x000001ed087b2060: 8984 2400 | 80ff ff55 | 4883 ec30 | 4181 7f20 | d708 0000 

  0x000001ed087b2074: ;   {runtime_call StubRoutines (final stubs)}
  0x000001ed087b2074: 7405 e825 

  0x000001ed087b2078: ;   {metadata(method data for {method} {0x000001ed595bd428} 'run' '()Ljava/lang/Object;' in 'com/sun/javafx/application/PlatformImpl$$Lambda+0x000001ed19087b18')}
  0x000001ed087b2078: 4442 0748 | be68 7b25 | 5aed 0100 | 008b becc | 0000 0083 | c702 89be | cc00 0000 | 81e7 fe07 
  0x000001ed087b2098: 0000 85ff | 0f84 0701 | 0000 8b52 

  0x000001ed087b20a4: ;   {metadata(method data for {method} {0x000001ed595bd428} 'run' '()Ljava/lang/Object;' in 'com/sun/javafx/application/PlatformImpl$$Lambda+0x000001ed19087b18')}
  0x000001ed087b20a4: 0c48 be68 | 7b25 5aed | 0100 0048 | 8386 1001 

  0x000001ed087b20b4: ;   {metadata(method data for {method} {0x000001ed59417f68} 'lambda$runLater$10' '(Ljava/lang/Runnable;)Ljava/lang/Void;' in 'com/sun/javafx/application/PlatformImpl')}
  0x000001ed087b20b4: 0000 0148 | bec8 7c25 | 5aed 0100 | 008b becc | 0000 0083 | c702 89be | cc00 0000 | 81e7 feff 
  0x000001ed087b20d4: 1f00 85ff | 0f84 ec00 | 0000 483b | 0248 8bf2 

  0x000001ed087b20e4: ;   {metadata(method data for {method} {0x000001ed59417f68} 'lambda$runLater$10' '(Ljava/lang/Runnable;)Ljava/lang/Void;' in 'com/sun/javafx/application/PlatformImpl')}
  0x000001ed087b20e4: 48bf c87c | 255a ed01 | 0000 8b76 | 0849 ba00 | 0000 18ed | 0100 0049 | 03f2 483b | b720 0100 
  0x000001ed087b2104: 0075 0d48 | 8387 2801 | 0000 01e9 | 6000 0000 | 483b b730 | 0100 0075 | 0d48 8387 | 3801 0000 
  0x000001ed087b2124: 01e9 4a00 | 0000 4883 | bf20 0100 | 0000 7517 | 4889 b720 | 0100 0048 | c787 2801 | 0000 0100 
  0x000001ed087b2144: 0000 e929 | 0000 0048 | 83bf 3001 | 0000 0075 | 1748 89b7 | 3001 0000 | 48c7 8738 | 0100 0001 
  0x000001ed087b2164: 0000 00e9 | 0800 0000 | 4883 8710 | 0100 0001 | 9048 b840 | a3a2 68ed 

  0x000001ed087b217c: ;   {virtual_call}
  0x000001ed087b217c: 0100 00e8 

  0x000001ed087b2180: ; ImmutableOopMap {}
                      ;*invokeinterface run {reexecute=0 rethrow=0 return_oop=0}
                      ; - com.sun.javafx.application.PlatformImpl::lambda$runLater$10@1 (line 456)
                      ; - com.sun.javafx.application.PlatformImpl$$Lambda/0x000001ed19087b18::run@4
  0x000001ed087b2180: 8c47 5007 

  0x000001ed087b2184: ;   {other}
  0x000001ed087b2184: 0f1f 8400 | f402 0000 

  0x000001ed087b218c: ;   {oop(nullptr)}
  0x000001ed087b218c: 48b8 0000 | 0000 0000 | 0000 4883 

  0x000001ed087b2198: ;   {poll_return}
  0x000001ed087b2198: c430 5d49 | 3ba7 5004 | 0000 0f87 | 4800 0000 

  0x000001ed087b21a8: ;   {metadata({method} {0x000001ed595bd428} 'run' '()Ljava/lang/Object;' in 'com/sun/javafx/application/PlatformImpl$$Lambda+0x000001ed19087b18')}
  0x000001ed087b21a8: c349 ba20 | d45b 59ed | 0100 004c | 8954 2408 | 48c7 0424 | ffff ffff 

  0x000001ed087b21c0: ;   {runtime_call counter_overflow Runtime1 stub}
  0x000001ed087b21c0: e83b fd4f 

  0x000001ed087b21c4: ; ImmutableOopMap {rdx=Oop }
                      ;*synchronization entry
                      ; - com.sun.javafx.application.PlatformImpl$$Lambda/0x000001ed19087b18::run@-1
  0x000001ed087b21c4: 07e9 d8fe 

  0x000001ed087b21c8: ;   {metadata({method} {0x000001ed59417f68} 'lambda$runLater$10' '(Ljava/lang/Runnable;)Ljava/lang/Void;' in 'com/sun/javafx/application/PlatformImpl')}
  0x000001ed087b21c8: ffff 49ba | 607f 4159 | ed01 0000 | 4c89 5424 | 0848 c704 | 24ff ffff 

  0x000001ed087b21e0: ;   {runtime_call counter_overflow Runtime1 stub}
  0x000001ed087b21e0: ffe8 1afd 

  0x000001ed087b21e4: ; ImmutableOopMap {rdx=Oop }
                      ;*synchronization entry
                      ; - com.sun.javafx.application.PlatformImpl::lambda$runLater$10@-1 (line 456)
                      ; - com.sun.javafx.application.PlatformImpl$$Lambda/0x000001ed19087b18::run@4
  0x000001ed087b21e4: 4f07 e9f3 

  0x000001ed087b21e8: ;   {runtime_call throw_null_pointer_exception Runtime1 stub}
  0x000001ed087b21e8: feff ffe8 

  0x000001ed087b21ec: ; ImmutableOopMap {rdx=Oop }
                      ;*invokeinterface run {reexecute=0 rethrow=0 return_oop=0}
                      ; - com.sun.javafx.application.PlatformImpl::lambda$runLater$10@1 (line 456)
                      ; - com.sun.javafx.application.PlatformImpl$$Lambda/0x000001ed19087b18::run@4
  0x000001ed087b21ec: 10ac 4f07 

  0x000001ed087b21f0: ;   {internal_word}
  0x000001ed087b21f0: 49ba 9b21 | 7b08 ed01 | 0000 4d89 | 9768 0400 

  0x000001ed087b2200: ;   {runtime_call SafepointBlob}
  0x000001ed087b2200: 00e9 7a32 | 4407 498b | 8700 0500 | 0049 c787 | 0005 0000 | 0000 0000 | 49c7 8708 | 0500 0000 
  0x000001ed087b2220: 0000 0048 | 83c4 305d 

  0x000001ed087b2228: ;   {runtime_call unwind_exception Runtime1 stub}
  0x000001ed087b2228: e9d3 9c4f | 07f4 f4f4 
[Stub Code]
  0x000001ed087b2230: ;   {no_reloc}
  0x000001ed087b2230: 0f1f 4400 

  0x000001ed087b2234: ;   {static_stub}
  0x000001ed087b2234: 0048 bb00 | 0000 0000 

  0x000001ed087b223c: ;   {runtime_call nmethod}
  0x000001ed087b223c: 0000 00e9 | fbff ffff 
[Exception Handler]
  0x000001ed087b2244: ;   {runtime_call handle_exception_from_callee Runtime1 stub}
  0x000001ed087b2244: e8b7 c94f 

  0x000001ed087b2248: ;   {external_word}
  0x000001ed087b2248: 0748 b9b0 | 1318 89fb | 7f00 0048 

  0x000001ed087b2254: ;   {runtime_call}
  0x000001ed087b2254: 83e4 f048 | b8a0 73da | 88fb 7f00 | 00ff d0f4 
[Deopt Handler Code]
  0x000001ed087b2264: ;   {section_word}
  0x000001ed087b2264: 49ba 6422 | 7b08 ed01 | 0000 4152 

  0x000001ed087b2270: ;   {runtime_call DeoptimizationBlob}
  0x000001ed087b2270: e9ab 2444 | 07f4 f4f4 
[/MachCode]


Compiled method (c1) 209420 6844   !   3       com.sun.javafx.application.PlatformImpl::lambda$runLater$11 (41 bytes)
 total in heap  [0x000001ed0882f610,0x000001ed088308f0] = 4832
 relocation     [0x000001ed0882f770,0x000001ed0882f8c0] = 336
 main code      [0x000001ed0882f8c0,0x000001ed08830360] = 2720
 stub code      [0x000001ed08830360,0x000001ed08830400] = 160
 oops           [0x000001ed08830400,0x000001ed08830410] = 16
 metadata       [0x000001ed08830410,0x000001ed08830468] = 88
 scopes data    [0x000001ed08830468,0x000001ed08830628] = 448
 scopes pcs     [0x000001ed08830628,0x000001ed088307e8] = 448
 dependencies   [0x000001ed088307e8,0x000001ed088307f0] = 8
 handler table  [0x000001ed088307f0,0x000001ed088308c8] = 216
 nul chk table  [0x000001ed088308c8,0x000001ed088308f0] = 40

[Constant Pool (empty)]

[MachCode]
[Verified Entry Point]
  # {method} {0x000001ed59417eb8} 'lambda$runLater$11' '(Ljava/lang/Runnable;Ljava/security/AccessControlContext;)V' in 'com/sun/javafx/application/PlatformImpl'
  # parm0:    rdx:rdx   = 'java/lang/Runnable'
  # parm1:    r8:r8     = 'java/security/AccessControlContext'
  #           [sp+0xd0]  (sp of caller)
  0x000001ed0882f8c0: 8984 2400 | 80ff ff55 | 4881 ecc0 | 0000 0090 | 4181 7f20 | d708 0000 

  0x000001ed0882f8d8: ;   {runtime_call StubRoutines (final stubs)}
  0x000001ed0882f8d8: 7405 e8c1 

  0x000001ed0882f8dc: ;   {metadata(method data for {method} {0x000001ed59417eb8} 'lambda$runLater$11' '(Ljava/lang/Runnable;Ljava/security/AccessControlContext;)V' in 'com/sun/javafx/application/PlatformImpl')}
  0x000001ed0882f8dc: 6b3a 0748 | be98 7725 | 5aed 0100 | 008b becc | 0000 0083 | c702 89be | cc00 0000 | 81e7 fe07 
  0x000001ed0882f8fc: 0000 85ff | 0f84 5b08 | 0000 4c89 | 8424 8000 

  0x000001ed0882f90c: ;   {metadata(method data for {method} {0x000001ed59417eb8} 'lambda$runLater$11' '(Ljava/lang/Runnable;Ljava/security/AccessControlContext;)V' in 'com/sun/javafx/application/PlatformImpl')}
  0x000001ed0882f90c: 0000 48be | 9877 255a | ed01 0000 | 488d b620 | 0100 0048 | 85d2 750e | f646 0801 | 7553 f048 
  0x000001ed0882f92c: 834e 0801 | eb4b 8b7a | 0849 ba00 | 0000 18ed | 0100 0049 | 03fa 4c8b | d748 337e | 0848 f7c7 
  0x000001ed0882f94c: fcff ffff | 742b 40f6 | c702 7525 | 48f7 4608 | feff ffff | 7417 498b | fa48 337e | 0848 f7c7 
  0x000001ed0882f96c: fcff ffff | 740b 4883 | 4e08 02eb | 0448 897e 

  0x000001ed0882f97c: ;   {metadata(method data for {method} {0x000001ed180adde0} 'linkToTargetMethod' '(Ljava/lang/Object;Ljava/lang/Object;)Ljava/lang/Object;' in 'java/lang/invoke/Invokers$Holder')}
  0x000001ed0882f97c: 0848 be20 | 5831 59ed | 0100 0048 | 8db6 0002 

  0x000001ed0882f98c: ;   {oop(a 'java/lang/invoke/DirectMethodHandle$Constructor'{0x0000000085af8ed8})}
  0x000001ed0882f98c: 0000 48bf | d88e af85 | 0000 0000 | 4885 ff75 | 0cf6 4610 | 0175 06f0 | 4883 4e10 

  0x000001ed0882f9a8: ;   {metadata(method data for {method} {0x000001ed59417eb8} 'lambda$runLater$11' '(Ljava/lang/Runnable;Ljava/security/AccessControlContext;)V' in 'com/sun/javafx/application/PlatformImpl')}
  0x000001ed0882f9a8: 0148 be98 | 7725 5aed | 0100 0048 | 8386 1001 

  0x000001ed0882f9b8: ;   {metadata(method data for {method} {0x000001ed180adde0} 'linkToTargetMethod' '(Ljava/lang/Object;Ljava/lang/Object;)Ljava/lang/Object;' in 'java/lang/invoke/Invokers$Holder')}
  0x000001ed0882f9b8: 0000 0148 | be20 5831 | 59ed 0100 | 008b 9ecc | 0000 0083 | c302 899e | cc00 0000 | 81e3 feff 
  0x000001ed0882f9d8: 1f00 85db | 0f84 a007 

  0x000001ed0882f9e0: ;   {metadata(method data for {method} {0x000001ed180b4000} 'newInvokeSpecial' '(Ljava/lang/Object;Ljava/lang/Object;)Ljava/lang/Object;' in 'java/lang/invoke/DirectMethodHandle$Holder')}
  0x000001ed0882f9e0: 0000 48be | d06c 3659 | ed01 0000 | 488d b640 | 0200 0048 | 85ff 750a | f606 0175 | 05f0 4883 
  0x000001ed0882fa00: ;   {metadata(method data for {method} {0x000001ed180adde0} 'linkToTargetMethod' '(Ljava/lang/Object;Ljava/lang/Object;)Ljava/lang/Object;' in 'java/lang/invoke/Invokers$Holder')}
  0x000001ed0882fa00: 0e01 48be | 2058 3159 | ed01 0000 | 4883 8648 | 0100 0001 

  0x000001ed0882fa14: ;   {metadata(method data for {method} {0x000001ed180b4000} 'newInvokeSpecial' '(Ljava/lang/Object;Ljava/lang/Object;)Ljava/lang/Object;' in 'java/lang/invoke/DirectMethodHandle$Holder')}
  0x000001ed0882fa14: 48be d06c | 3659 ed01 | 0000 8b9e | cc00 0000 | 83c3 0289 | 9ecc 0000 | 0081 e3fe | ff1f 0085 
  0x000001ed0882fa34: db0f 8468 

  0x000001ed0882fa38: ;   {metadata(method data for {method} {0x000001ed180b4000} 'newInvokeSpecial' '(Ljava/lang/Object;Ljava/lang/Object;)Ljava/lang/Object;' in 'java/lang/invoke/DirectMethodHandle$Holder')}
  0x000001ed0882fa38: 0700 0048 | bed0 6c36 | 59ed 0100 | 0048 8db6 | 2001 0000 | 4885 ff75 | 0cf6 4608 | 0175 06f0 
  0x000001ed0882fa58: 4883 4e08 

  0x000001ed0882fa5c: ;   {metadata(method data for {method} {0x000001ed180b4000} 'newInvokeSpecial' '(Ljava/lang/Object;Ljava/lang/Object;)Ljava/lang/Object;' in 'java/lang/invoke/DirectMethodHandle$Holder')}
  0x000001ed0882fa5c: 0148 bed0 | 6c36 59ed | 0100 0048 | 8386 1001 

  0x000001ed0882fa6c: ;   {metadata(method data for {method} {0x000001ed180a0b60} 'allocateInstance' '(Ljava/lang/Object;)Ljava/lang/Object;' in 'java/lang/invoke/DirectMethodHandle')}
  0x000001ed0882fa6c: 0000 0148 | be30 4410 | 59ed 0100 | 008b 9ecc | 0000 0083 | c302 899e | cc00 0000 | 81e3 feff 
  0x000001ed0882fa8c: 1f00 85db | 0f84 2e07 

  0x000001ed0882fa94: ;   {oop(a 'jdk/internal/misc/Unsafe'{0x0000000087c36c48})}
  0x000001ed0882fa94: 0000 48be | 486c c387 | 0000 0000 

  0x000001ed0882faa0: ;   {metadata(method data for {method} {0x000001ed180a0b60} 'allocateInstance' '(Ljava/lang/Object;)Ljava/lang/Object;' in 'java/lang/invoke/DirectMethodHandle')}
  0x000001ed0882faa0: 488b de48 | b830 4410 | 59ed 0100 | 0048 8380 | 4801 0000 

  0x000001ed0882fab4: ;   {oop(a 'java/lang/Class'{0x0000000085a89018} = 'com/sun/javafx/application/PlatformImpl$$Lambda+0x000001ed19087b18')}
  0x000001ed0882fab4: 0149 b818 | 90a8 8500 | 0000 0048 | 8954 2478 | 488b d648 | 897c 2470 

  0x000001ed0882facc: ;   {optimized virtual_call}
  0x000001ed0882facc: 6666 90e8 

  0x000001ed0882fad0: ; ImmutableOopMap {[112]=Oop [120]=Oop [128]=Oop }
                      ;*invokevirtual allocateInstance {reexecute=0 rethrow=0 return_oop=0}
                      ; - java.lang.invoke.DirectMethodHandle::allocateInstance@12 (line 501)
                      ; - java.lang.invoke.DirectMethodHandle$Holder::newInvokeSpecial@1
                      ; - java.lang.invoke.Invokers$Holder::linkToTargetMethod@5
                      ; - com.sun.javafx.application.PlatformImpl::lambda$runLater$11@1 (line 455)
  0x000001ed0882fad0: 8c94 9107 

  0x000001ed0882fad4: ;   {other}
  0x000001ed0882fad4: 0f1f 8400 | c404 0000 

  0x000001ed0882fadc: ;   {metadata(method data for {method} {0x000001ed180b4000} 'newInvokeSpecial' '(Ljava/lang/Object;Ljava/lang/Object;)Ljava/lang/Object;' in 'java/lang/invoke/DirectMethodHandle$Holder')}
  0x000001ed0882fadc: 48be d06c | 3659 ed01 | 0000 488d | b630 0100 | 0048 85c0 | 750a f606 | 0175 05f0 | 4883 0e01 
  0x000001ed0882fafc: ;   {metadata(method data for {method} {0x000001ed180b4000} 'newInvokeSpecial' '(Ljava/lang/Object;Ljava/lang/Object;)Ljava/lang/Object;' in 'java/lang/invoke/DirectMethodHandle$Holder')}
  0x000001ed0882fafc: 48be d06c | 3659 ed01 | 0000 488d | b650 0100 | 0048 8b7c | 2470 4885 | ff75 0cf6 | 4608 0175 
  0x000001ed0882fb1c: 06f0 4883 

  0x000001ed0882fb20: ;   {metadata(method data for {method} {0x000001ed180b4000} 'newInvokeSpecial' '(Ljava/lang/Object;Ljava/lang/Object;)Ljava/lang/Object;' in 'java/lang/invoke/DirectMethodHandle$Holder')}
  0x000001ed0882fb20: 4e08 0148 | bed0 6c36 | 59ed 0100 | 0048 8386 | 4001 0000 

  0x000001ed0882fb34: ;   {metadata(method data for {method} {0x000001ed180a1608} 'constructorMethod' '(Ljava/lang/Object;)Ljava/lang/Object;' in 'java/lang/invoke/DirectMethodHandle')}
  0x000001ed0882fb34: 0148 bef0 | 4510 59ed | 0100 008b | becc 0000 | 0083 c702 | 89be cc00 | 0000 81e7 | feff 1f00 
  0x000001ed0882fb54: 85ff 0f84 | 8906 0000 

  0x000001ed0882fb5c: ;   {metadata(method data for {method} {0x000001ed180b4000} 'newInvokeSpecial' '(Ljava/lang/Object;Ljava/lang/Object;)Ljava/lang/Object;' in 'java/lang/invoke/DirectMethodHandle$Holder')}
  0x000001ed0882fb5c: 48be d06c | 3659 ed01 | 0000 488d | b660 0100 

  0x000001ed0882fb6c: ;   {oop(a 'java/lang/invoke/MemberName'{0x0000000085af8f50} = {method} {0x000001ed595bd390} '<init>' '(Ljava/lang/Runnable;)V' in 'com/sun/javafx/application/PlatformImpl$$Lambda+0x000001ed19087b18')}
  0x000001ed0882fb6c: 0048 bf50 | 8faf 8500 | 0000 0048 | 85ff 750a | f606 0175 | 05f0 4883 | 0e01 483b | 0048 8bf0 
  0x000001ed0882fb8c: ;   {metadata(method data for {method} {0x000001ed180b4000} 'newInvokeSpecial' '(Ljava/lang/Object;Ljava/lang/Object;)Ljava/lang/Object;' in 'java/lang/invoke/DirectMethodHandle$Holder')}
  0x000001ed0882fb8c: 48bf d06c | 3659 ed01 | 0000 4883 | 87a8 0100 

  0x000001ed0882fb9c: ;   {metadata(method data for {method} {0x000001ed595bd390} '<init>' '(Ljava/lang/Runnable;)V' in 'com/sun/javafx/application/PlatformImpl$$Lambda+0x000001ed19087b18')}
  0x000001ed0882fb9c: 0001 48be | 107a 255a | ed01 0000 | 8bbe cc00 | 0000 83c7 | 0289 becc | 0000 0081 | e7fe ff1f 
  0x000001ed0882fbbc: 0085 ff0f | 8446 0600 | 0048 8bf0 

  0x000001ed0882fbc8: ;   {metadata(method data for {method} {0x000001ed595bd390} '<init>' '(Ljava/lang/Runnable;)V' in 'com/sun/javafx/application/PlatformImpl$$Lambda+0x000001ed19087b18')}
  0x000001ed0882fbc8: 48bf 107a | 255a ed01 | 0000 4883 | 8710 0100 

  0x000001ed0882fbd8: ;   {metadata(method data for {method} {0x000001ed18474990} '<init>' '()V' in 'java/lang/Object')}
  0x000001ed0882fbd8: 0001 48be | c067 0059 | ed01 0000 | 8bbe cc00 | 0000 83c7 | 0289 becc | 0000 0081 | e7fe ff1f 
  0x000001ed0882fbf8: 0085 ff0f | 842b 0600 | 0041 0fbe | 7740 85f6 | 0f85 3f06 | 0000 488b | 5424 784c | 8bd2 4489 
  0x000001ed0882fc18: 500c 488b | f048 33f2 | 48c1 ee14 | 4883 fe00 | 0f85 3a06 

  0x000001ed0882fc2c: ;   {metadata(method data for {method} {0x000001ed180adde0} 'linkToTargetMethod' '(Ljava/lang/Object;Ljava/lang/Object;)Ljava/lang/Object;' in 'java/lang/invoke/Invokers$Holder')}
  0x000001ed0882fc2c: 0000 48be | 2058 3159 | ed01 0000 | 488d b690 | 0100 0048 | 85c0 750a | f606 0175 | 05f0 4883 
  0x000001ed0882fc4c: ;   {metadata(method data for {method} {0x000001ed59417eb8} 'lambda$runLater$11' '(Ljava/lang/Runnable;Ljava/security/AccessControlContext;)V' in 'com/sun/javafx/application/PlatformImpl')}
  0x000001ed0882fc4c: 0e01 48be | 9877 255a | ed01 0000 | 488d b630 | 0100 0048 | 85c0 750c | f606 0175 | 4df0 4883 
  0x000001ed0882fc6c: 0e01 eb46 | 8b78 0849 | ba00 0000 | 18ed 0100 | 0049 03fa | 4c8b d748 | 333e 48f7 | c7fc ffff 
  0x000001ed0882fc8c: ff74 2740 | f6c7 0275 | 2148 f706 | feff ffff | 7415 498b | fa48 333e | 48f7 c7fc | ffff ff74 
  0x000001ed0882fcac: 0948 830e | 02eb 0348 

  0x000001ed0882fcb4: ;   {metadata(method data for {method} {0x000001ed59417eb8} 'lambda$runLater$11' '(Ljava/lang/Runnable;Ljava/security/AccessControlContext;)V' in 'com/sun/javafx/application/PlatformImpl')}
  0x000001ed0882fcb4: 893e 48be | 9877 255a | ed01 0000 | 4883 8640 | 0100 0001 

  0x000001ed0882fcc8: ;   {metadata(method data for {method} {0x000001ed184706e8} 'doPrivileged' '(Ljava/security/PrivilegedAction;Ljava/security/AccessControlContext;)Ljava/lang/Object;' in 'java/security/AccessController')}
  0x000001ed0882fcc8: 48be f0f7 | d359 ed01 | 0000 8bbe | cc00 0000 | 83c7 0289 | becc 0000 | 0081 e7fe | ff1f 0085 
  0x000001ed0882fce8: ff0f 8491 

  0x000001ed0882fcec: ;   {metadata(method data for {method} {0x000001ed184706e8} 'doPrivileged' '(Ljava/security/PrivilegedAction;Ljava/security/AccessControlContext;)Ljava/lang/Object;' in 'java/security/AccessController')}
  0x000001ed0882fcec: 0500 0048 | bef0 f7d3 | 59ed 0100 | 0048 8386 | 1001 0000 | 0148 8984 | 2488 0000 | 0066 0f1f 
  0x000001ed0882fd0c: ;   {static_call}
  0x000001ed0882fd0c: 4400 00e8 

  0x000001ed0882fd10: ; ImmutableOopMap {[128]=Oop [136]=Oop }
                      ;*invokestatic getCallerClass {reexecute=0 rethrow=0 return_oop=0}
                      ; - java.security.AccessController::doPrivileged@0 (line 398)
                      ; - com.sun.javafx.application.PlatformImpl::lambda$runLater$11@7 (line 455)
  0x000001ed0882fd10: cc7f 9407 

  0x000001ed0882fd14: ;   {other}
  0x000001ed0882fd14: 0f1f 8400 | 0407 0001 | 4889 8424 | 9000 0000 

  0x000001ed0882fd24: ;   {metadata(method data for {method} {0x000001ed184706e8} 'doPrivileged' '(Ljava/security/PrivilegedAction;Ljava/security/AccessControlContext;)Ljava/lang/Object;' in 'java/security/AccessController')}
  0x000001ed0882fd24: 48ba f0f7 | d359 ed01 | 0000 4883 | 8220 0100 | 0001 488b | 9424 8000 | 0000 4c8b | c066 0f1f 
  0x000001ed0882fd44: ;   {static_call}
  0x000001ed0882fd44: 4400 00e8 

  0x000001ed0882fd48: ; ImmutableOopMap {[136]=Oop [144]=Oop }
                      ;*invokestatic checkContext {reexecute=0 rethrow=0 return_oop=0}
                      ; - java.security.AccessController::doPrivileged@6 (line 399)
                      ; - com.sun.javafx.application.PlatformImpl::lambda$runLater$11@7 (line 455)
  0x000001ed0882fd48: b437 aa07 

  0x000001ed0882fd4c: ;   {other}
  0x000001ed0882fd4c: 0f1f 8400 | 3c07 0002 | 4889 8424 | 9800 0000 

  0x000001ed0882fd5c: ;   {metadata(method data for {method} {0x000001ed184706e8} 'doPrivileged' '(Ljava/security/PrivilegedAction;Ljava/security/AccessControlContext;)Ljava/lang/Object;' in 'java/security/AccessController')}
  0x000001ed0882fd5c: 48ba f0f7 | d359 ed01 | 0000 4883 | 8230 0100 

  0x000001ed0882fd6c: ;   {metadata(method data for {method} {0x000001ed18470970} 'executePrivileged' '(Ljava/security/PrivilegedAction;Ljava/security/AccessControlContext;Ljava/lang/Class;)Ljava/lang/Object;' in 'java/security/AccessController')}
  0x000001ed0882fd6c: 0001 48ba | 8039 0559 | ed01 0000 | 8bb2 cc00 | 0000 83c6 | 0289 b2cc | 0000 0081 | e6fe ff1f 
  0x000001ed0882fd8c: 0085 f60f | 840c 0500 | 0048 85c0 

  0x000001ed0882fd98: ;   {metadata(method data for {method} {0x000001ed18470970} 'executePrivileged' '(Ljava/security/PrivilegedAction;Ljava/security/AccessControlContext;Ljava/lang/Class;)Ljava/lang/Object;' in 'java/security/AccessController')}
  0x000001ed0882fd98: 48ba 8039 | 0559 ed01 | 0000 48c7 | c610 0100 | 0074 0748 | c7c6 2001 | 0000 488b | 3c32 488d 
  0x000001ed0882fdb8: 7f01 4889 | 3c32 0f84 | 2800 0000 

  0x000001ed0882fdc4: ;   {metadata(method data for {method} {0x000001ed18470970} 'executePrivileged' '(Ljava/security/PrivilegedAction;Ljava/security/AccessControlContext;Ljava/lang/Class;)Ljava/lang/Object;' in 'java/security/AccessController')}
  0x000001ed0882fdc4: 48ba 8039 | 0559 ed01 | 0000 4883 | 8230 0100 | 0001 488b | d066 0f1f 

  0x000001ed0882fddc: ;   {static_call}
  0x000001ed0882fddc: 4400 00e8 

  0x000001ed0882fde0: ; ImmutableOopMap {[136]=Oop [144]=Oop [152]=Oop }
                      ;*invokestatic ensureMaterializedForStackWalk {reexecute=0 rethrow=0 return_oop=0}
                      ; - java.security.AccessController::executePrivileged@5 (line 774)
                      ; - java.security.AccessController::doPrivileged@13 (line 400)
                      ; - com.sun.javafx.application.PlatformImpl::lambda$runLater$11@7 (line 455)
  0x000001ed0882fde0: fca7 9407 

  0x000001ed0882fde4: ;   {other}
  0x000001ed0882fde4: 0f1f 8400 | d407 0003 

  0x000001ed0882fdec: ;   {metadata(method data for {method} {0x000001ed18470970} 'executePrivileged' '(Ljava/security/PrivilegedAction;Ljava/security/AccessControlContext;Ljava/lang/Class;)Ljava/lang/Object;' in 'java/security/AccessController')}
  0x000001ed0882fdec: 48ba 8039 | 0559 ed01 | 0000 ff82 | 4001 0000 | 488b 8424 | 8800 0000 

  0x000001ed0882fe04: ; implicit exception: dispatches to 0x000001ed088302c2
  0x000001ed0882fe04: 483b 0048 

  0x000001ed0882fe08: ;   {metadata(method data for {method} {0x000001ed18470970} 'executePrivileged' '(Ljava/security/PrivilegedAction;Ljava/security/AccessControlContext;Ljava/lang/Class;)Ljava/lang/Object;' in 'java/security/AccessController')}
  0x000001ed0882fe08: 8bd0 48be | 8039 0559 | ed01 0000 | 8b52 0849 | ba00 0000 | 18ed 0100 | 0049 03d2 | 483b 96b0 
  0x000001ed0882fe28: 0100 0075 | 0d48 8386 | b801 0000 | 01e9 6000 | 0000 483b | 96c0 0100 | 0075 0d48 | 8386 c801 
  0x000001ed0882fe48: 0000 01e9 | 4a00 0000 | 4883 beb0 | 0100 0000 | 7517 4889 | 96b0 0100 | 0048 c786 | b801 0000 
  0x000001ed0882fe68: 0100 0000 | e929 0000 | 0048 83be | c001 0000 | 0075 1748 | 8996 c001 | 0000 48c7 | 86c8 0100 
  0x000001ed0882fe88: 0001 0000 | 00e9 0800 | 0000 4883 | 86a0 0100 | 0001 488b | d048 b818 | 7b08 19ed 

  0x000001ed0882fea4: ;   {virtual_call}
  0x000001ed0882fea4: 0100 00e8 

  0x000001ed0882fea8: ; ImmutableOopMap {[144]=Oop [152]=Oop }
                      ;*invokeinterface run {reexecute=0 rethrow=0 return_oop=0}
                      ; - java.security.AccessController::executePrivileged@29 (line 778)
                      ; - java.security.AccessController::doPrivileged@13 (line 400)
                      ; - com.sun.javafx.application.PlatformImpl::lambda$runLater$11@7 (line 455)
  0x000001ed0882fea8: 9421 f8ff 

  0x000001ed0882feac: ;   {other}
  0x000001ed0882feac: 0f1f 8400 | 9c08 0004 

  0x000001ed0882feb4: ;   {metadata(method data for {method} {0x000001ed18470970} 'executePrivileged' '(Ljava/security/PrivilegedAction;Ljava/security/AccessControlContext;Ljava/lang/Class;)Ljava/lang/Object;' in 'java/security/AccessController')}
  0x000001ed0882feb4: 48ba 8039 | 0559 ed01 | 0000 ff82 | d801 0000 

  0x000001ed0882fec4: ;   {metadata(method data for {method} {0x000001ed18470970} 'executePrivileged' '(Ljava/security/PrivilegedAction;Ljava/security/AccessControlContext;Ljava/lang/Class;)Ljava/lang/Object;' in 'java/security/AccessController')}
  0x000001ed0882fec4: 48ba 8039 | 0559 ed01 | 0000 4883 | 8238 0200 | 0001 488b | d048 8984 | 24a0 0000 | 0066 0f1f 
  0x000001ed0882fee4: ;   {static_call}
  0x000001ed0882fee4: 4400 00e8 

  0x000001ed0882fee8: ; ImmutableOopMap {[144]=Oop [152]=Oop [160]=Oop }
                      ;*invokestatic ensureMaterializedForStackWalk {reexecute=0 rethrow=0 return_oop=0}
                      ; - java.security.AccessController::executePrivileged@56 (line 786)
                      ; - java.security.AccessController::doPrivileged@13 (line 400)
                      ; - com.sun.javafx.application.PlatformImpl::lambda$runLater$11@7 (line 455)
  0x000001ed0882fee8: f4a6 9407 

  0x000001ed0882feec: ;   {other}
  0x000001ed0882feec: 0f1f 8400 | dc08 0005 

  0x000001ed0882fef4: ;   {metadata(method data for {method} {0x000001ed18470970} 'executePrivileged' '(Ljava/security/PrivilegedAction;Ljava/security/AccessControlContext;Ljava/lang/Class;)Ljava/lang/Object;' in 'java/security/AccessController')}
  0x000001ed0882fef4: 48ba 8039 | 0559 ed01 | 0000 4883 | 8248 0200 

  0x000001ed0882ff04: ;   {metadata(method data for {method} {0x000001ed1803dbd0} 'reachabilityFence' '(Ljava/lang/Object;)V' in 'java/lang/ref/Reference')}
  0x000001ed0882ff04: 0001 48ba | 383c 0559 | ed01 0000 | 8bb2 cc00 | 0000 83c6 | 0289 b2cc | 0000 0081 | e6fe ff1f 
  0x000001ed0882ff24: 0085 f60f | 849a 0300 

  0x000001ed0882ff2c: ;   {metadata(method data for {method} {0x000001ed18470970} 'executePrivileged' '(Ljava/security/PrivilegedAction;Ljava/security/AccessControlContext;Ljava/lang/Class;)Ljava/lang/Object;' in 'java/security/AccessController')}
  0x000001ed0882ff2c: 0048 ba80 | 3905 59ed | 0100 0048 | 8382 5802 

  0x000001ed0882ff3c: ;   {metadata(method data for {method} {0x000001ed1803dbd0} 'reachabilityFence' '(Ljava/lang/Object;)V' in 'java/lang/ref/Reference')}
  0x000001ed0882ff3c: 0000 0148 | ba38 3c05 | 59ed 0100 | 008b b2cc | 0000 0083 | c602 89b2 | cc00 0000 | 81e6 feff 
  0x000001ed0882ff5c: 1f00 85f6 | 0f84 8203 | 0000 488b | 8424 a000 | 0000 4885 

  0x000001ed0882ff70: ;   {metadata(method data for {method} {0x000001ed59417eb8} 'lambda$runLater$11' '(Ljava/lang/Runnable;Ljava/security/AccessControlContext;)V' in 'com/sun/javafx/application/PlatformImpl')}
  0x000001ed0882ff70: c075 1648 | bf98 7725 | 5aed 0100 | 0080 8f49 | 0100 0001 | e9cc 0000 

  0x000001ed0882ff88: ;   {metadata('java/lang/Void')}
  0x000001ed0882ff88: 0048 bb28 | d208 18ed | 0100 008b | 7008 49ba | 0000 0018 | ed01 0000 | 4903 f248 | 3bde 0f85 
  0x000001ed0882ffa8: 8d00 0000 

  0x000001ed0882ffac: ;   {metadata(method data for {method} {0x000001ed59417eb8} 'lambda$runLater$11' '(Ljava/lang/Runnable;Ljava/security/AccessControlContext;)V' in 'com/sun/javafx/application/PlatformImpl')}
  0x000001ed0882ffac: 48bf 9877 | 255a ed01 | 0000 8b58 | 0849 ba00 | 0000 18ed | 0100 0049 | 03da 483b | 9f60 0100 
  0x000001ed0882ffcc: 0075 0d48 | 8387 6801 | 0000 01e9 | 7900 0000 | 483b 9f70 | 0100 0075 | 0d48 8387 | 7801 0000 
  0x000001ed0882ffec: 01e9 6300 | 0000 4883 | bf60 0100 | 0000 7517 | 4889 9f60 | 0100 0048 | c787 6801 | 0000 0100 
  0x000001ed0883000c: 0000 e942 | 0000 0048 | 83bf 7001 | 0000 0075 | 1748 899f | 7001 0000 | 48c7 8778 | 0100 0001 
  0x000001ed0883002c: 0000 00e9 | 2100 0000 | e91c 0000 

  0x000001ed08830038: ;   {metadata(method data for {method} {0x000001ed59417eb8} 'lambda$runLater$11' '(Ljava/lang/Runnable;Ljava/security/AccessControlContext;)V' in 'com/sun/javafx/application/PlatformImpl')}
  0x000001ed08830038: 0048 bf98 | 7725 5aed | 0100 0048 | 83af 5001 | 0000 01e9 | b902 0000 | e900 0000 | 0048 8bd0 
  0x000001ed08830058: ;   {oop(a 'java/lang/Class'{0x0000000087c57f08} = 'com/sun/javafx/application/PlatformImpl')}
  0x000001ed08830058: 48ba 087f | c587 0000 | 0000 8b92 | 8800 0000 

  0x000001ed08830068: ; implicit exception: dispatches to 0x000001ed08830312
  0x000001ed08830068: 483b 0248 

  0x000001ed0883006c: ;   {metadata(method data for {method} {0x000001ed59417eb8} 'lambda$runLater$11' '(Ljava/lang/Runnable;Ljava/security/AccessControlContext;)V' in 'com/sun/javafx/application/PlatformImpl')}
  0x000001ed0883006c: 8bf2 48bf | 9877 255a | ed01 0000 | 4883 8788 | 0100 0001 | 0f1f 8000 

  0x000001ed08830084: ;   {optimized virtual_call}
  0x000001ed08830084: 0000 00e8 

  0x000001ed08830088: ; ImmutableOopMap {}
                      ;*invokevirtual decrementAndGet {reexecute=0 rethrow=0 return_oop=0}
                      ; - com.sun.javafx.application.PlatformImpl::lambda$runLater$11@17 (line 460)
  0x000001ed08830088: 344d ac00 

  0x000001ed0883008c: ;   {other}
  0x000001ed0883008c: 0f1f 8400 | 7c0a 0006 

  0x000001ed08830094: ;   {metadata(method data for {method} {0x000001ed59417eb8} 'lambda$runLater$11' '(Ljava/lang/Runnable;Ljava/security/AccessControlContext;)V' in 'com/sun/javafx/application/PlatformImpl')}
  0x000001ed08830094: 48be 9877 | 255a ed01 | 0000 4883 | 86c0 0100 

  0x000001ed088300a4: ;   {static_call}
  0x000001ed088300a4: 0001 90e8 

  0x000001ed088300a8: ; ImmutableOopMap {}
                      ;*invokestatic checkIdle {reexecute=0 rethrow=0 return_oop=0}
                      ; - com.sun.javafx.application.PlatformImpl::lambda$runLater$11@21 (line 461)
  0x000001ed088300a8: 7469 ab00 

  0x000001ed088300ac: ;   {other}
  0x000001ed088300ac: 0f1f 8400 | 9c0a 0007 

  0x000001ed088300b4: ;   {metadata(method data for {method} {0x000001ed59417eb8} 'lambda$runLater$11' '(Ljava/lang/Runnable;Ljava/security/AccessControlContext;)V' in 'com/sun/javafx/application/PlatformImpl')}
  0x000001ed088300b4: 48b8 9877 | 255a ed01 | 0000 ff80 | d001 0000 | 4881 c4c0 | 0000 005d 

  0x000001ed088300cc: ;   {poll_return}
  0x000001ed088300cc: 493b a750 | 0400 000f | 873e 0200 | 00c3 498b | 8700 0500 | 004d 33d2 | 4d89 9700 | 0500 004d 
  0x000001ed088300ec: 33d2 4d89 | 9708 0500 

  0x000001ed088300f4: ;   {oop(a 'java/lang/Class'{0x0000000087c57f08} = 'com/sun/javafx/application/PlatformImpl')}
  0x000001ed088300f4: 0048 ba08 | 7fc5 8700 | 0000 008b | 9288 0000 | 0048 3b02 

  0x000001ed08830108: ;   {metadata(method data for {method} {0x000001ed59417eb8} 'lambda$runLater$11' '(Ljava/lang/Runnable;Ljava/security/AccessControlContext;)V' in 'com/sun/javafx/application/PlatformImpl')}
  0x000001ed08830108: 488b f248 | bf98 7725 | 5aed 0100 | 0048 8387 | e801 0000 | 0148 8984 | 24a8 0000 

  0x000001ed08830124: ;   {optimized virtual_call}
  0x000001ed08830124: 0066 90e8 

  0x000001ed08830128: ; ImmutableOopMap {[168]=Oop }
                      ;*invokevirtual decrementAndGet {reexecute=0 rethrow=0 return_oop=0}
                      ; - com.sun.javafx.application.PlatformImpl::lambda$runLater$11@31 (line 460)
  0x000001ed08830128: 944c ac00 

  0x000001ed0883012c: ;   {other}
  0x000001ed0883012c: 0f1f 8400 | 1c0b 0008 

  0x000001ed08830134: ;   {metadata(method data for {method} {0x000001ed59417eb8} 'lambda$runLater$11' '(Ljava/lang/Runnable;Ljava/security/AccessControlContext;)V' in 'com/sun/javafx/application/PlatformImpl')}
  0x000001ed08830134: 48be 9877 | 255a ed01 | 0000 4883 | 8620 0200 

  0x000001ed08830144: ;   {static_call}
  0x000001ed08830144: 0001 90e8 

  0x000001ed08830148: ; ImmutableOopMap {[168]=Oop }
                      ;*invokestatic checkIdle {reexecute=0 rethrow=0 return_oop=0}
                      ; - com.sun.javafx.application.PlatformImpl::lambda$runLater$11@35 (line 461)
  0x000001ed08830148: d468 ab00 

  0x000001ed0883014c: ;   {other}
  0x000001ed0883014c: 0f1f 8400 | 3c0b 0009 | 488b 8424 | a800 0000 | e9ee 0100 

  0x000001ed08830160: ;   {metadata({method} {0x000001ed59417eb8} 'lambda$runLater$11' '(Ljava/lang/Runnable;Ljava/security/AccessControlContext;)V' in 'com/sun/javafx/application/PlatformImpl')}
  0x000001ed08830160: 0049 bab0 | 7e41 59ed | 0100 004c | 8954 2408 | 48c7 0424 | ffff ffff 

  0x000001ed08830178: ;   {runtime_call counter_overflow Runtime1 stub}
  0x000001ed08830178: e883 1d48 

  0x000001ed0883017c: ; ImmutableOopMap {rdx=Oop r8=Oop }
                      ;*synchronization entry
                      ; - com.sun.javafx.application.PlatformImpl::lambda$runLater$11@-1 (line 455)
  0x000001ed0883017c: 07e9 84f7 

  0x000001ed08830180: ;   {metadata({method} {0x000001ed180adde0} 'linkToTargetMethod' '(Ljava/lang/Object;Ljava/lang/Object;)Ljava/lang/Object;' in 'java/lang/invoke/Invokers$Holder')}
  0x000001ed08830180: ffff 49ba | d8dd 0a18 | ed01 0000 | 4c89 5424 | 0848 c704 | 24ff ffff 

  0x000001ed08830198: ;   {runtime_call counter_overflow Runtime1 stub}
  0x000001ed08830198: ffe8 621d 

  0x000001ed0883019c: ; ImmutableOopMap {rdx=Oop rdi=Oop [128]=Oop }
                      ;*synchronization entry
                      ; - java.lang.invoke.Invokers$Holder::linkToTargetMethod@-1
                      ; - com.sun.javafx.application.PlatformImpl::lambda$runLater$11@1 (line 455)
  0x000001ed0883019c: 4807 e93f 

  0x000001ed088301a0: ;   {metadata({method} {0x000001ed180b4000} 'newInvokeSpecial' '(Ljava/lang/Object;Ljava/lang/Object;)Ljava/lang/Object;' in 'java/lang/invoke/DirectMethodHandle$Holder')}
  0x000001ed088301a0: f8ff ff49 | baf8 3f0b | 18ed 0100 | 004c 8954 | 2408 48c7 | 0424 ffff 

  0x000001ed088301b8: ;   {runtime_call counter_overflow Runtime1 stub}
  0x000001ed088301b8: ffff e841 

  0x000001ed088301bc: ; ImmutableOopMap {rdx=Oop rdi=Oop [128]=Oop }
                      ;*synchronization entry
                      ; - java.lang.invoke.DirectMethodHandle$Holder::newInvokeSpecial@-1
                      ; - java.lang.invoke.Invokers$Holder::linkToTargetMethod@5
                      ; - com.sun.javafx.application.PlatformImpl::lambda$runLater$11@1 (line 455)
  0x000001ed088301bc: 1d48 07e9 | 77f8 ffff 

  0x000001ed088301c4: ;   {metadata({method} {0x000001ed180a0b60} 'allocateInstance' '(Ljava/lang/Object;)Ljava/lang/Object;' in 'java/lang/invoke/DirectMethodHandle')}
  0x000001ed088301c4: 49ba 580b | 0a18 ed01 | 0000 4c89 | 5424 0848 | c704 24ff 

  0x000001ed088301d8: ;   {runtime_call counter_overflow Runtime1 stub}
  0x000001ed088301d8: ffff ffe8 

  0x000001ed088301dc: ; ImmutableOopMap {rdx=Oop rdi=Oop [128]=Oop }
                      ;*synchronization entry
                      ; - java.lang.invoke.DirectMethodHandle::allocateInstance@-1 (line 500)
                      ; - java.lang.invoke.DirectMethodHandle$Holder::newInvokeSpecial@1
                      ; - java.lang.invoke.Invokers$Holder::linkToTargetMethod@5
                      ; - com.sun.javafx.application.PlatformImpl::lambda$runLater$11@1 (line 455)
  0x000001ed088301dc: 201d 4807 | e9b1 f8ff 

  0x000001ed088301e4: ;   {metadata({method} {0x000001ed180a1608} 'constructorMethod' '(Ljava/lang/Object;)Ljava/lang/Object;' in 'java/lang/invoke/DirectMethodHandle')}
  0x000001ed088301e4: ff49 ba00 | 160a 18ed | 0100 004c | 8954 2408 | 48c7 0424 | ffff ffff 

  0x000001ed088301fc: ;   {runtime_call counter_overflow Runtime1 stub}
  0x000001ed088301fc: e8ff 1c48 

  0x000001ed08830200: ; ImmutableOopMap {rax=Oop [120]=Oop [128]=Oop }
                      ;*synchronization entry
                      ; - java.lang.invoke.DirectMethodHandle::constructorMethod@-1 (line 494)
                      ; - java.lang.invoke.DirectMethodHandle$Holder::newInvokeSpecial@6
                      ; - java.lang.invoke.Invokers$Holder::linkToTargetMethod@5
                      ; - com.sun.javafx.application.PlatformImpl::lambda$runLater$11@1 (line 455)
  0x000001ed08830200: 07e9 56f9 

  0x000001ed08830204: ;   {runtime_call throw_null_pointer_exception Runtime1 stub}
  0x000001ed08830204: ffff e8f5 

  0x000001ed08830208: ; ImmutableOopMap {rax=Oop [120]=Oop [128]=Oop }
                      ;*invokestatic linkToSpecial {reexecute=0 rethrow=0 return_oop=0}
                      ; - java.lang.invoke.DirectMethodHandle$Holder::newInvokeSpecial@16
                      ; - java.lang.invoke.Invokers$Holder::linkToTargetMethod@5
                      ; - com.sun.javafx.application.PlatformImpl::lambda$runLater$11@1 (line 455)
                      ;   {metadata({method} {0x000001ed595bd390} '<init>' '(Ljava/lang/Runnable;)V' in 'com/sun/javafx/application/PlatformImpl$$Lambda+0x000001ed19087b18')}
  0x000001ed08830208: cb47 0749 | ba88 d35b | 59ed 0100 | 004c 8954 | 2408 48c7 | 0424 ffff 

  0x000001ed08830220: ;   {runtime_call counter_overflow Runtime1 stub}
  0x000001ed08830220: ffff e8d9 

  0x000001ed08830224: ; ImmutableOopMap {rax=Oop [120]=Oop [128]=Oop }
                      ;*synchronization entry
                      ; - com.sun.javafx.application.PlatformImpl$$Lambda/0x000001ed19087b18::<init>@-1
                      ; - java.lang.invoke.DirectMethodHandle$Holder::newInvokeSpecial@16
                      ; - java.lang.invoke.Invokers$Holder::linkToTargetMethod@5
                      ; - com.sun.javafx.application.PlatformImpl::lambda$runLater$11@1 (line 455)
  0x000001ed08830224: 1c48 07e9 | 99f9 ffff 

  0x000001ed0883022c: ;   {metadata({method} {0x000001ed18474990} '<init>' '()V' in 'java/lang/Object')}
  0x000001ed0883022c: 49ba 8849 | 4718 ed01 | 0000 4c89 | 5424 0848 | c704 24ff 

  0x000001ed08830240: ;   {runtime_call counter_overflow Runtime1 stub}
  0x000001ed08830240: ffff ffe8 

  0x000001ed08830244: ; ImmutableOopMap {rax=Oop [120]=Oop [128]=Oop }
                      ;*synchronization entry
                      ; - java.lang.Object::<init>@-1 (line 45)
                      ; - com.sun.javafx.application.PlatformImpl$$Lambda/0x000001ed19087b18::<init>@1
                      ; - java.lang.invoke.DirectMethodHandle$Holder::newInvokeSpecial@16
                      ; - java.lang.invoke.Invokers$Holder::linkToTargetMethod@5
                      ; - com.sun.javafx.application.PlatformImpl::lambda$runLater$11@1 (line 455)
  0x000001ed08830244: b81c 4807 | e9b4 f9ff | ff8b 700c | 4883 fe00 | 0f84 b4f9 | ffff 4889 

  0x000001ed0883025c: ;   {runtime_call g1_pre_barrier_slow}
  0x000001ed0883025c: 3424 e89d | 2248 07e9 | a6f9 ffff | 4883 fa00 | 0f84 bcf9 | ffff 4889 

  0x000001ed08830274: ;   {runtime_call g1_post_barrier_slow}
  0x000001ed08830274: 0424 e885 | 2548 07e9 | aef9 ffff 

  0x000001ed08830280: ;   {metadata({method} {0x000001ed184706e8} 'doPrivileged' '(Ljava/security/PrivilegedAction;Ljava/security/AccessControlContext;)Ljava/lang/Object;' in 'java/security/AccessController')}
  0x000001ed08830280: 49ba e006 | 4718 ed01 | 0000 4c89 | 5424 0848 | c704 24ff 

  0x000001ed08830294: ;   {runtime_call counter_overflow Runtime1 stub}
  0x000001ed08830294: ffff ffe8 

  0x000001ed08830298: ; ImmutableOopMap {rax=Oop [128]=Oop }
                      ;*synchronization entry
                      ; - java.security.AccessController::doPrivileged@-1 (line 398)
                      ; - com.sun.javafx.application.PlatformImpl::lambda$runLater$11@7 (line 455)
  0x000001ed08830298: 641c 4807 | e94e faff 

  0x000001ed088302a0: ;   {metadata({method} {0x000001ed18470970} 'executePrivileged' '(Ljava/security/PrivilegedAction;Ljava/security/AccessControlContext;Ljava/lang/Class;)Ljava/lang/Object;' in 'java/security/AccessController')}
  0x000001ed088302a0: ff49 ba68 | 0947 18ed | 0100 004c | 8954 2408 | 48c7 0424 | ffff ffff 

  0x000001ed088302b8: ;   {runtime_call counter_overflow Runtime1 stub}
  0x000001ed088302b8: e843 1c48 

  0x000001ed088302bc: ; ImmutableOopMap {rax=Oop [136]=Oop [144]=Oop [152]=Oop }
                      ;*synchronization entry
                      ; - java.security.AccessController::executePrivileged@-1 (line 773)
                      ; - java.security.AccessController::doPrivileged@13 (line 400)
                      ; - com.sun.javafx.application.PlatformImpl::lambda$runLater$11@7 (line 455)
  0x000001ed088302bc: 07e9 d3fa 

  0x000001ed088302c0: ;   {runtime_call throw_null_pointer_exception Runtime1 stub}
  0x000001ed088302c0: ffff e839 

  0x000001ed088302c4: ; ImmutableOopMap {rax=Oop [144]=Oop [152]=Oop }
                      ;*invokeinterface run {reexecute=0 rethrow=0 return_oop=0}
                      ; - java.security.AccessController::executePrivileged@29 (line 778)
                      ; - java.security.AccessController::doPrivileged@13 (line 400)
                      ; - com.sun.javafx.application.PlatformImpl::lambda$runLater$11@7 (line 455)
                      ;   {metadata({method} {0x000001ed1803dbd0} 'reachabilityFence' '(Ljava/lang/Object;)V' in 'java/lang/ref/Reference')}
  0x000001ed088302c4: cb47 0749 | bac8 db03 | 18ed 0100 | 004c 8954 | 2408 48c7 | 0424 ffff 

  0x000001ed088302dc: ;   {runtime_call counter_overflow Runtime1 stub}
  0x000001ed088302dc: ffff e81d 

  0x000001ed088302e0: ; ImmutableOopMap {[144]=Oop [160]=Oop }
                      ;*synchronization entry
                      ; - java.lang.ref.Reference::reachabilityFence@-1 (line 628)
                      ; - java.security.AccessController::executePrivileged@60 (line 790)
                      ; - java.security.AccessController::doPrivileged@13 (line 400)
                      ; - com.sun.javafx.application.PlatformImpl::lambda$runLater$11@7 (line 455)
  0x000001ed088302e0: 1c48 07e9 | 45fc ffff 

  0x000001ed088302e8: ;   {metadata({method} {0x000001ed1803dbd0} 'reachabilityFence' '(Ljava/lang/Object;)V' in 'java/lang/ref/Reference')}
  0x000001ed088302e8: 49ba c8db | 0318 ed01 | 0000 4c89 | 5424 0848 | c704 24ff 

  0x000001ed088302fc: ;   {runtime_call counter_overflow Runtime1 stub}
  0x000001ed088302fc: ffff ffe8 

  0x000001ed08830300: ; ImmutableOopMap {[160]=Oop }
                      ;*synchronization entry
                      ; - java.lang.ref.Reference::reachabilityFence@-1 (line 628)
                      ; - java.security.AccessController::executePrivileged@64 (line 791)
                      ; - java.security.AccessController::doPrivileged@13 (line 400)
                      ; - com.sun.javafx.application.PlatformImpl::lambda$runLater$11@7 (line 455)
  0x000001ed08830300: fc1b 4807 | e95d fcff | ff48 8904 

  0x000001ed0883030c: ;   {runtime_call throw_class_cast_exception Runtime1 stub}
  0x000001ed0883030c: 24e8 eeee 

  0x000001ed08830310: ; ImmutableOopMap {}
                      ;*checkcast {reexecute=0 rethrow=0 return_oop=0}
                      ; - com.sun.javafx.application.PlatformImpl::lambda$runLater$11@10 (line 455)
                      ;   {runtime_call throw_null_pointer_exception Runtime1 stub}
  0x000001ed08830310: 4707 e8e9 

  0x000001ed08830314: ; ImmutableOopMap {rdx=Oop }
                      ;*invokevirtual decrementAndGet {reexecute=0 rethrow=0 return_oop=0}
                      ; - com.sun.javafx.application.PlatformImpl::lambda$runLater$11@17 (line 460)
                      ;   {internal_word}
  0x000001ed08830314: ca47 0749 | bacc 0083 | 08ed 0100 | 004d 8997 | 6804 0000 

  0x000001ed08830328: ;   {runtime_call SafepointBlob}
  0x000001ed08830328: e953 513c 

  0x000001ed0883032c: ;   {runtime_call throw_null_pointer_exception Runtime1 stub}
  0x000001ed0883032c: 07e8 ceca 

  0x000001ed08830330: ; ImmutableOopMap {rax=Oop rdx=Oop }
                      ;*invokevirtual decrementAndGet {reexecute=0 rethrow=0 return_oop=0}
                      ; - com.sun.javafx.application.PlatformImpl::lambda$runLater$11@31 (line 460)
  0x000001ed08830330: 4707 498b | 8700 0500 | 0049 c787 | 0005 0000 | 0000 0000 | 49c7 8708 | 0500 0000 | 0000 0048 
  0x000001ed08830350: 81c4 c000 

  0x000001ed08830354: ;   {runtime_call unwind_exception Runtime1 stub}
  0x000001ed08830354: 0000 5de9 | a4bb 4707 | f4f4 f4f4 
[Stub Code]
  0x000001ed08830360: ;   {no_reloc}
  0x000001ed08830360: 0f1f 4400 

  0x000001ed08830364: ;   {static_stub}
  0x000001ed08830364: 0048 bb00 | 0000 0000 

  0x000001ed0883036c: ;   {runtime_call nmethod}
  0x000001ed0883036c: 0000 00e9 | fbff ffff 

  0x000001ed08830374: ;   {static_stub}
  0x000001ed08830374: 48bb 0000 | 0000 0000 

  0x000001ed0883037c: ;   {runtime_call nmethod}
  0x000001ed0883037c: 0000 e9fb 

  0x000001ed08830380: ;   {static_stub}
  0x000001ed08830380: ffff ff48 | bb00 0000 | 0000 0000 

  0x000001ed0883038c: ;   {runtime_call nmethod}
  0x000001ed0883038c: 00e9 fbff 

  0x000001ed08830390: ;   {static_stub}
  0x000001ed08830390: ffff 48bb | 0000 0000 | 0000 0000 

  0x000001ed0883039c: ;   {runtime_call nmethod}
  0x000001ed0883039c: e9fb ffff 

  0x000001ed088303a0: ;   {static_stub}
  0x000001ed088303a0: ff48 bb00 | 0000 0000 

  0x000001ed088303a8: ;   {runtime_call nmethod}
  0x000001ed088303a8: 0000 00e9 | fbff ffff 

  0x000001ed088303b0: ;   {static_stub}
  0x000001ed088303b0: 48bb 0000 | 0000 0000 

  0x000001ed088303b8: ;   {runtime_call nmethod}
  0x000001ed088303b8: 0000 e9fb 

  0x000001ed088303bc: ;   {static_stub}
  0x000001ed088303bc: ffff ff48 | bb00 0000 | 0000 0000 

  0x000001ed088303c8: ;   {runtime_call nmethod}
  0x000001ed088303c8: 00e9 fbff 

  0x000001ed088303cc: ;   {runtime_call handle_exception_from_callee Runtime1 stub}
  0x000001ed088303cc: ffff e82d 

  0x000001ed088303d0: ;   {external_word}
  0x000001ed088303d0: e847 0748 | b9b0 1318 | 89fb 7f00 | 0048 83e4 

  0x000001ed088303e0: ;   {runtime_call}
  0x000001ed088303e0: f048 b8a0 | 73da 88fb | 7f00 00ff 

  0x000001ed088303ec: ;   {section_word}
  0x000001ed088303ec: d0f4 49ba | ee03 8308 | ed01 0000 

  0x000001ed088303f8: ;   {runtime_call DeoptimizationBlob}
  0x000001ed088303f8: 4152 e921 | 433c 07f4 
[/MachCode]


Compiled method (c1) 209435 6843       3       com.sun.javafx.application.PlatformImpl$$Lambda/0x000001ed19086880::run (12 bytes)
 total in heap  [0x000001ed08703f10,0x000001ed08704278] = 872
 relocation     [0x000001ed08704070,0x000001ed087040b0] = 64
 main code      [0x000001ed087040c0,0x000001ed087041c8] = 264
 stub code      [0x000001ed087041c8,0x000001ed08704208] = 64
 oops           [0x000001ed08704208,0x000001ed08704210] = 8
 metadata       [0x000001ed08704210,0x000001ed08704218] = 8
 scopes data    [0x000001ed08704218,0x000001ed08704230] = 24
 scopes pcs     [0x000001ed08704230,0x000001ed08704270] = 64
 dependencies   [0x000001ed08704270,0x000001ed08704278] = 8

[Constant Pool (empty)]

[MachCode]
[Entry Point]
  # {method} {0x000001ed595bb5e0} 'run' '()V' in 'com/sun/javafx/application/PlatformImpl$$Lambda+0x000001ed19086880'
  #           [sp+0x30]  (sp of caller)
  0x000001ed087040c0: 448b 5208 | 49bb 0000 | 0018 ed01 | 0000 4d03 | d34c 3bd0 

  0x000001ed087040d4: ;   {runtime_call ic_miss_stub}
  0x000001ed087040d4: 0f85 a6a6 | 4e07 660f | 1f44 0000 
[Verified Entry Point]
  0x000001ed087040e0: 8984 2400 | 80ff ff55 | 4883 ec20 | 4181 7f20 | d708 0000 

  0x000001ed087040f4: ;   {runtime_call StubRoutines (final stubs)}
  0x000001ed087040f4: 7405 e8a5 

  0x000001ed087040f8: ;   {metadata(method data for {method} {0x000001ed595bb5e0} 'run' '()V' in 'com/sun/javafx/application/PlatformImpl$$Lambda+0x000001ed19086880')}
  0x000001ed087040f8: 234d 0749 | b838 7625 | 5aed 0100 | 0041 8bb0 | cc00 0000 | 83c6 0241 | 89b0 cc00 | 0000 81e6 
  0x000001ed08704118: fe07 0000 | 85f6 0f84 | 4300 0000 | 448b 420c 

  0x000001ed08704128: ;   {metadata(method data for {method} {0x000001ed595bb5e0} 'run' '()V' in 'com/sun/javafx/application/PlatformImpl$$Lambda+0x000001ed19086880')}
  0x000001ed08704128: 8b72 1048 | ba38 7625 | 5aed 0100 | 0048 8382 | 1001 0000 | 0149 8bd0 | 4c8b c60f 

  0x000001ed08704144: ;   {static_call}
  0x000001ed08704144: 1f40 00e8 

  0x000001ed08704148: ; ImmutableOopMap {}
                      ;*invokestatic lambda$runLater$11 {reexecute=0 rethrow=0 return_oop=0}
                      ; - com.sun.javafx.application.PlatformImpl$$Lambda/0x000001ed19086880::run@8
  0x000001ed08704148: 74b7 1200 

  0x000001ed0870414c: ;   {other}
  0x000001ed0870414c: 0f1f 8400 | 3c02 0000 | 4883 c420 

  0x000001ed08704158: ;   {poll_return}
  0x000001ed08704158: 5d49 3ba7 | 5004 0000 | 0f87 1f00 

  0x000001ed08704164: ;   {metadata({method} {0x000001ed595bb5e0} 'run' '()V' in 'com/sun/javafx/application/PlatformImpl$$Lambda+0x000001ed19086880')}
  0x000001ed08704164: 0000 c349 | bad8 b55b | 59ed 0100 | 004c 8954 | 2408 48c7 | 0424 ffff 

  0x000001ed0870417c: ;   {runtime_call counter_overflow Runtime1 stub}
  0x000001ed0870417c: ffff e87d 

  0x000001ed08704180: ; ImmutableOopMap {rdx=Oop }
                      ;*synchronization entry
                      ; - com.sun.javafx.application.PlatformImpl$$Lambda/0x000001ed19086880::run@-1
  0x000001ed08704180: dd5a 07eb 

  0x000001ed08704184: ;   {internal_word}
  0x000001ed08704184: 9f49 ba59 | 4170 08ed | 0100 004d | 8997 6804 

  0x000001ed08704194: ;   {runtime_call SafepointBlob}
  0x000001ed08704194: 0000 e9e5 | 124f 0749 | 8b87 0005 | 0000 49c7 | 8700 0500 | 0000 0000 | 0049 c787 | 0805 0000 
  0x000001ed087041b4: 0000 0000 | 4883 c420 

  0x000001ed087041bc: ;   {runtime_call unwind_exception Runtime1 stub}
  0x000001ed087041bc: 5de9 3e7d | 5a07 f4f4 | f4f4 f4f4 
[Stub Code]
  0x000001ed087041c8: ;   {no_reloc}
  0x000001ed087041c8: 48bb 0000 | 0000 0000 

  0x000001ed087041d0: ;   {runtime_call nmethod}
  0x000001ed087041d0: 0000 e9fb 

  0x000001ed087041d4: ;   {runtime_call handle_exception_from_callee Runtime1 stub}
  0x000001ed087041d4: ffff ffe8 | 24aa 5a07 

  0x000001ed087041dc: ;   {external_word}
  0x000001ed087041dc: 48b9 b013 | 1889 fb7f | 0000 4883 

  0x000001ed087041e8: ;   {runtime_call}
  0x000001ed087041e8: e4f0 48b8 | a073 da88 | fb7f 0000 

  0x000001ed087041f4: ;   {section_word}
  0x000001ed087041f4: ffd0 f449 | baf7 4170 | 08ed 0100 

  0x000001ed08704200: ;   {runtime_call DeoptimizationBlob}
  0x000001ed08704200: 0041 52e9 | 1805 4f07 
[/MachCode]


---------------  P R O C E S S  ---------------

Threads class SMR info:
_java_thread_list=0x000001ed68c16b20, length=17, elements={
0x000001ed781b4d70, 0x000001ed7fe9dca0, 0x000001ed7fea2710, 0x000001ed7fea5180,
0x000001ed7fea5be0, 0x000001ed7fea6640, 0x000001ed7fea90b0, 0x000001ed7feabe50,
0x000001ed7feaca20, 0x000001ed1775db50, 0x000001ed1785adc0, 0x000001ed5d521010,
0x000001ed5d5ef230, 0x000001ed5d7a0250, 0x000001ed5d77efc0, 0x000001ed66c91e70,
0x000001ed66c94c60
}

Java Threads: ( => current thread )
  0x000001ed781b4d70 JavaThread "main"                              [_thread_blocked, id=27732, stack(0x000000ad27400000,0x000000ad27500000) (1024K)]
  0x000001ed7fe9dca0 JavaThread "Reference Handler"          daemon [_thread_blocked, id=28580, stack(0x000000ad27c00000,0x000000ad27d00000) (1024K)]
  0x000001ed7fea2710 JavaThread "Finalizer"                  daemon [_thread_blocked, id=23896, stack(0x000000ad27d00000,0x000000ad27e00000) (1024K)]
  0x000001ed7fea5180 JavaThread "Signal Dispatcher"          daemon [_thread_blocked, id=1308, stack(0x000000ad27e00000,0x000000ad27f00000) (1024K)]
  0x000001ed7fea5be0 JavaThread "Attach Listener"            daemon [_thread_blocked, id=29168, stack(0x000000ad27f00000,0x000000ad28000000) (1024K)]
  0x000001ed7fea6640 JavaThread "Service Thread"             daemon [_thread_blocked, id=28764, stack(0x000000ad28000000,0x000000ad28100000) (1024K)]
  0x000001ed7fea90b0 JavaThread "Monitor Deflation Thread"   daemon [_thread_blocked, id=27704, stack(0x000000ad28100000,0x000000ad28200000) (1024K)]
  0x000001ed7feabe50 JavaThread "C2 CompilerThread0"         daemon [_thread_blocked, id=12532, stack(0x000000ad28200000,0x000000ad28300000) (1024K)]
  0x000001ed7feaca20 JavaThread "C1 CompilerThread0"         daemon [_thread_blocked, id=22984, stack(0x000000ad28300000,0x000000ad28400000) (1024K)]
  0x000001ed1775db50 JavaThread "Common-Cleaner"             daemon [_thread_blocked, id=24636, stack(0x000000ad28400000,0x000000ad28500000) (1024K)]
  0x000001ed1785adc0 JavaThread "Notification Thread"        daemon [_thread_blocked, id=21484, stack(0x000000ad28500000,0x000000ad28600000) (1024K)]
  0x000001ed5d521010 JavaThread "QuantumRenderer-0"          daemon [_thread_blocked, id=23620, stack(0x000000ad28600000,0x000000ad28700000) (1024K)]
=>0x000001ed5d5ef230 JavaThread "JavaFX Application Thread"         [_thread_in_vm, id=20100, stack(0x000000ad28c00000,0x000000ad28d00000) (1024K)]
  0x000001ed5d7a0250 JavaThread "JavaFX-Launcher"                   [_thread_blocked, id=2820, stack(0x000000ad28f00000,0x000000ad29000000) (1024K)]
  0x000001ed5d77efc0 JavaThread "Thread-2"                   daemon [_thread_blocked, id=23104, stack(0x000000ad28e00000,0x000000ad28f00000) (1024K)]
  0x000001ed66c91e70 JavaThread "Prism Font Disposer"        daemon [_thread_blocked, id=18100, stack(0x000000ad29a00000,0x000000ad29b00000) (1024K)]
  0x000001ed66c94c60 JavaThread "Cleaner-0"                  daemon [_thread_blocked, id=4960, stack(0x000000ad29f00000,0x000000ad2a000000) (1024K)]
Total: 17

Other Threads:
  0x000001ed7fe83fe0 VMThread "VM Thread"                           [id=3200, stack(0x000000ad27b00000,0x000000ad27c00000) (1024K)] _threads_hazard_ptr=0x000001ed68c16b20
  0x000001ed7fe71490 WatcherThread "VM Periodic Task Thread"        [id=14244, stack(0x000000ad27a00000,0x000000ad27b00000) (1024K)]
  0x000001ed7a5e2f10 WorkerThread "GC Thread#0"                     [id=7696, stack(0x000000ad27500000,0x000000ad27600000) (1024K)]
  0x000001ed7fe834d0 WorkerThread "GC Thread#1"                     [id=2744, stack(0x000000ad29000000,0x000000ad29100000) (1024K)]
  0x000001ed7fe83880 WorkerThread "GC Thread#2"                     [id=15068, stack(0x000000ad29100000,0x000000ad29200000) (1024K)]
  0x000001ed7fe83c30 WorkerThread "GC Thread#3"                     [id=27164, stack(0x000000ad29200000,0x000000ad29300000) (1024K)]
  0x000001ed7fe82610 WorkerThread "GC Thread#4"                     [id=11616, stack(0x000000ad29300000,0x000000ad29400000) (1024K)]
  0x000001ed7fe829c0 WorkerThread "GC Thread#5"                     [id=12676, stack(0x000000ad29400000,0x000000ad29500000) (1024K)]
  0x000001ed7fe83120 WorkerThread "GC Thread#6"                     [id=15980, stack(0x000000ad29b00000,0x000000ad29c00000) (1024K)]
  0x000001ed66ea2810 WorkerThread "GC Thread#7"                     [id=26496, stack(0x000000ad29c00000,0x000000ad29d00000) (1024K)]
  0x000001ed66ea3320 WorkerThread "GC Thread#8"                     [id=29204, stack(0x000000ad29d00000,0x000000ad29e00000) (1024K)]
  0x000001ed66ea5bb0 WorkerThread "GC Thread#9"                     [id=26784, stack(0x000000ad29e00000,0x000000ad29f00000) (1024K)]
  0x000001ed7a5f3e10 ConcurrentGCThread "G1 Main Marker"            [id=10488, stack(0x000000ad27600000,0x000000ad27700000) (1024K)]
  0x000001ed7a5f6d90 WorkerThread "G1 Conc#0"                       [id=12328, stack(0x000000ad27700000,0x000000ad27800000) (1024K)]
  0x000001ed66ea3e30 WorkerThread "G1 Conc#1"                       [id=24612, stack(0x000000ad2a000000,0x000000ad2a100000) (1024K)]
  0x000001ed66ea41e0 WorkerThread "G1 Conc#2"                       [id=29360, stack(0x000000ad2a100000,0x000000ad2a200000) (1024K)]
  0x000001ed7fd44a00 ConcurrentGCThread "G1 Refine#0"               [id=23340, stack(0x000000ad27800000,0x000000ad27900000) (1024K)]
  0x000001ed7a64e3e0 ConcurrentGCThread "G1 Service"                [id=28748, stack(0x000000ad27900000,0x000000ad27a00000) (1024K)]
Total: 18

Threads with active compile tasks:
Total: 0

VM state: synchronizing (normal execution)

VM Mutex/Monitor currently owned by a thread:  ([mutex/lock_event])
[0x00007ffb8943b8b0] Threads_lock - owner thread: 0x000001ed7fe83fe0
[0x00007ffb8943b9b0] Heap_lock - owner thread: 0x000001ed1775db50

OutOfMemory and StackOverflow Exception counts:
OutOfMemoryError java_heap_errors=870
LinkageErrors=44

Heap address: 0x0000000084800000, size: 1976 MB, Compressed Oops mode: 32-bit

CDS archive(s) mapped at: [0x000001ed18000000-0x000001ed18c80000-0x000001ed18c80000), size 13107200, SharedBaseAddress: 0x000001ed18000000, ArchiveRelocationMode: 1.
Compressed class space mapped at: 0x000001ed19000000-0x000001ed59000000, reserved size: 1073741824
Narrow klass base: 0x000001ed18000000, Narrow klass shift: 0, Narrow klass range: 0x100000000

GC Precious Log:
 CardTable entry size: 512
 Card Set container configuration: InlinePtr #cards 5 size 8 Array Of Cards #cards 12 size 40 Howl #buckets 4 coarsen threshold 1843 Howl Bitmap #cards 512 size 80 coarsen threshold 460 Card regions per heap region 1 cards per card region 2048
 CPUs: 12 total, 12 available
 Memory: 7896M
 Large Page Support: Disabled
 NUMA Support: Disabled
 Compressed Oops: Enabled (32-bit)
 Heap Region Size: 1M
 Heap Min Capacity: 8M
 Heap Initial Capacity: 124M
 Heap Max Capacity: 1976M
 Pre-touch: Disabled
 Parallel Workers: 10
 Concurrent Workers: 3
 Concurrent Refinement Workers: 10
 Periodic GC: Disabled

Heap:
 garbage-first heap   total 2023424K, used 2022404K [0x0000000084800000, 0x0000000100000000)
  region size 1024K, 0 young (0K), 0 survivors (0K)
 Metaspace       used 22538K, committed 22912K, reserved 1114112K
  class space    used 3000K, committed 3200K, reserved 1048576K

Heap Regions: E=young(eden), S=young(survivor), O=old, HS=humongous(starts), HC=humongous(continues), CS=collection set, F=free, TAMS=top-at-mark-start, PB=parsable bottom
|   0|0x0000000084800000, 0x0000000084900000, 0x0000000084900000|100%|HS|  |TAMS 0x0000000084800000| PB 0x0000000084800000| Untracked 
|   1|0x0000000084900000, 0x0000000084a00000, 0x0000000084a00000|100%|HC|  |TAMS 0x0000000084900000| PB 0x0000000084900000| Untracked 
|   2|0x0000000084a00000, 0x0000000084b00000, 0x0000000084b00000|100%|HC|  |TAMS 0x0000000084a00000| PB 0x0000000084a00000| Untracked 
|   3|0x0000000084b00000, 0x0000000084c00000, 0x0000000084c00000|100%|HC|  |TAMS 0x0000000084b00000| PB 0x0000000084b00000| Untracked 
|   4|0x0000000084c00000, 0x0000000084d00000, 0x0000000084d00000|100%|HC|  |TAMS 0x0000000084c00000| PB 0x0000000084c00000| Untracked 
|   5|0x0000000084d00000, 0x0000000084e00000, 0x0000000084e00000|100%|HC|  |TAMS 0x0000000084d00000| PB 0x0000000084d00000| Untracked 
|   6|0x0000000084e00000, 0x0000000084f00000, 0x0000000084f00000|100%|HC|  |TAMS 0x0000000084e00000| PB 0x0000000084e00000| Untracked 
|   7|0x0000000084f00000, 0x0000000085000000, 0x0000000085000000|100%|HC|  |TAMS 0x0000000084f00000| PB 0x0000000084f00000| Untracked 
|   8|0x0000000085000000, 0x0000000085100000, 0x0000000085100000|100%|HC|  |TAMS 0x0000000085000000| PB 0x0000000085000000| Untracked 
|   9|0x0000000085100000, 0x0000000085200000, 0x0000000085200000|100%|HC|  |TAMS 0x0000000085100000| PB 0x0000000085100000| Untracked 
|  10|0x0000000085200000, 0x0000000085300000, 0x0000000085300000|100%|HC|  |TAMS 0x0000000085200000| PB 0x0000000085200000| Untracked 
|  11|0x0000000085300000, 0x0000000085400000, 0x0000000085400000|100%|HC|  |TAMS 0x0000000085300000| PB 0x0000000085300000| Untracked 
|  12|0x0000000085400000, 0x0000000085500000, 0x0000000085500000|100%|HC|  |TAMS 0x0000000085400000| PB 0x0000000085400000| Untracked 
|  13|0x0000000085500000, 0x00000000855ff2a0, 0x0000000085600000| 99%| O|  |TAMS 0x0000000085500000| PB 0x0000000085500000| Untracked 
|  14|0x0000000085600000, 0x00000000856ffff0, 0x0000000085700000| 99%| O|  |TAMS 0x0000000085600000| PB 0x0000000085600000| Untracked 
|  15|0x0000000085700000, 0x00000000857ffff8, 0x0000000085800000| 99%| O|  |TAMS 0x0000000085700000| PB 0x0000000085700000| Untracked 
|  16|0x0000000085800000, 0x00000000858ffff0, 0x0000000085900000| 99%| O|  |TAMS 0x0000000085800000| PB 0x0000000085800000| Untracked 
|  17|0x0000000085900000, 0x0000000085a00000, 0x0000000085a00000|100%| O|  |TAMS 0x0000000085900000| PB 0x0000000085900000| Untracked 
|  18|0x0000000085a00000, 0x0000000085affff8, 0x0000000085b00000| 99%| O|  |TAMS 0x0000000085a00000| PB 0x0000000085a00000| Untracked 
|  19|0x0000000085b00000, 0x0000000085bfffe8, 0x0000000085c00000| 99%| O|  |TAMS 0x0000000085b00000| PB 0x0000000085b00000| Untracked 
|  20|0x0000000085c00000, 0x0000000085cfffe8, 0x0000000085d00000| 99%| O|  |TAMS 0x0000000085c00000| PB 0x0000000085c00000| Untracked 
|  21|0x0000000085d00000, 0x0000000085e00000, 0x0000000085e00000|100%|HS|  |TAMS 0x0000000085d00000| PB 0x0000000085d00000| Untracked 
|  22|0x0000000085e00000, 0x0000000085f00000, 0x0000000085f00000|100%|HC|  |TAMS 0x0000000085e00000| PB 0x0000000085e00000| Untracked 
|  23|0x0000000085f00000, 0x0000000086000000, 0x0000000086000000|100%|HS|  |TAMS 0x0000000085f00000| PB 0x0000000085f00000| Untracked 
|  24|0x0000000086000000, 0x0000000086100000, 0x0000000086100000|100%|HC|  |TAMS 0x0000000086000000| PB 0x0000000086000000| Untracked 
|  25|0x0000000086100000, 0x0000000086200000, 0x0000000086200000|100%|HC|  |TAMS 0x0000000086100000| PB 0x0000000086100000| Untracked 
|  26|0x0000000086200000, 0x0000000086300000, 0x0000000086300000|100%|HC|  |TAMS 0x0000000086200000| PB 0x0000000086200000| Untracked 
|  27|0x0000000086300000, 0x0000000086400000, 0x0000000086400000|100%|HC|  |TAMS 0x0000000086300000| PB 0x0000000086300000| Untracked 
|  28|0x0000000086400000, 0x0000000086500000, 0x0000000086500000|100%|HC|  |TAMS 0x0000000086400000| PB 0x0000000086400000| Untracked 
|  29|0x0000000086500000, 0x0000000086600000, 0x0000000086600000|100%|HC|  |TAMS 0x0000000086500000| PB 0x0000000086500000| Untracked 
|  30|0x0000000086600000, 0x0000000086700000, 0x0000000086700000|100%|HC|  |TAMS 0x0000000086600000| PB 0x0000000086600000| Untracked 
|  31|0x0000000086700000, 0x0000000086800000, 0x0000000086800000|100%|HC|  |TAMS 0x0000000086700000| PB 0x0000000086700000| Untracked 
|  32|0x0000000086800000, 0x0000000086900000, 0x0000000086900000|100%|HC|  |TAMS 0x0000000086800000| PB 0x0000000086800000| Untracked 
|  33|0x0000000086900000, 0x0000000086a00000, 0x0000000086a00000|100%|HC|  |TAMS 0x0000000086900000| PB 0x0000000086900000| Untracked 
|  34|0x0000000086a00000, 0x0000000086b00000, 0x0000000086b00000|100%|HC|  |TAMS 0x0000000086a00000| PB 0x0000000086a00000| Untracked 
|  35|0x0000000086b00000, 0x0000000086c00000, 0x0000000086c00000|100%|HC|  |TAMS 0x0000000086b00000| PB 0x0000000086b00000| Untracked 
|  36|0x0000000086c00000, 0x0000000086d00000, 0x0000000086d00000|100%|HS|  |TAMS 0x0000000086c00000| PB 0x0000000086c00000| Untracked 
|  37|0x0000000086d00000, 0x0000000086e00000, 0x0000000086e00000|100%|HC|  |TAMS 0x0000000086d00000| PB 0x0000000086d00000| Untracked 
|  38|0x0000000086e00000, 0x0000000086f00000, 0x0000000086f00000|100%|HC|  |TAMS 0x0000000086e00000| PB 0x0000000086e00000| Untracked 
|  39|0x0000000086f00000, 0x0000000087000000, 0x0000000087000000|100%|HC|  |TAMS 0x0000000086f00000| PB 0x0000000086f00000| Untracked 
|  40|0x0000000087000000, 0x0000000087100000, 0x0000000087100000|100%|HC|  |TAMS 0x0000000087000000| PB 0x0000000087000000| Untracked 
|  41|0x0000000087100000, 0x0000000087200000, 0x0000000087200000|100%|HC|  |TAMS 0x0000000087100000| PB 0x0000000087100000| Untracked 
|  42|0x0000000087200000, 0x0000000087300000, 0x0000000087300000|100%|HC|  |TAMS 0x0000000087200000| PB 0x0000000087200000| Untracked 
|  43|0x0000000087300000, 0x0000000087400000, 0x0000000087400000|100%|HC|  |TAMS 0x0000000087300000| PB 0x0000000087300000| Untracked 
|  44|0x0000000087400000, 0x0000000087500000, 0x0000000087500000|100%|HC|  |TAMS 0x0000000087400000| PB 0x0000000087400000| Untracked 
|  45|0x0000000087500000, 0x0000000087600000, 0x0000000087600000|100%|HC|  |TAMS 0x0000000087500000| PB 0x0000000087500000| Untracked 
|  46|0x0000000087600000, 0x0000000087700000, 0x0000000087700000|100%|HC|  |TAMS 0x0000000087600000| PB 0x0000000087600000| Untracked 
|  47|0x0000000087700000, 0x0000000087800000, 0x0000000087800000|100%|HC|  |TAMS 0x0000000087700000| PB 0x0000000087700000| Untracked 
|  48|0x0000000087800000, 0x0000000087900000, 0x0000000087900000|100%|HC|  |TAMS 0x0000000087800000| PB 0x0000000087800000| Untracked 
|  49|0x0000000087900000, 0x00000000879fffb8, 0x0000000087a00000| 99%| O|  |TAMS 0x0000000087900000| PB 0x0000000087900000| Untracked 
|  50|0x0000000087a00000, 0x0000000087affff8, 0x0000000087b00000| 99%| O|  |TAMS 0x0000000087a00000| PB 0x0000000087a00000| Untracked 
|  51|0x0000000087b00000, 0x0000000087bfffa0, 0x0000000087c00000| 99%| O|  |TAMS 0x0000000087b00000| PB 0x0000000087b00000| Untracked 
|  52|0x0000000087c00000, 0x0000000087cff908, 0x0000000087d00000| 99%| O|  |TAMS 0x0000000087c00000| PB 0x0000000087c00000| Untracked 
|  53|0x0000000087d00000, 0x0000000087dffff0, 0x0000000087e00000| 99%| O|  |TAMS 0x0000000087d00000| PB 0x0000000087d00000| Untracked 
|  54|0x0000000087e00000, 0x0000000087effff8, 0x0000000087f00000| 99%| O|  |TAMS 0x0000000087e00000| PB 0x0000000087e00000| Untracked 
|  55|0x0000000087f00000, 0x0000000088000000, 0x0000000088000000|100%| O|  |TAMS 0x0000000087f00000| PB 0x0000000087f00000| Untracked 
|  56|0x0000000088000000, 0x00000000880ff220, 0x0000000088100000| 99%| O|  |TAMS 0x0000000088000000| PB 0x0000000088000000| Untracked 
|  57|0x0000000088100000, 0x00000000881fff80, 0x0000000088200000| 99%| O|  |TAMS 0x0000000088100000| PB 0x0000000088100000| Untracked 
|  58|0x0000000088200000, 0x00000000882ffff8, 0x0000000088300000| 99%| O|  |TAMS 0x0000000088200000| PB 0x0000000088200000| Untracked 
|  59|0x0000000088300000, 0x0000000088400000, 0x0000000088400000|100%| O|  |TAMS 0x0000000088300000| PB 0x0000000088300000| Untracked 
|  60|0x0000000088400000, 0x0000000088500000, 0x0000000088500000|100%|HS|  |TAMS 0x0000000088400000| PB 0x0000000088400000| Untracked 
|  61|0x0000000088500000, 0x0000000088600000, 0x0000000088600000|100%|HC|  |TAMS 0x0000000088500000| PB 0x0000000088500000| Untracked 
|  62|0x0000000088600000, 0x0000000088700000, 0x0000000088700000|100%|HC|  |TAMS 0x0000000088600000| PB 0x0000000088600000| Untracked 
|  63|0x0000000088700000, 0x0000000088800000, 0x0000000088800000|100%|HC|  |TAMS 0x0000000088700000| PB 0x0000000088700000| Untracked 
|  64|0x0000000088800000, 0x0000000088900000, 0x0000000088900000|100%|HC|  |TAMS 0x0000000088800000| PB 0x0000000088800000| Untracked 
|  65|0x0000000088900000, 0x0000000088a00000, 0x0000000088a00000|100%|HC|  |TAMS 0x0000000088900000| PB 0x0000000088900000| Untracked 
|  66|0x0000000088a00000, 0x0000000088b00000, 0x0000000088b00000|100%|HC|  |TAMS 0x0000000088a00000| PB 0x0000000088a00000| Untracked 
|  67|0x0000000088b00000, 0x0000000088c00000, 0x0000000088c00000|100%|HC|  |TAMS 0x0000000088b00000| PB 0x0000000088b00000| Untracked 
|  68|0x0000000088c00000, 0x0000000088d00000, 0x0000000088d00000|100%|HC|  |TAMS 0x0000000088c00000| PB 0x0000000088c00000| Untracked 
|  69|0x0000000088d00000, 0x0000000088e00000, 0x0000000088e00000|100%|HC|  |TAMS 0x0000000088d00000| PB 0x0000000088d00000| Untracked 
|  70|0x0000000088e00000, 0x0000000088f00000, 0x0000000088f00000|100%|HC|  |TAMS 0x0000000088e00000| PB 0x0000000088e00000| Untracked 
|  71|0x0000000088f00000, 0x0000000089000000, 0x0000000089000000|100%|HC|  |TAMS 0x0000000088f00000| PB 0x0000000088f00000| Untracked 
|  72|0x0000000089000000, 0x0000000089100000, 0x0000000089100000|100%|HC|  |TAMS 0x0000000089000000| PB 0x0000000089000000| Untracked 
|  73|0x0000000089100000, 0x0000000089200000, 0x0000000089200000|100%|HS|  |TAMS 0x0000000089100000| PB 0x0000000089100000| Untracked 
|  74|0x0000000089200000, 0x0000000089300000, 0x0000000089300000|100%|HC|  |TAMS 0x0000000089200000| PB 0x0000000089200000| Untracked 
|  75|0x0000000089300000, 0x0000000089400000, 0x0000000089400000|100%|HC|  |TAMS 0x0000000089300000| PB 0x0000000089300000| Untracked 
|  76|0x0000000089400000, 0x0000000089500000, 0x0000000089500000|100%|HC|  |TAMS 0x0000000089400000| PB 0x0000000089400000| Untracked 
|  77|0x0000000089500000, 0x0000000089600000, 0x0000000089600000|100%|HC|  |TAMS 0x0000000089500000| PB 0x0000000089500000| Untracked 
|  78|0x0000000089600000, 0x0000000089700000, 0x0000000089700000|100%|HC|  |TAMS 0x0000000089600000| PB 0x0000000089600000| Untracked 
|  79|0x0000000089700000, 0x0000000089800000, 0x0000000089800000|100%|HC|  |TAMS 0x0000000089700000| PB 0x0000000089700000| Untracked 
|  80|0x0000000089800000, 0x0000000089900000, 0x0000000089900000|100%|HC|  |TAMS 0x0000000089800000| PB 0x0000000089800000| Untracked 
|  81|0x0000000089900000, 0x0000000089a00000, 0x0000000089a00000|100%|HC|  |TAMS 0x0000000089900000| PB 0x0000000089900000| Untracked 
|  82|0x0000000089a00000, 0x0000000089b00000, 0x0000000089b00000|100%|HC|  |TAMS 0x0000000089a00000| PB 0x0000000089a00000| Untracked 
|  83|0x0000000089b00000, 0x0000000089c00000, 0x0000000089c00000|100%|HC|  |TAMS 0x0000000089b00000| PB 0x0000000089b00000| Untracked 
|  84|0x0000000089c00000, 0x0000000089d00000, 0x0000000089d00000|100%|HC|  |TAMS 0x0000000089c00000| PB 0x0000000089c00000| Untracked 
|  85|0x0000000089d00000, 0x0000000089e00000, 0x0000000089e00000|100%|HC|  |TAMS 0x0000000089d00000| PB 0x0000000089d00000| Untracked 
|  86|0x0000000089e00000, 0x0000000089f00000, 0x0000000089f00000|100%|HS|  |TAMS 0x0000000089e00000| PB 0x0000000089e00000| Untracked 
|  87|0x0000000089f00000, 0x000000008a000000, 0x000000008a000000|100%|HC|  |TAMS 0x0000000089f00000| PB 0x0000000089f00000| Untracked 
|  88|0x000000008a000000, 0x000000008a100000, 0x000000008a100000|100%|HC|  |TAMS 0x000000008a000000| PB 0x000000008a000000| Untracked 
|  89|0x000000008a100000, 0x000000008a200000, 0x000000008a200000|100%|HC|  |TAMS 0x000000008a100000| PB 0x000000008a100000| Untracked 
|  90|0x000000008a200000, 0x000000008a300000, 0x000000008a300000|100%|HC|  |TAMS 0x000000008a200000| PB 0x000000008a200000| Untracked 
|  91|0x000000008a300000, 0x000000008a400000, 0x000000008a400000|100%|HC|  |TAMS 0x000000008a300000| PB 0x000000008a300000| Untracked 
|  92|0x000000008a400000, 0x000000008a500000, 0x000000008a500000|100%|HC|  |TAMS 0x000000008a400000| PB 0x000000008a400000| Untracked 
|  93|0x000000008a500000, 0x000000008a600000, 0x000000008a600000|100%|HC|  |TAMS 0x000000008a500000| PB 0x000000008a500000| Untracked 
|  94|0x000000008a600000, 0x000000008a700000, 0x000000008a700000|100%|HC|  |TAMS 0x000000008a600000| PB 0x000000008a600000| Untracked 
|  95|0x000000008a700000, 0x000000008a800000, 0x000000008a800000|100%|HC|  |TAMS 0x000000008a700000| PB 0x000000008a700000| Untracked 
|  96|0x000000008a800000, 0x000000008a900000, 0x000000008a900000|100%|HC|  |TAMS 0x000000008a800000| PB 0x000000008a800000| Untracked 
|  97|0x000000008a900000, 0x000000008aa00000, 0x000000008aa00000|100%|HC|  |TAMS 0x000000008a900000| PB 0x000000008a900000| Untracked 
|  98|0x000000008aa00000, 0x000000008ab00000, 0x000000008ab00000|100%|HC|  |TAMS 0x000000008aa00000| PB 0x000000008aa00000| Untracked 
|  99|0x000000008ab00000, 0x000000008ac00000, 0x000000008ac00000|100%|HS|  |TAMS 0x000000008ab00000| PB 0x000000008ab00000| Untracked 
| 100|0x000000008ac00000, 0x000000008ad00000, 0x000000008ad00000|100%|HC|  |TAMS 0x000000008ac00000| PB 0x000000008ac00000| Untracked 
| 101|0x000000008ad00000, 0x000000008ae00000, 0x000000008ae00000|100%|HC|  |TAMS 0x000000008ad00000| PB 0x000000008ad00000| Untracked 
| 102|0x000000008ae00000, 0x000000008af00000, 0x000000008af00000|100%|HC|  |TAMS 0x000000008ae00000| PB 0x000000008ae00000| Untracked 
| 103|0x000000008af00000, 0x000000008b000000, 0x000000008b000000|100%|HC|  |TAMS 0x000000008af00000| PB 0x000000008af00000| Untracked 
| 104|0x000000008b000000, 0x000000008b100000, 0x000000008b100000|100%|HC|  |TAMS 0x000000008b000000| PB 0x000000008b000000| Untracked 
| 105|0x000000008b100000, 0x000000008b200000, 0x000000008b200000|100%|HC|  |TAMS 0x000000008b100000| PB 0x000000008b100000| Untracked 
| 106|0x000000008b200000, 0x000000008b300000, 0x000000008b300000|100%|HC|  |TAMS 0x000000008b200000| PB 0x000000008b200000| Untracked 
| 107|0x000000008b300000, 0x000000008b400000, 0x000000008b400000|100%|HC|  |TAMS 0x000000008b300000| PB 0x000000008b300000| Untracked 
| 108|0x000000008b400000, 0x000000008b500000, 0x000000008b500000|100%|HC|  |TAMS 0x000000008b400000| PB 0x000000008b400000| Untracked 
| 109|0x000000008b500000, 0x000000008b600000, 0x000000008b600000|100%|HC|  |TAMS 0x000000008b500000| PB 0x000000008b500000| Untracked 
| 110|0x000000008b600000, 0x000000008b700000, 0x000000008b700000|100%|HC|  |TAMS 0x000000008b600000| PB 0x000000008b600000| Untracked 
| 111|0x000000008b700000, 0x000000008b800000, 0x000000008b800000|100%|HC|  |TAMS 0x000000008b700000| PB 0x000000008b700000| Untracked 
| 112|0x000000008b800000, 0x000000008b900000, 0x000000008b900000|100%|HS|  |TAMS 0x000000008b800000| PB 0x000000008b800000| Untracked 
| 113|0x000000008b900000, 0x000000008ba00000, 0x000000008ba00000|100%|HC|  |TAMS 0x000000008b900000| PB 0x000000008b900000| Untracked 
| 114|0x000000008ba00000, 0x000000008bb00000, 0x000000008bb00000|100%|HC|  |TAMS 0x000000008ba00000| PB 0x000000008ba00000| Untracked 
| 115|0x000000008bb00000, 0x000000008bc00000, 0x000000008bc00000|100%|HC|  |TAMS 0x000000008bb00000| PB 0x000000008bb00000| Untracked 
| 116|0x000000008bc00000, 0x000000008bd00000, 0x000000008bd00000|100%|HC|  |TAMS 0x000000008bc00000| PB 0x000000008bc00000| Untracked 
| 117|0x000000008bd00000, 0x000000008be00000, 0x000000008be00000|100%|HC|  |TAMS 0x000000008bd00000| PB 0x000000008bd00000| Untracked 
| 118|0x000000008be00000, 0x000000008bf00000, 0x000000008bf00000|100%|HC|  |TAMS 0x000000008be00000| PB 0x000000008be00000| Untracked 
| 119|0x000000008bf00000, 0x000000008c000000, 0x000000008c000000|100%|HC|  |TAMS 0x000000008bf00000| PB 0x000000008bf00000| Untracked 
| 120|0x000000008c000000, 0x000000008c100000, 0x000000008c100000|100%|HC|  |TAMS 0x000000008c000000| PB 0x000000008c000000| Untracked 
| 121|0x000000008c100000, 0x000000008c200000, 0x000000008c200000|100%|HC|  |TAMS 0x000000008c100000| PB 0x000000008c100000| Untracked 
| 122|0x000000008c200000, 0x000000008c300000, 0x000000008c300000|100%|HC|  |TAMS 0x000000008c200000| PB 0x000000008c200000| Untracked 
| 123|0x000000008c300000, 0x000000008c400000, 0x000000008c400000|100%|HC|  |TAMS 0x000000008c300000| PB 0x000000008c300000| Untracked 
| 124|0x000000008c400000, 0x000000008c500000, 0x000000008c500000|100%|HC|  |TAMS 0x000000008c400000| PB 0x000000008c400000| Untracked 
| 125|0x000000008c500000, 0x000000008c600000, 0x000000008c600000|100%|HS|  |TAMS 0x000000008c500000| PB 0x000000008c500000| Untracked 
| 126|0x000000008c600000, 0x000000008c700000, 0x000000008c700000|100%|HC|  |TAMS 0x000000008c600000| PB 0x000000008c600000| Untracked 
| 127|0x000000008c700000, 0x000000008c800000, 0x000000008c800000|100%|HC|  |TAMS 0x000000008c700000| PB 0x000000008c700000| Untracked 
| 128|0x000000008c800000, 0x000000008c900000, 0x000000008c900000|100%|HC|  |TAMS 0x000000008c800000| PB 0x000000008c800000| Untracked 
| 129|0x000000008c900000, 0x000000008ca00000, 0x000000008ca00000|100%|HC|  |TAMS 0x000000008c900000| PB 0x000000008c900000| Untracked 
| 130|0x000000008ca00000, 0x000000008cb00000, 0x000000008cb00000|100%|HC|  |TAMS 0x000000008ca00000| PB 0x000000008ca00000| Untracked 
| 131|0x000000008cb00000, 0x000000008cc00000, 0x000000008cc00000|100%|HC|  |TAMS 0x000000008cb00000| PB 0x000000008cb00000| Untracked 
| 132|0x000000008cc00000, 0x000000008cd00000, 0x000000008cd00000|100%|HC|  |TAMS 0x000000008cc00000| PB 0x000000008cc00000| Untracked 
| 133|0x000000008cd00000, 0x000000008ce00000, 0x000000008ce00000|100%|HC|  |TAMS 0x000000008cd00000| PB 0x000000008cd00000| Untracked 
| 134|0x000000008ce00000, 0x000000008cf00000, 0x000000008cf00000|100%|HC|  |TAMS 0x000000008ce00000| PB 0x000000008ce00000| Untracked 
| 135|0x000000008cf00000, 0x000000008d000000, 0x000000008d000000|100%|HC|  |TAMS 0x000000008cf00000| PB 0x000000008cf00000| Untracked 
| 136|0x000000008d000000, 0x000000008d100000, 0x000000008d100000|100%|HC|  |TAMS 0x000000008d000000| PB 0x000000008d000000| Untracked 
| 137|0x000000008d100000, 0x000000008d200000, 0x000000008d200000|100%|HC|  |TAMS 0x000000008d100000| PB 0x000000008d100000| Untracked 
| 138|0x000000008d200000, 0x000000008d2fffd8, 0x000000008d300000| 99%| O|  |TAMS 0x000000008d200000| PB 0x000000008d200000| Untracked 
| 139|0x000000008d300000, 0x000000008d3ff510, 0x000000008d400000| 99%| O|  |TAMS 0x000000008d300000| PB 0x000000008d300000| Untracked 
| 140|0x000000008d400000, 0x000000008d4ffff8, 0x000000008d500000| 99%| O|  |TAMS 0x000000008d400000| PB 0x000000008d400000| Untracked 
| 141|0x000000008d500000, 0x000000008d5ffff8, 0x000000008d600000| 99%| O|  |TAMS 0x000000008d500000| PB 0x000000008d500000| Untracked 
| 142|0x000000008d600000, 0x000000008d700000, 0x000000008d700000|100%|HS|  |TAMS 0x000000008d600000| PB 0x000000008d600000| Untracked 
| 143|0x000000008d700000, 0x000000008d800000, 0x000000008d800000|100%|HC|  |TAMS 0x000000008d700000| PB 0x000000008d700000| Untracked 
| 144|0x000000008d800000, 0x000000008d900000, 0x000000008d900000|100%|HC|  |TAMS 0x000000008d800000| PB 0x000000008d800000| Untracked 
| 145|0x000000008d900000, 0x000000008da00000, 0x000000008da00000|100%|HC|  |TAMS 0x000000008d900000| PB 0x000000008d900000| Untracked 
| 146|0x000000008da00000, 0x000000008db00000, 0x000000008db00000|100%|HC|  |TAMS 0x000000008da00000| PB 0x000000008da00000| Untracked 
| 147|0x000000008db00000, 0x000000008dc00000, 0x000000008dc00000|100%|HC|  |TAMS 0x000000008db00000| PB 0x000000008db00000| Untracked 
| 148|0x000000008dc00000, 0x000000008dd00000, 0x000000008dd00000|100%|HC|  |TAMS 0x000000008dc00000| PB 0x000000008dc00000| Untracked 
| 149|0x000000008dd00000, 0x000000008de00000, 0x000000008de00000|100%|HC|  |TAMS 0x000000008dd00000| PB 0x000000008dd00000| Untracked 
| 150|0x000000008de00000, 0x000000008df00000, 0x000000008df00000|100%|HC|  |TAMS 0x000000008de00000| PB 0x000000008de00000| Untracked 
| 151|0x000000008df00000, 0x000000008e000000, 0x000000008e000000|100%|HC|  |TAMS 0x000000008df00000| PB 0x000000008df00000| Untracked 
| 152|0x000000008e000000, 0x000000008e100000, 0x000000008e100000|100%|HC|  |TAMS 0x000000008e000000| PB 0x000000008e000000| Untracked 
| 153|0x000000008e100000, 0x000000008e200000, 0x000000008e200000|100%|HC|  |TAMS 0x000000008e100000| PB 0x000000008e100000| Untracked 
| 154|0x000000008e200000, 0x000000008e300000, 0x000000008e300000|100%|HC|  |TAMS 0x000000008e200000| PB 0x000000008e200000| Untracked 
| 155|0x000000008e300000, 0x000000008e400000, 0x000000008e400000|100%|HS|  |TAMS 0x000000008e300000| PB 0x000000008e300000| Untracked 
| 156|0x000000008e400000, 0x000000008e500000, 0x000000008e500000|100%|HC|  |TAMS 0x000000008e400000| PB 0x000000008e400000| Untracked 
| 157|0x000000008e500000, 0x000000008e600000, 0x000000008e600000|100%|HC|  |TAMS 0x000000008e500000| PB 0x000000008e500000| Untracked 
| 158|0x000000008e600000, 0x000000008e700000, 0x000000008e700000|100%|HC|  |TAMS 0x000000008e600000| PB 0x000000008e600000| Untracked 
| 159|0x000000008e700000, 0x000000008e800000, 0x000000008e800000|100%|HC|  |TAMS 0x000000008e700000| PB 0x000000008e700000| Untracked 
| 160|0x000000008e800000, 0x000000008e900000, 0x000000008e900000|100%|HC|  |TAMS 0x000000008e800000| PB 0x000000008e800000| Untracked 
| 161|0x000000008e900000, 0x000000008ea00000, 0x000000008ea00000|100%|HC|  |TAMS 0x000000008e900000| PB 0x000000008e900000| Untracked 
| 162|0x000000008ea00000, 0x000000008eb00000, 0x000000008eb00000|100%|HC|  |TAMS 0x000000008ea00000| PB 0x000000008ea00000| Untracked 
| 163|0x000000008eb00000, 0x000000008ec00000, 0x000000008ec00000|100%|HC|  |TAMS 0x000000008eb00000| PB 0x000000008eb00000| Untracked 
| 164|0x000000008ec00000, 0x000000008ed00000, 0x000000008ed00000|100%|HC|  |TAMS 0x000000008ec00000| PB 0x000000008ec00000| Untracked 
| 165|0x000000008ed00000, 0x000000008ee00000, 0x000000008ee00000|100%|HC|  |TAMS 0x000000008ed00000| PB 0x000000008ed00000| Untracked 
| 166|0x000000008ee00000, 0x000000008ef00000, 0x000000008ef00000|100%|HC|  |TAMS 0x000000008ee00000| PB 0x000000008ee00000| Untracked 
| 167|0x000000008ef00000, 0x000000008f000000, 0x000000008f000000|100%|HC|  |TAMS 0x000000008ef00000| PB 0x000000008ef00000| Untracked 
| 168|0x000000008f000000, 0x000000008f100000, 0x000000008f100000|100%|HS|  |TAMS 0x000000008f000000| PB 0x000000008f000000| Untracked 
| 169|0x000000008f100000, 0x000000008f200000, 0x000000008f200000|100%|HC|  |TAMS 0x000000008f100000| PB 0x000000008f100000| Untracked 
| 170|0x000000008f200000, 0x000000008f300000, 0x000000008f300000|100%|HC|  |TAMS 0x000000008f200000| PB 0x000000008f200000| Untracked 
| 171|0x000000008f300000, 0x000000008f400000, 0x000000008f400000|100%|HC|  |TAMS 0x000000008f300000| PB 0x000000008f300000| Untracked 
| 172|0x000000008f400000, 0x000000008f500000, 0x000000008f500000|100%|HC|  |TAMS 0x000000008f400000| PB 0x000000008f400000| Untracked 
| 173|0x000000008f500000, 0x000000008f600000, 0x000000008f600000|100%|HC|  |TAMS 0x000000008f500000| PB 0x000000008f500000| Untracked 
| 174|0x000000008f600000, 0x000000008f700000, 0x000000008f700000|100%|HC|  |TAMS 0x000000008f600000| PB 0x000000008f600000| Untracked 
| 175|0x000000008f700000, 0x000000008f800000, 0x000000008f800000|100%|HC|  |TAMS 0x000000008f700000| PB 0x000000008f700000| Untracked 
| 176|0x000000008f800000, 0x000000008f900000, 0x000000008f900000|100%|HC|  |TAMS 0x000000008f800000| PB 0x000000008f800000| Untracked 
| 177|0x000000008f900000, 0x000000008fa00000, 0x000000008fa00000|100%|HC|  |TAMS 0x000000008f900000| PB 0x000000008f900000| Untracked 
| 178|0x000000008fa00000, 0x000000008fb00000, 0x000000008fb00000|100%|HC|  |TAMS 0x000000008fa00000| PB 0x000000008fa00000| Untracked 
| 179|0x000000008fb00000, 0x000000008fc00000, 0x000000008fc00000|100%|HC|  |TAMS 0x000000008fb00000| PB 0x000000008fb00000| Untracked 
| 180|0x000000008fc00000, 0x000000008fd00000, 0x000000008fd00000|100%|HC|  |TAMS 0x000000008fc00000| PB 0x000000008fc00000| Untracked 
| 181|0x000000008fd00000, 0x000000008fe00000, 0x000000008fe00000|100%|HS|  |TAMS 0x000000008fd00000| PB 0x000000008fd00000| Untracked 
| 182|0x000000008fe00000, 0x000000008ff00000, 0x000000008ff00000|100%|HC|  |TAMS 0x000000008fe00000| PB 0x000000008fe00000| Untracked 
| 183|0x000000008ff00000, 0x0000000090000000, 0x0000000090000000|100%|HC|  |TAMS 0x000000008ff00000| PB 0x000000008ff00000| Untracked 
| 184|0x0000000090000000, 0x0000000090100000, 0x0000000090100000|100%|HC|  |TAMS 0x0000000090000000| PB 0x0000000090000000| Untracked 
| 185|0x0000000090100000, 0x0000000090200000, 0x0000000090200000|100%|HC|  |TAMS 0x0000000090100000| PB 0x0000000090100000| Untracked 
| 186|0x0000000090200000, 0x0000000090300000, 0x0000000090300000|100%|HC|  |TAMS 0x0000000090200000| PB 0x0000000090200000| Untracked 
| 187|0x0000000090300000, 0x0000000090400000, 0x0000000090400000|100%|HC|  |TAMS 0x0000000090300000| PB 0x0000000090300000| Untracked 
| 188|0x0000000090400000, 0x0000000090500000, 0x0000000090500000|100%|HC|  |TAMS 0x0000000090400000| PB 0x0000000090400000| Untracked 
| 189|0x0000000090500000, 0x0000000090600000, 0x0000000090600000|100%|HC|  |TAMS 0x0000000090500000| PB 0x0000000090500000| Untracked 
| 190|0x0000000090600000, 0x0000000090700000, 0x0000000090700000|100%|HC|  |TAMS 0x0000000090600000| PB 0x0000000090600000| Untracked 
| 191|0x0000000090700000, 0x0000000090800000, 0x0000000090800000|100%|HC|  |TAMS 0x0000000090700000| PB 0x0000000090700000| Untracked 
| 192|0x0000000090800000, 0x0000000090900000, 0x0000000090900000|100%|HC|  |TAMS 0x0000000090800000| PB 0x0000000090800000| Untracked 
| 193|0x0000000090900000, 0x0000000090a00000, 0x0000000090a00000|100%|HC|  |TAMS 0x0000000090900000| PB 0x0000000090900000| Untracked 
| 194|0x0000000090a00000, 0x0000000090b00000, 0x0000000090b00000|100%|HS|  |TAMS 0x0000000090a00000| PB 0x0000000090a00000| Untracked 
| 195|0x0000000090b00000, 0x0000000090c00000, 0x0000000090c00000|100%|HC|  |TAMS 0x0000000090b00000| PB 0x0000000090b00000| Untracked 
| 196|0x0000000090c00000, 0x0000000090d00000, 0x0000000090d00000|100%|HC|  |TAMS 0x0000000090c00000| PB 0x0000000090c00000| Untracked 
| 197|0x0000000090d00000, 0x0000000090e00000, 0x0000000090e00000|100%|HC|  |TAMS 0x0000000090d00000| PB 0x0000000090d00000| Untracked 
| 198|0x0000000090e00000, 0x0000000090f00000, 0x0000000090f00000|100%|HC|  |TAMS 0x0000000090e00000| PB 0x0000000090e00000| Untracked 
| 199|0x0000000090f00000, 0x0000000091000000, 0x0000000091000000|100%|HC|  |TAMS 0x0000000090f00000| PB 0x0000000090f00000| Untracked 
| 200|0x0000000091000000, 0x0000000091100000, 0x0000000091100000|100%|HC|  |TAMS 0x0000000091000000| PB 0x0000000091000000| Untracked 
| 201|0x0000000091100000, 0x0000000091200000, 0x0000000091200000|100%|HC|  |TAMS 0x0000000091100000| PB 0x0000000091100000| Untracked 
| 202|0x0000000091200000, 0x0000000091300000, 0x0000000091300000|100%|HC|  |TAMS 0x0000000091200000| PB 0x0000000091200000| Untracked 
| 203|0x0000000091300000, 0x0000000091400000, 0x0000000091400000|100%|HC|  |TAMS 0x0000000091300000| PB 0x0000000091300000| Untracked 
| 204|0x0000000091400000, 0x0000000091500000, 0x0000000091500000|100%|HC|  |TAMS 0x0000000091400000| PB 0x0000000091400000| Untracked 
| 205|0x0000000091500000, 0x0000000091600000, 0x0000000091600000|100%|HC|  |TAMS 0x0000000091500000| PB 0x0000000091500000| Untracked 
| 206|0x0000000091600000, 0x0000000091700000, 0x0000000091700000|100%|HC|  |TAMS 0x0000000091600000| PB 0x0000000091600000| Untracked 
| 207|0x0000000091700000, 0x0000000091800000, 0x0000000091800000|100%|HS|  |TAMS 0x0000000091700000| PB 0x0000000091700000| Untracked 
| 208|0x0000000091800000, 0x0000000091900000, 0x0000000091900000|100%|HC|  |TAMS 0x0000000091800000| PB 0x0000000091800000| Untracked 
| 209|0x0000000091900000, 0x0000000091a00000, 0x0000000091a00000|100%|HC|  |TAMS 0x0000000091900000| PB 0x0000000091900000| Untracked 
| 210|0x0000000091a00000, 0x0000000091b00000, 0x0000000091b00000|100%|HC|  |TAMS 0x0000000091a00000| PB 0x0000000091a00000| Untracked 
| 211|0x0000000091b00000, 0x0000000091c00000, 0x0000000091c00000|100%|HC|  |TAMS 0x0000000091b00000| PB 0x0000000091b00000| Untracked 
| 212|0x0000000091c00000, 0x0000000091d00000, 0x0000000091d00000|100%|HC|  |TAMS 0x0000000091c00000| PB 0x0000000091c00000| Untracked 
| 213|0x0000000091d00000, 0x0000000091e00000, 0x0000000091e00000|100%|HC|  |TAMS 0x0000000091d00000| PB 0x0000000091d00000| Untracked 
| 214|0x0000000091e00000, 0x0000000091f00000, 0x0000000091f00000|100%|HC|  |TAMS 0x0000000091e00000| PB 0x0000000091e00000| Untracked 
| 215|0x0000000091f00000, 0x0000000092000000, 0x0000000092000000|100%|HC|  |TAMS 0x0000000091f00000| PB 0x0000000091f00000| Untracked 
| 216|0x0000000092000000, 0x0000000092100000, 0x0000000092100000|100%|HC|  |TAMS 0x0000000092000000| PB 0x0000000092000000| Untracked 
| 217|0x0000000092100000, 0x0000000092200000, 0x0000000092200000|100%|HC|  |TAMS 0x0000000092100000| PB 0x0000000092100000| Untracked 
| 218|0x0000000092200000, 0x0000000092300000, 0x0000000092300000|100%|HC|  |TAMS 0x0000000092200000| PB 0x0000000092200000| Untracked 
| 219|0x0000000092300000, 0x0000000092400000, 0x0000000092400000|100%|HC|  |TAMS 0x0000000092300000| PB 0x0000000092300000| Untracked 
| 220|0x0000000092400000, 0x0000000092500000, 0x0000000092500000|100%|HS|  |TAMS 0x0000000092400000| PB 0x0000000092400000| Untracked 
| 221|0x0000000092500000, 0x0000000092600000, 0x0000000092600000|100%|HC|  |TAMS 0x0000000092500000| PB 0x0000000092500000| Untracked 
| 222|0x0000000092600000, 0x0000000092700000, 0x0000000092700000|100%|HC|  |TAMS 0x0000000092600000| PB 0x0000000092600000| Untracked 
| 223|0x0000000092700000, 0x0000000092800000, 0x0000000092800000|100%|HC|  |TAMS 0x0000000092700000| PB 0x0000000092700000| Untracked 
| 224|0x0000000092800000, 0x0000000092900000, 0x0000000092900000|100%|HC|  |TAMS 0x0000000092800000| PB 0x0000000092800000| Untracked 
| 225|0x0000000092900000, 0x0000000092a00000, 0x0000000092a00000|100%|HC|  |TAMS 0x0000000092900000| PB 0x0000000092900000| Untracked 
| 226|0x0000000092a00000, 0x0000000092b00000, 0x0000000092b00000|100%|HC|  |TAMS 0x0000000092a00000| PB 0x0000000092a00000| Untracked 
| 227|0x0000000092b00000, 0x0000000092c00000, 0x0000000092c00000|100%|HC|  |TAMS 0x0000000092b00000| PB 0x0000000092b00000| Untracked 
| 228|0x0000000092c00000, 0x0000000092d00000, 0x0000000092d00000|100%|HC|  |TAMS 0x0000000092c00000| PB 0x0000000092c00000| Untracked 
| 229|0x0000000092d00000, 0x0000000092e00000, 0x0000000092e00000|100%|HC|  |TAMS 0x0000000092d00000| PB 0x0000000092d00000| Untracked 
| 230|0x0000000092e00000, 0x0000000092f00000, 0x0000000092f00000|100%|HC|  |TAMS 0x0000000092e00000| PB 0x0000000092e00000| Untracked 
| 231|0x0000000092f00000, 0x0000000093000000, 0x0000000093000000|100%|HC|  |TAMS 0x0000000092f00000| PB 0x0000000092f00000| Untracked 
| 232|0x0000000093000000, 0x0000000093100000, 0x0000000093100000|100%|HC|  |TAMS 0x0000000093000000| PB 0x0000000093000000| Untracked 
| 233|0x0000000093100000, 0x0000000093200000, 0x0000000093200000|100%|HS|  |TAMS 0x0000000093100000| PB 0x0000000093100000| Untracked 
| 234|0x0000000093200000, 0x0000000093300000, 0x0000000093300000|100%|HC|  |TAMS 0x0000000093200000| PB 0x0000000093200000| Untracked 
| 235|0x0000000093300000, 0x0000000093400000, 0x0000000093400000|100%|HC|  |TAMS 0x0000000093300000| PB 0x0000000093300000| Untracked 
| 236|0x0000000093400000, 0x0000000093500000, 0x0000000093500000|100%|HC|  |TAMS 0x0000000093400000| PB 0x0000000093400000| Untracked 
| 237|0x0000000093500000, 0x0000000093600000, 0x0000000093600000|100%|HC|  |TAMS 0x0000000093500000| PB 0x0000000093500000| Untracked 
| 238|0x0000000093600000, 0x0000000093700000, 0x0000000093700000|100%|HC|  |TAMS 0x0000000093600000| PB 0x0000000093600000| Untracked 
| 239|0x0000000093700000, 0x0000000093800000, 0x0000000093800000|100%|HC|  |TAMS 0x0000000093700000| PB 0x0000000093700000| Untracked 
| 240|0x0000000093800000, 0x0000000093900000, 0x0000000093900000|100%|HC|  |TAMS 0x0000000093800000| PB 0x0000000093800000| Untracked 
| 241|0x0000000093900000, 0x0000000093a00000, 0x0000000093a00000|100%|HC|  |TAMS 0x0000000093900000| PB 0x0000000093900000| Untracked 
| 242|0x0000000093a00000, 0x0000000093b00000, 0x0000000093b00000|100%|HC|  |TAMS 0x0000000093a00000| PB 0x0000000093a00000| Untracked 
| 243|0x0000000093b00000, 0x0000000093c00000, 0x0000000093c00000|100%|HC|  |TAMS 0x0000000093b00000| PB 0x0000000093b00000| Untracked 
| 244|0x0000000093c00000, 0x0000000093d00000, 0x0000000093d00000|100%|HC|  |TAMS 0x0000000093c00000| PB 0x0000000093c00000| Untracked 
| 245|0x0000000093d00000, 0x0000000093e00000, 0x0000000093e00000|100%|HC|  |TAMS 0x0000000093d00000| PB 0x0000000093d00000| Untracked 
| 246|0x0000000093e00000, 0x0000000093f00000, 0x0000000093f00000|100%|HS|  |TAMS 0x0000000093e00000| PB 0x0000000093e00000| Untracked 
| 247|0x0000000093f00000, 0x0000000094000000, 0x0000000094000000|100%|HC|  |TAMS 0x0000000093f00000| PB 0x0000000093f00000| Untracked 
| 248|0x0000000094000000, 0x0000000094100000, 0x0000000094100000|100%|HC|  |TAMS 0x0000000094000000| PB 0x0000000094000000| Untracked 
| 249|0x0000000094100000, 0x0000000094200000, 0x0000000094200000|100%|HC|  |TAMS 0x0000000094100000| PB 0x0000000094100000| Untracked 
| 250|0x0000000094200000, 0x0000000094300000, 0x0000000094300000|100%|HC|  |TAMS 0x0000000094200000| PB 0x0000000094200000| Untracked 
| 251|0x0000000094300000, 0x0000000094400000, 0x0000000094400000|100%|HC|  |TAMS 0x0000000094300000| PB 0x0000000094300000| Untracked 
| 252|0x0000000094400000, 0x0000000094500000, 0x0000000094500000|100%|HC|  |TAMS 0x0000000094400000| PB 0x0000000094400000| Untracked 
| 253|0x0000000094500000, 0x0000000094600000, 0x0000000094600000|100%|HC|  |TAMS 0x0000000094500000| PB 0x0000000094500000| Untracked 
| 254|0x0000000094600000, 0x0000000094700000, 0x0000000094700000|100%|HC|  |TAMS 0x0000000094600000| PB 0x0000000094600000| Untracked 
| 255|0x0000000094700000, 0x0000000094800000, 0x0000000094800000|100%|HC|  |TAMS 0x0000000094700000| PB 0x0000000094700000| Untracked 
| 256|0x0000000094800000, 0x0000000094900000, 0x0000000094900000|100%|HC|  |TAMS 0x0000000094800000| PB 0x0000000094800000| Untracked 
| 257|0x0000000094900000, 0x0000000094a00000, 0x0000000094a00000|100%|HC|  |TAMS 0x0000000094900000| PB 0x0000000094900000| Untracked 
| 258|0x0000000094a00000, 0x0000000094b00000, 0x0000000094b00000|100%|HC|  |TAMS 0x0000000094a00000| PB 0x0000000094a00000| Untracked 
| 259|0x0000000094b00000, 0x0000000094c00000, 0x0000000094c00000|100%|HS|  |TAMS 0x0000000094b00000| PB 0x0000000094b00000| Untracked 
| 260|0x0000000094c00000, 0x0000000094d00000, 0x0000000094d00000|100%|HC|  |TAMS 0x0000000094c00000| PB 0x0000000094c00000| Untracked 
| 261|0x0000000094d00000, 0x0000000094e00000, 0x0000000094e00000|100%|HC|  |TAMS 0x0000000094d00000| PB 0x0000000094d00000| Untracked 
| 262|0x0000000094e00000, 0x0000000094f00000, 0x0000000094f00000|100%|HC|  |TAMS 0x0000000094e00000| PB 0x0000000094e00000| Untracked 
| 263|0x0000000094f00000, 0x0000000095000000, 0x0000000095000000|100%|HC|  |TAMS 0x0000000094f00000| PB 0x0000000094f00000| Untracked 
| 264|0x0000000095000000, 0x0000000095100000, 0x0000000095100000|100%|HC|  |TAMS 0x0000000095000000| PB 0x0000000095000000| Untracked 
| 265|0x0000000095100000, 0x0000000095200000, 0x0000000095200000|100%|HC|  |TAMS 0x0000000095100000| PB 0x0000000095100000| Untracked 
| 266|0x0000000095200000, 0x0000000095300000, 0x0000000095300000|100%|HC|  |TAMS 0x0000000095200000| PB 0x0000000095200000| Untracked 
| 267|0x0000000095300000, 0x0000000095400000, 0x0000000095400000|100%|HC|  |TAMS 0x0000000095300000| PB 0x0000000095300000| Untracked 
| 268|0x0000000095400000, 0x0000000095500000, 0x0000000095500000|100%|HC|  |TAMS 0x0000000095400000| PB 0x0000000095400000| Untracked 
| 269|0x0000000095500000, 0x0000000095600000, 0x0000000095600000|100%|HC|  |TAMS 0x0000000095500000| PB 0x0000000095500000| Untracked 
| 270|0x0000000095600000, 0x0000000095700000, 0x0000000095700000|100%|HC|  |TAMS 0x0000000095600000| PB 0x0000000095600000| Untracked 
| 271|0x0000000095700000, 0x0000000095800000, 0x0000000095800000|100%|HC|  |TAMS 0x0000000095700000| PB 0x0000000095700000| Untracked 
| 272|0x0000000095800000, 0x0000000095900000, 0x0000000095900000|100%|HS|  |TAMS 0x0000000095800000| PB 0x0000000095800000| Untracked 
| 273|0x0000000095900000, 0x0000000095a00000, 0x0000000095a00000|100%|HC|  |TAMS 0x0000000095900000| PB 0x0000000095900000| Untracked 
| 274|0x0000000095a00000, 0x0000000095b00000, 0x0000000095b00000|100%|HC|  |TAMS 0x0000000095a00000| PB 0x0000000095a00000| Untracked 
| 275|0x0000000095b00000, 0x0000000095c00000, 0x0000000095c00000|100%|HC|  |TAMS 0x0000000095b00000| PB 0x0000000095b00000| Untracked 
| 276|0x0000000095c00000, 0x0000000095d00000, 0x0000000095d00000|100%|HC|  |TAMS 0x0000000095c00000| PB 0x0000000095c00000| Untracked 
| 277|0x0000000095d00000, 0x0000000095e00000, 0x0000000095e00000|100%|HC|  |TAMS 0x0000000095d00000| PB 0x0000000095d00000| Untracked 
| 278|0x0000000095e00000, 0x0000000095f00000, 0x0000000095f00000|100%|HC|  |TAMS 0x0000000095e00000| PB 0x0000000095e00000| Untracked 
| 279|0x0000000095f00000, 0x0000000096000000, 0x0000000096000000|100%|HC|  |TAMS 0x0000000095f00000| PB 0x0000000095f00000| Untracked 
| 280|0x0000000096000000, 0x0000000096100000, 0x0000000096100000|100%|HC|  |TAMS 0x0000000096000000| PB 0x0000000096000000| Untracked 
| 281|0x0000000096100000, 0x0000000096200000, 0x0000000096200000|100%|HC|  |TAMS 0x0000000096100000| PB 0x0000000096100000| Untracked 
| 282|0x0000000096200000, 0x0000000096300000, 0x0000000096300000|100%|HC|  |TAMS 0x0000000096200000| PB 0x0000000096200000| Untracked 
| 283|0x0000000096300000, 0x0000000096400000, 0x0000000096400000|100%|HC|  |TAMS 0x0000000096300000| PB 0x0000000096300000| Untracked 
| 284|0x0000000096400000, 0x0000000096500000, 0x0000000096500000|100%|HC|  |TAMS 0x0000000096400000| PB 0x0000000096400000| Untracked 
| 285|0x0000000096500000, 0x0000000096600000, 0x0000000096600000|100%|HS|  |TAMS 0x0000000096500000| PB 0x0000000096500000| Untracked 
| 286|0x0000000096600000, 0x0000000096700000, 0x0000000096700000|100%|HC|  |TAMS 0x0000000096600000| PB 0x0000000096600000| Untracked 
| 287|0x0000000096700000, 0x0000000096800000, 0x0000000096800000|100%|HC|  |TAMS 0x0000000096700000| PB 0x0000000096700000| Untracked 
| 288|0x0000000096800000, 0x0000000096900000, 0x0000000096900000|100%|HC|  |TAMS 0x0000000096800000| PB 0x0000000096800000| Untracked 
| 289|0x0000000096900000, 0x0000000096a00000, 0x0000000096a00000|100%|HC|  |TAMS 0x0000000096900000| PB 0x0000000096900000| Untracked 
| 290|0x0000000096a00000, 0x0000000096b00000, 0x0000000096b00000|100%|HC|  |TAMS 0x0000000096a00000| PB 0x0000000096a00000| Untracked 
| 291|0x0000000096b00000, 0x0000000096c00000, 0x0000000096c00000|100%|HC|  |TAMS 0x0000000096b00000| PB 0x0000000096b00000| Untracked 
| 292|0x0000000096c00000, 0x0000000096d00000, 0x0000000096d00000|100%|HC|  |TAMS 0x0000000096c00000| PB 0x0000000096c00000| Untracked 
| 293|0x0000000096d00000, 0x0000000096e00000, 0x0000000096e00000|100%|HC|  |TAMS 0x0000000096d00000| PB 0x0000000096d00000| Untracked 
| 294|0x0000000096e00000, 0x0000000096f00000, 0x0000000096f00000|100%|HC|  |TAMS 0x0000000096e00000| PB 0x0000000096e00000| Untracked 
| 295|0x0000000096f00000, 0x0000000097000000, 0x0000000097000000|100%|HC|  |TAMS 0x0000000096f00000| PB 0x0000000096f00000| Untracked 
| 296|0x0000000097000000, 0x0000000097100000, 0x0000000097100000|100%|HC|  |TAMS 0x0000000097000000| PB 0x0000000097000000| Untracked 
| 297|0x0000000097100000, 0x0000000097200000, 0x0000000097200000|100%|HC|  |TAMS 0x0000000097100000| PB 0x0000000097100000| Untracked 
| 298|0x0000000097200000, 0x0000000097300000, 0x0000000097300000|100%|HS|  |TAMS 0x0000000097200000| PB 0x0000000097200000| Untracked 
| 299|0x0000000097300000, 0x0000000097400000, 0x0000000097400000|100%|HC|  |TAMS 0x0000000097300000| PB 0x0000000097300000| Untracked 
| 300|0x0000000097400000, 0x0000000097500000, 0x0000000097500000|100%|HC|  |TAMS 0x0000000097400000| PB 0x0000000097400000| Untracked 
| 301|0x0000000097500000, 0x0000000097600000, 0x0000000097600000|100%|HC|  |TAMS 0x0000000097500000| PB 0x0000000097500000| Untracked 
| 302|0x0000000097600000, 0x0000000097700000, 0x0000000097700000|100%|HC|  |TAMS 0x0000000097600000| PB 0x0000000097600000| Untracked 
| 303|0x0000000097700000, 0x0000000097800000, 0x0000000097800000|100%|HC|  |TAMS 0x0000000097700000| PB 0x0000000097700000| Untracked 
| 304|0x0000000097800000, 0x0000000097900000, 0x0000000097900000|100%|HC|  |TAMS 0x0000000097800000| PB 0x0000000097800000| Untracked 
| 305|0x0000000097900000, 0x0000000097a00000, 0x0000000097a00000|100%|HC|  |TAMS 0x0000000097900000| PB 0x0000000097900000| Untracked 
| 306|0x0000000097a00000, 0x0000000097b00000, 0x0000000097b00000|100%|HC|  |TAMS 0x0000000097a00000| PB 0x0000000097a00000| Untracked 
| 307|0x0000000097b00000, 0x0000000097c00000, 0x0000000097c00000|100%|HC|  |TAMS 0x0000000097b00000| PB 0x0000000097b00000| Untracked 
| 308|0x0000000097c00000, 0x0000000097d00000, 0x0000000097d00000|100%|HC|  |TAMS 0x0000000097c00000| PB 0x0000000097c00000| Untracked 
| 309|0x0000000097d00000, 0x0000000097e00000, 0x0000000097e00000|100%|HC|  |TAMS 0x0000000097d00000| PB 0x0000000097d00000| Untracked 
| 310|0x0000000097e00000, 0x0000000097f00000, 0x0000000097f00000|100%|HC|  |TAMS 0x0000000097e00000| PB 0x0000000097e00000| Untracked 
| 311|0x0000000097f00000, 0x0000000098000000, 0x0000000098000000|100%|HS|  |TAMS 0x0000000097f00000| PB 0x0000000097f00000| Untracked 
| 312|0x0000000098000000, 0x0000000098100000, 0x0000000098100000|100%|HC|  |TAMS 0x0000000098000000| PB 0x0000000098000000| Untracked 
| 313|0x0000000098100000, 0x0000000098200000, 0x0000000098200000|100%|HC|  |TAMS 0x0000000098100000| PB 0x0000000098100000| Untracked 
| 314|0x0000000098200000, 0x0000000098300000, 0x0000000098300000|100%|HC|  |TAMS 0x0000000098200000| PB 0x0000000098200000| Untracked 
| 315|0x0000000098300000, 0x0000000098400000, 0x0000000098400000|100%|HC|  |TAMS 0x0000000098300000| PB 0x0000000098300000| Untracked 
| 316|0x0000000098400000, 0x0000000098500000, 0x0000000098500000|100%|HC|  |TAMS 0x0000000098400000| PB 0x0000000098400000| Untracked 
| 317|0x0000000098500000, 0x0000000098600000, 0x0000000098600000|100%|HC|  |TAMS 0x0000000098500000| PB 0x0000000098500000| Untracked 
| 318|0x0000000098600000, 0x0000000098700000, 0x0000000098700000|100%|HC|  |TAMS 0x0000000098600000| PB 0x0000000098600000| Untracked 
| 319|0x0000000098700000, 0x0000000098800000, 0x0000000098800000|100%|HC|  |TAMS 0x0000000098700000| PB 0x0000000098700000| Untracked 
| 320|0x0000000098800000, 0x0000000098900000, 0x0000000098900000|100%|HC|  |TAMS 0x0000000098800000| PB 0x0000000098800000| Untracked 
| 321|0x0000000098900000, 0x0000000098a00000, 0x0000000098a00000|100%|HC|  |TAMS 0x0000000098900000| PB 0x0000000098900000| Untracked 
| 322|0x0000000098a00000, 0x0000000098b00000, 0x0000000098b00000|100%|HC|  |TAMS 0x0000000098a00000| PB 0x0000000098a00000| Untracked 
| 323|0x0000000098b00000, 0x0000000098c00000, 0x0000000098c00000|100%|HC|  |TAMS 0x0000000098b00000| PB 0x0000000098b00000| Untracked 
| 324|0x0000000098c00000, 0x0000000098d00000, 0x0000000098d00000|100%|HS|  |TAMS 0x0000000098c00000| PB 0x0000000098c00000| Untracked 
| 325|0x0000000098d00000, 0x0000000098e00000, 0x0000000098e00000|100%|HC|  |TAMS 0x0000000098d00000| PB 0x0000000098d00000| Untracked 
| 326|0x0000000098e00000, 0x0000000098f00000, 0x0000000098f00000|100%|HC|  |TAMS 0x0000000098e00000| PB 0x0000000098e00000| Untracked 
| 327|0x0000000098f00000, 0x0000000099000000, 0x0000000099000000|100%|HC|  |TAMS 0x0000000098f00000| PB 0x0000000098f00000| Untracked 
| 328|0x0000000099000000, 0x0000000099100000, 0x0000000099100000|100%|HC|  |TAMS 0x0000000099000000| PB 0x0000000099000000| Untracked 
| 329|0x0000000099100000, 0x0000000099200000, 0x0000000099200000|100%|HC|  |TAMS 0x0000000099100000| PB 0x0000000099100000| Untracked 
| 330|0x0000000099200000, 0x0000000099300000, 0x0000000099300000|100%|HC|  |TAMS 0x0000000099200000| PB 0x0000000099200000| Untracked 
| 331|0x0000000099300000, 0x0000000099400000, 0x0000000099400000|100%|HC|  |TAMS 0x0000000099300000| PB 0x0000000099300000| Untracked 
| 332|0x0000000099400000, 0x0000000099500000, 0x0000000099500000|100%|HC|  |TAMS 0x0000000099400000| PB 0x0000000099400000| Untracked 
| 333|0x0000000099500000, 0x0000000099600000, 0x0000000099600000|100%|HC|  |TAMS 0x0000000099500000| PB 0x0000000099500000| Untracked 
| 334|0x0000000099600000, 0x0000000099700000, 0x0000000099700000|100%|HC|  |TAMS 0x0000000099600000| PB 0x0000000099600000| Untracked 
| 335|0x0000000099700000, 0x0000000099800000, 0x0000000099800000|100%|HC|  |TAMS 0x0000000099700000| PB 0x0000000099700000| Untracked 
| 336|0x0000000099800000, 0x0000000099900000, 0x0000000099900000|100%|HC|  |TAMS 0x0000000099800000| PB 0x0000000099800000| Untracked 
| 337|0x0000000099900000, 0x0000000099a00000, 0x0000000099a00000|100%|HS|  |TAMS 0x0000000099900000| PB 0x0000000099900000| Untracked 
| 338|0x0000000099a00000, 0x0000000099b00000, 0x0000000099b00000|100%|HC|  |TAMS 0x0000000099a00000| PB 0x0000000099a00000| Untracked 
| 339|0x0000000099b00000, 0x0000000099c00000, 0x0000000099c00000|100%|HC|  |TAMS 0x0000000099b00000| PB 0x0000000099b00000| Untracked 
| 340|0x0000000099c00000, 0x0000000099d00000, 0x0000000099d00000|100%|HC|  |TAMS 0x0000000099c00000| PB 0x0000000099c00000| Untracked 
| 341|0x0000000099d00000, 0x0000000099e00000, 0x0000000099e00000|100%|HC|  |TAMS 0x0000000099d00000| PB 0x0000000099d00000| Untracked 
| 342|0x0000000099e00000, 0x0000000099f00000, 0x0000000099f00000|100%|HC|  |TAMS 0x0000000099e00000| PB 0x0000000099e00000| Untracked 
| 343|0x0000000099f00000, 0x000000009a000000, 0x000000009a000000|100%|HC|  |TAMS 0x0000000099f00000| PB 0x0000000099f00000| Untracked 
| 344|0x000000009a000000, 0x000000009a100000, 0x000000009a100000|100%|HC|  |TAMS 0x000000009a000000| PB 0x000000009a000000| Untracked 
| 345|0x000000009a100000, 0x000000009a200000, 0x000000009a200000|100%|HC|  |TAMS 0x000000009a100000| PB 0x000000009a100000| Untracked 
| 346|0x000000009a200000, 0x000000009a300000, 0x000000009a300000|100%|HC|  |TAMS 0x000000009a200000| PB 0x000000009a200000| Untracked 
| 347|0x000000009a300000, 0x000000009a400000, 0x000000009a400000|100%|HC|  |TAMS 0x000000009a300000| PB 0x000000009a300000| Untracked 
| 348|0x000000009a400000, 0x000000009a500000, 0x000000009a500000|100%|HC|  |TAMS 0x000000009a400000| PB 0x000000009a400000| Untracked 
| 349|0x000000009a500000, 0x000000009a600000, 0x000000009a600000|100%|HC|  |TAMS 0x000000009a500000| PB 0x000000009a500000| Untracked 
| 350|0x000000009a600000, 0x000000009a700000, 0x000000009a700000|100%|HS|  |TAMS 0x000000009a600000| PB 0x000000009a600000| Untracked 
| 351|0x000000009a700000, 0x000000009a800000, 0x000000009a800000|100%|HC|  |TAMS 0x000000009a700000| PB 0x000000009a700000| Untracked 
| 352|0x000000009a800000, 0x000000009a900000, 0x000000009a900000|100%|HC|  |TAMS 0x000000009a800000| PB 0x000000009a800000| Untracked 
| 353|0x000000009a900000, 0x000000009aa00000, 0x000000009aa00000|100%|HC|  |TAMS 0x000000009a900000| PB 0x000000009a900000| Untracked 
| 354|0x000000009aa00000, 0x000000009ab00000, 0x000000009ab00000|100%|HC|  |TAMS 0x000000009aa00000| PB 0x000000009aa00000| Untracked 
| 355|0x000000009ab00000, 0x000000009ac00000, 0x000000009ac00000|100%|HC|  |TAMS 0x000000009ab00000| PB 0x000000009ab00000| Untracked 
| 356|0x000000009ac00000, 0x000000009ad00000, 0x000000009ad00000|100%|HC|  |TAMS 0x000000009ac00000| PB 0x000000009ac00000| Untracked 
| 357|0x000000009ad00000, 0x000000009ae00000, 0x000000009ae00000|100%|HC|  |TAMS 0x000000009ad00000| PB 0x000000009ad00000| Untracked 
| 358|0x000000009ae00000, 0x000000009af00000, 0x000000009af00000|100%|HC|  |TAMS 0x000000009ae00000| PB 0x000000009ae00000| Untracked 
| 359|0x000000009af00000, 0x000000009b000000, 0x000000009b000000|100%|HC|  |TAMS 0x000000009af00000| PB 0x000000009af00000| Untracked 
| 360|0x000000009b000000, 0x000000009b100000, 0x000000009b100000|100%|HC|  |TAMS 0x000000009b000000| PB 0x000000009b000000| Untracked 
| 361|0x000000009b100000, 0x000000009b200000, 0x000000009b200000|100%|HC|  |TAMS 0x000000009b100000| PB 0x000000009b100000| Untracked 
| 362|0x000000009b200000, 0x000000009b300000, 0x000000009b300000|100%|HC|  |TAMS 0x000000009b200000| PB 0x000000009b200000| Untracked 
| 363|0x000000009b300000, 0x000000009b400000, 0x000000009b400000|100%|HS|  |TAMS 0x000000009b300000| PB 0x000000009b300000| Untracked 
| 364|0x000000009b400000, 0x000000009b500000, 0x000000009b500000|100%|HC|  |TAMS 0x000000009b400000| PB 0x000000009b400000| Untracked 
| 365|0x000000009b500000, 0x000000009b600000, 0x000000009b600000|100%|HC|  |TAMS 0x000000009b500000| PB 0x000000009b500000| Untracked 
| 366|0x000000009b600000, 0x000000009b700000, 0x000000009b700000|100%|HC|  |TAMS 0x000000009b600000| PB 0x000000009b600000| Untracked 
| 367|0x000000009b700000, 0x000000009b800000, 0x000000009b800000|100%|HC|  |TAMS 0x000000009b700000| PB 0x000000009b700000| Untracked 
| 368|0x000000009b800000, 0x000000009b900000, 0x000000009b900000|100%|HC|  |TAMS 0x000000009b800000| PB 0x000000009b800000| Untracked 
| 369|0x000000009b900000, 0x000000009ba00000, 0x000000009ba00000|100%|HC|  |TAMS 0x000000009b900000| PB 0x000000009b900000| Untracked 
| 370|0x000000009ba00000, 0x000000009bb00000, 0x000000009bb00000|100%|HC|  |TAMS 0x000000009ba00000| PB 0x000000009ba00000| Untracked 
| 371|0x000000009bb00000, 0x000000009bc00000, 0x000000009bc00000|100%|HC|  |TAMS 0x000000009bb00000| PB 0x000000009bb00000| Untracked 
| 372|0x000000009bc00000, 0x000000009bd00000, 0x000000009bd00000|100%|HC|  |TAMS 0x000000009bc00000| PB 0x000000009bc00000| Untracked 
| 373|0x000000009bd00000, 0x000000009be00000, 0x000000009be00000|100%|HC|  |TAMS 0x000000009bd00000| PB 0x000000009bd00000| Untracked 
| 374|0x000000009be00000, 0x000000009bf00000, 0x000000009bf00000|100%|HC|  |TAMS 0x000000009be00000| PB 0x000000009be00000| Untracked 
| 375|0x000000009bf00000, 0x000000009c000000, 0x000000009c000000|100%|HC|  |TAMS 0x000000009bf00000| PB 0x000000009bf00000| Untracked 
| 376|0x000000009c000000, 0x000000009c100000, 0x000000009c100000|100%|HC|  |TAMS 0x000000009c000000| PB 0x000000009c000000| Untracked 
| 377|0x000000009c100000, 0x000000009c200000, 0x000000009c200000|100%|HC|  |TAMS 0x000000009c100000| PB 0x000000009c100000| Untracked 
| 378|0x000000009c200000, 0x000000009c300000, 0x000000009c300000|100%|HC|  |TAMS 0x000000009c200000| PB 0x000000009c200000| Untracked 
| 379|0x000000009c300000, 0x000000009c400000, 0x000000009c400000|100%|HC|  |TAMS 0x000000009c300000| PB 0x000000009c300000| Untracked 
| 380|0x000000009c400000, 0x000000009c500000, 0x000000009c500000|100%|HS|  |TAMS 0x000000009c400000| PB 0x000000009c400000| Untracked 
| 381|0x000000009c500000, 0x000000009c600000, 0x000000009c600000|100%|HC|  |TAMS 0x000000009c500000| PB 0x000000009c500000| Untracked 
| 382|0x000000009c600000, 0x000000009c700000, 0x000000009c700000|100%|HC|  |TAMS 0x000000009c600000| PB 0x000000009c600000| Untracked 
| 383|0x000000009c700000, 0x000000009c800000, 0x000000009c800000|100%|HC|  |TAMS 0x000000009c700000| PB 0x000000009c700000| Untracked 
| 384|0x000000009c800000, 0x000000009c900000, 0x000000009c900000|100%|HC|  |TAMS 0x000000009c800000| PB 0x000000009c800000| Untracked 
| 385|0x000000009c900000, 0x000000009ca00000, 0x000000009ca00000|100%|HC|  |TAMS 0x000000009c900000| PB 0x000000009c900000| Untracked 
| 386|0x000000009ca00000, 0x000000009cb00000, 0x000000009cb00000|100%|HC|  |TAMS 0x000000009ca00000| PB 0x000000009ca00000| Untracked 
| 387|0x000000009cb00000, 0x000000009cc00000, 0x000000009cc00000|100%|HC|  |TAMS 0x000000009cb00000| PB 0x000000009cb00000| Untracked 
| 388|0x000000009cc00000, 0x000000009cd00000, 0x000000009cd00000|100%|HC|  |TAMS 0x000000009cc00000| PB 0x000000009cc00000| Untracked 
| 389|0x000000009cd00000, 0x000000009ce00000, 0x000000009ce00000|100%|HC|  |TAMS 0x000000009cd00000| PB 0x000000009cd00000| Untracked 
| 390|0x000000009ce00000, 0x000000009cf00000, 0x000000009cf00000|100%|HC|  |TAMS 0x000000009ce00000| PB 0x000000009ce00000| Untracked 
| 391|0x000000009cf00000, 0x000000009d000000, 0x000000009d000000|100%|HC|  |TAMS 0x000000009cf00000| PB 0x000000009cf00000| Untracked 
| 392|0x000000009d000000, 0x000000009d100000, 0x000000009d100000|100%|HC|  |TAMS 0x000000009d000000| PB 0x000000009d000000| Untracked 
| 393|0x000000009d100000, 0x000000009d200000, 0x000000009d200000|100%|HS|  |TAMS 0x000000009d100000| PB 0x000000009d100000| Untracked 
| 394|0x000000009d200000, 0x000000009d300000, 0x000000009d300000|100%|HC|  |TAMS 0x000000009d200000| PB 0x000000009d200000| Untracked 
| 395|0x000000009d300000, 0x000000009d400000, 0x000000009d400000|100%|HC|  |TAMS 0x000000009d300000| PB 0x000000009d300000| Untracked 
| 396|0x000000009d400000, 0x000000009d500000, 0x000000009d500000|100%|HC|  |TAMS 0x000000009d400000| PB 0x000000009d400000| Untracked 
| 397|0x000000009d500000, 0x000000009d600000, 0x000000009d600000|100%|HC|  |TAMS 0x000000009d500000| PB 0x000000009d500000| Untracked 
| 398|0x000000009d600000, 0x000000009d700000, 0x000000009d700000|100%|HC|  |TAMS 0x000000009d600000| PB 0x000000009d600000| Untracked 
| 399|0x000000009d700000, 0x000000009d800000, 0x000000009d800000|100%|HC|  |TAMS 0x000000009d700000| PB 0x000000009d700000| Untracked 
| 400|0x000000009d800000, 0x000000009d900000, 0x000000009d900000|100%|HC|  |TAMS 0x000000009d800000| PB 0x000000009d800000| Untracked 
| 401|0x000000009d900000, 0x000000009da00000, 0x000000009da00000|100%|HC|  |TAMS 0x000000009d900000| PB 0x000000009d900000| Untracked 
| 402|0x000000009da00000, 0x000000009db00000, 0x000000009db00000|100%|HC|  |TAMS 0x000000009da00000| PB 0x000000009da00000| Untracked 
| 403|0x000000009db00000, 0x000000009dc00000, 0x000000009dc00000|100%|HC|  |TAMS 0x000000009db00000| PB 0x000000009db00000| Untracked 
| 404|0x000000009dc00000, 0x000000009dd00000, 0x000000009dd00000|100%|HC|  |TAMS 0x000000009dc00000| PB 0x000000009dc00000| Untracked 
| 405|0x000000009dd00000, 0x000000009de00000, 0x000000009de00000|100%|HC|  |TAMS 0x000000009dd00000| PB 0x000000009dd00000| Untracked 
| 406|0x000000009de00000, 0x000000009df00000, 0x000000009df00000|100%|HS|  |TAMS 0x000000009de00000| PB 0x000000009de00000| Untracked 
| 407|0x000000009df00000, 0x000000009e000000, 0x000000009e000000|100%|HC|  |TAMS 0x000000009df00000| PB 0x000000009df00000| Untracked 
| 408|0x000000009e000000, 0x000000009e100000, 0x000000009e100000|100%|HC|  |TAMS 0x000000009e000000| PB 0x000000009e000000| Untracked 
| 409|0x000000009e100000, 0x000000009e200000, 0x000000009e200000|100%|HC|  |TAMS 0x000000009e100000| PB 0x000000009e100000| Untracked 
| 410|0x000000009e200000, 0x000000009e300000, 0x000000009e300000|100%|HC|  |TAMS 0x000000009e200000| PB 0x000000009e200000| Untracked 
| 411|0x000000009e300000, 0x000000009e400000, 0x000000009e400000|100%|HC|  |TAMS 0x000000009e300000| PB 0x000000009e300000| Untracked 
| 412|0x000000009e400000, 0x000000009e500000, 0x000000009e500000|100%|HC|  |TAMS 0x000000009e400000| PB 0x000000009e400000| Untracked 
| 413|0x000000009e500000, 0x000000009e600000, 0x000000009e600000|100%|HC|  |TAMS 0x000000009e500000| PB 0x000000009e500000| Untracked 
| 414|0x000000009e600000, 0x000000009e700000, 0x000000009e700000|100%|HC|  |TAMS 0x000000009e600000| PB 0x000000009e600000| Untracked 
| 415|0x000000009e700000, 0x000000009e800000, 0x000000009e800000|100%|HC|  |TAMS 0x000000009e700000| PB 0x000000009e700000| Untracked 
| 416|0x000000009e800000, 0x000000009e900000, 0x000000009e900000|100%|HC|  |TAMS 0x000000009e800000| PB 0x000000009e800000| Untracked 
| 417|0x000000009e900000, 0x000000009ea00000, 0x000000009ea00000|100%|HC|  |TAMS 0x000000009e900000| PB 0x000000009e900000| Untracked 
| 418|0x000000009ea00000, 0x000000009eb00000, 0x000000009eb00000|100%|HC|  |TAMS 0x000000009ea00000| PB 0x000000009ea00000| Untracked 
| 419|0x000000009eb00000, 0x000000009ec00000, 0x000000009ec00000|100%|HC|  |TAMS 0x000000009eb00000| PB 0x000000009eb00000| Untracked 
| 420|0x000000009ec00000, 0x000000009ed00000, 0x000000009ed00000|100%|HC|  |TAMS 0x000000009ec00000| PB 0x000000009ec00000| Untracked 
| 421|0x000000009ed00000, 0x000000009ee00000, 0x000000009ee00000|100%|HC|  |TAMS 0x000000009ed00000| PB 0x000000009ed00000| Untracked 
| 422|0x000000009ee00000, 0x000000009ef00000, 0x000000009ef00000|100%|HC|  |TAMS 0x000000009ee00000| PB 0x000000009ee00000| Untracked 
| 423|0x000000009ef00000, 0x000000009f000000, 0x000000009f000000|100%|HS|  |TAMS 0x000000009ef00000| PB 0x000000009ef00000| Untracked 
| 424|0x000000009f000000, 0x000000009f100000, 0x000000009f100000|100%|HC|  |TAMS 0x000000009f000000| PB 0x000000009f000000| Untracked 
| 425|0x000000009f100000, 0x000000009f200000, 0x000000009f200000|100%|HC|  |TAMS 0x000000009f100000| PB 0x000000009f100000| Untracked 
| 426|0x000000009f200000, 0x000000009f300000, 0x000000009f300000|100%|HC|  |TAMS 0x000000009f200000| PB 0x000000009f200000| Untracked 
| 427|0x000000009f300000, 0x000000009f400000, 0x000000009f400000|100%|HC|  |TAMS 0x000000009f300000| PB 0x000000009f300000| Untracked 
| 428|0x000000009f400000, 0x000000009f500000, 0x000000009f500000|100%|HC|  |TAMS 0x000000009f400000| PB 0x000000009f400000| Untracked 
| 429|0x000000009f500000, 0x000000009f600000, 0x000000009f600000|100%|HC|  |TAMS 0x000000009f500000| PB 0x000000009f500000| Untracked 
| 430|0x000000009f600000, 0x000000009f700000, 0x000000009f700000|100%|HC|  |TAMS 0x000000009f600000| PB 0x000000009f600000| Untracked 
| 431|0x000000009f700000, 0x000000009f800000, 0x000000009f800000|100%|HC|  |TAMS 0x000000009f700000| PB 0x000000009f700000| Untracked 
| 432|0x000000009f800000, 0x000000009f900000, 0x000000009f900000|100%|HC|  |TAMS 0x000000009f800000| PB 0x000000009f800000| Untracked 
| 433|0x000000009f900000, 0x000000009fa00000, 0x000000009fa00000|100%|HC|  |TAMS 0x000000009f900000| PB 0x000000009f900000| Untracked 
| 434|0x000000009fa00000, 0x000000009fb00000, 0x000000009fb00000|100%|HC|  |TAMS 0x000000009fa00000| PB 0x000000009fa00000| Untracked 
| 435|0x000000009fb00000, 0x000000009fc00000, 0x000000009fc00000|100%|HC|  |TAMS 0x000000009fb00000| PB 0x000000009fb00000| Untracked 
| 436|0x000000009fc00000, 0x000000009fd00000, 0x000000009fd00000|100%|HS|  |TAMS 0x000000009fc00000| PB 0x000000009fc00000| Untracked 
| 437|0x000000009fd00000, 0x000000009fe00000, 0x000000009fe00000|100%|HC|  |TAMS 0x000000009fd00000| PB 0x000000009fd00000| Untracked 
| 438|0x000000009fe00000, 0x000000009ff00000, 0x000000009ff00000|100%|HC|  |TAMS 0x000000009fe00000| PB 0x000000009fe00000| Untracked 
| 439|0x000000009ff00000, 0x00000000a0000000, 0x00000000a0000000|100%|HC|  |TAMS 0x000000009ff00000| PB 0x000000009ff00000| Untracked 
| 440|0x00000000a0000000, 0x00000000a0100000, 0x00000000a0100000|100%|HC|  |TAMS 0x00000000a0000000| PB 0x00000000a0000000| Untracked 
| 441|0x00000000a0100000, 0x00000000a0200000, 0x00000000a0200000|100%|HC|  |TAMS 0x00000000a0100000| PB 0x00000000a0100000| Untracked 
| 442|0x00000000a0200000, 0x00000000a0300000, 0x00000000a0300000|100%|HC|  |TAMS 0x00000000a0200000| PB 0x00000000a0200000| Untracked 
| 443|0x00000000a0300000, 0x00000000a0400000, 0x00000000a0400000|100%|HC|  |TAMS 0x00000000a0300000| PB 0x00000000a0300000| Untracked 
| 444|0x00000000a0400000, 0x00000000a0500000, 0x00000000a0500000|100%|HC|  |TAMS 0x00000000a0400000| PB 0x00000000a0400000| Untracked 
| 445|0x00000000a0500000, 0x00000000a0600000, 0x00000000a0600000|100%|HC|  |TAMS 0x00000000a0500000| PB 0x00000000a0500000| Untracked 
| 446|0x00000000a0600000, 0x00000000a0700000, 0x00000000a0700000|100%|HC|  |TAMS 0x00000000a0600000| PB 0x00000000a0600000| Untracked 
| 447|0x00000000a0700000, 0x00000000a0800000, 0x00000000a0800000|100%|HC|  |TAMS 0x00000000a0700000| PB 0x00000000a0700000| Untracked 
| 448|0x00000000a0800000, 0x00000000a0900000, 0x00000000a0900000|100%|HC|  |TAMS 0x00000000a0800000| PB 0x00000000a0800000| Untracked 
| 449|0x00000000a0900000, 0x00000000a0a00000, 0x00000000a0a00000|100%|HS|  |TAMS 0x00000000a0900000| PB 0x00000000a0900000| Untracked 
| 450|0x00000000a0a00000, 0x00000000a0b00000, 0x00000000a0b00000|100%|HC|  |TAMS 0x00000000a0a00000| PB 0x00000000a0a00000| Untracked 
| 451|0x00000000a0b00000, 0x00000000a0c00000, 0x00000000a0c00000|100%|HC|  |TAMS 0x00000000a0b00000| PB 0x00000000a0b00000| Untracked 
| 452|0x00000000a0c00000, 0x00000000a0d00000, 0x00000000a0d00000|100%|HC|  |TAMS 0x00000000a0c00000| PB 0x00000000a0c00000| Untracked 
| 453|0x00000000a0d00000, 0x00000000a0e00000, 0x00000000a0e00000|100%|HC|  |TAMS 0x00000000a0d00000| PB 0x00000000a0d00000| Untracked 
| 454|0x00000000a0e00000, 0x00000000a0f00000, 0x00000000a0f00000|100%|HC|  |TAMS 0x00000000a0e00000| PB 0x00000000a0e00000| Untracked 
| 455|0x00000000a0f00000, 0x00000000a1000000, 0x00000000a1000000|100%|HC|  |TAMS 0x00000000a0f00000| PB 0x00000000a0f00000| Untracked 
| 456|0x00000000a1000000, 0x00000000a1100000, 0x00000000a1100000|100%|HC|  |TAMS 0x00000000a1000000| PB 0x00000000a1000000| Untracked 
| 457|0x00000000a1100000, 0x00000000a1200000, 0x00000000a1200000|100%|HC|  |TAMS 0x00000000a1100000| PB 0x00000000a1100000| Untracked 
| 458|0x00000000a1200000, 0x00000000a1300000, 0x00000000a1300000|100%|HC|  |TAMS 0x00000000a1200000| PB 0x00000000a1200000| Untracked 
| 459|0x00000000a1300000, 0x00000000a1400000, 0x00000000a1400000|100%|HC|  |TAMS 0x00000000a1300000| PB 0x00000000a1300000| Untracked 
| 460|0x00000000a1400000, 0x00000000a1500000, 0x00000000a1500000|100%|HC|  |TAMS 0x00000000a1400000| PB 0x00000000a1400000| Untracked 
| 461|0x00000000a1500000, 0x00000000a1600000, 0x00000000a1600000|100%|HC|  |TAMS 0x00000000a1500000| PB 0x00000000a1500000| Untracked 
| 462|0x00000000a1600000, 0x00000000a1700000, 0x00000000a1700000|100%|HS|  |TAMS 0x00000000a1600000| PB 0x00000000a1600000| Untracked 
| 463|0x00000000a1700000, 0x00000000a1800000, 0x00000000a1800000|100%|HC|  |TAMS 0x00000000a1700000| PB 0x00000000a1700000| Untracked 
| 464|0x00000000a1800000, 0x00000000a1900000, 0x00000000a1900000|100%|HC|  |TAMS 0x00000000a1800000| PB 0x00000000a1800000| Untracked 
| 465|0x00000000a1900000, 0x00000000a1a00000, 0x00000000a1a00000|100%|HC|  |TAMS 0x00000000a1900000| PB 0x00000000a1900000| Untracked 
| 466|0x00000000a1a00000, 0x00000000a1b00000, 0x00000000a1b00000|100%|HC|  |TAMS 0x00000000a1a00000| PB 0x00000000a1a00000| Untracked 
| 467|0x00000000a1b00000, 0x00000000a1c00000, 0x00000000a1c00000|100%|HC|  |TAMS 0x00000000a1b00000| PB 0x00000000a1b00000| Untracked 
| 468|0x00000000a1c00000, 0x00000000a1d00000, 0x00000000a1d00000|100%|HC|  |TAMS 0x00000000a1c00000| PB 0x00000000a1c00000| Untracked 
| 469|0x00000000a1d00000, 0x00000000a1e00000, 0x00000000a1e00000|100%|HC|  |TAMS 0x00000000a1d00000| PB 0x00000000a1d00000| Untracked 
| 470|0x00000000a1e00000, 0x00000000a1f00000, 0x00000000a1f00000|100%|HC|  |TAMS 0x00000000a1e00000| PB 0x00000000a1e00000| Untracked 
| 471|0x00000000a1f00000, 0x00000000a2000000, 0x00000000a2000000|100%|HC|  |TAMS 0x00000000a1f00000| PB 0x00000000a1f00000| Untracked 
| 472|0x00000000a2000000, 0x00000000a2100000, 0x00000000a2100000|100%|HC|  |TAMS 0x00000000a2000000| PB 0x00000000a2000000| Untracked 
| 473|0x00000000a2100000, 0x00000000a2200000, 0x00000000a2200000|100%|HC|  |TAMS 0x00000000a2100000| PB 0x00000000a2100000| Untracked 
| 474|0x00000000a2200000, 0x00000000a2300000, 0x00000000a2300000|100%|HC|  |TAMS 0x00000000a2200000| PB 0x00000000a2200000| Untracked 
| 475|0x00000000a2300000, 0x00000000a2400000, 0x00000000a2400000|100%|HS|  |TAMS 0x00000000a2300000| PB 0x00000000a2300000| Untracked 
| 476|0x00000000a2400000, 0x00000000a2500000, 0x00000000a2500000|100%|HC|  |TAMS 0x00000000a2400000| PB 0x00000000a2400000| Untracked 
| 477|0x00000000a2500000, 0x00000000a2600000, 0x00000000a2600000|100%|HC|  |TAMS 0x00000000a2500000| PB 0x00000000a2500000| Untracked 
| 478|0x00000000a2600000, 0x00000000a2700000, 0x00000000a2700000|100%|HC|  |TAMS 0x00000000a2600000| PB 0x00000000a2600000| Untracked 
| 479|0x00000000a2700000, 0x00000000a2800000, 0x00000000a2800000|100%|HC|  |TAMS 0x00000000a2700000| PB 0x00000000a2700000| Untracked 
| 480|0x00000000a2800000, 0x00000000a2900000, 0x00000000a2900000|100%|HC|  |TAMS 0x00000000a2800000| PB 0x00000000a2800000| Untracked 
| 481|0x00000000a2900000, 0x00000000a2a00000, 0x00000000a2a00000|100%|HC|  |TAMS 0x00000000a2900000| PB 0x00000000a2900000| Untracked 
| 482|0x00000000a2a00000, 0x00000000a2b00000, 0x00000000a2b00000|100%|HC|  |TAMS 0x00000000a2a00000| PB 0x00000000a2a00000| Untracked 
| 483|0x00000000a2b00000, 0x00000000a2c00000, 0x00000000a2c00000|100%|HC|  |TAMS 0x00000000a2b00000| PB 0x00000000a2b00000| Untracked 
| 484|0x00000000a2c00000, 0x00000000a2d00000, 0x00000000a2d00000|100%|HC|  |TAMS 0x00000000a2c00000| PB 0x00000000a2c00000| Untracked 
| 485|0x00000000a2d00000, 0x00000000a2e00000, 0x00000000a2e00000|100%|HC|  |TAMS 0x00000000a2d00000| PB 0x00000000a2d00000| Untracked 
| 486|0x00000000a2e00000, 0x00000000a2f00000, 0x00000000a2f00000|100%|HC|  |TAMS 0x00000000a2e00000| PB 0x00000000a2e00000| Untracked 
| 487|0x00000000a2f00000, 0x00000000a3000000, 0x00000000a3000000|100%|HC|  |TAMS 0x00000000a2f00000| PB 0x00000000a2f00000| Untracked 
| 488|0x00000000a3000000, 0x00000000a3100000, 0x00000000a3100000|100%|HS|  |TAMS 0x00000000a3000000| PB 0x00000000a3000000| Untracked 
| 489|0x00000000a3100000, 0x00000000a3200000, 0x00000000a3200000|100%|HC|  |TAMS 0x00000000a3100000| PB 0x00000000a3100000| Untracked 
| 490|0x00000000a3200000, 0x00000000a3300000, 0x00000000a3300000|100%|HC|  |TAMS 0x00000000a3200000| PB 0x00000000a3200000| Untracked 
| 491|0x00000000a3300000, 0x00000000a3400000, 0x00000000a3400000|100%|HC|  |TAMS 0x00000000a3300000| PB 0x00000000a3300000| Untracked 
| 492|0x00000000a3400000, 0x00000000a3500000, 0x00000000a3500000|100%|HC|  |TAMS 0x00000000a3400000| PB 0x00000000a3400000| Untracked 
| 493|0x00000000a3500000, 0x00000000a3600000, 0x00000000a3600000|100%|HC|  |TAMS 0x00000000a3500000| PB 0x00000000a3500000| Untracked 
| 494|0x00000000a3600000, 0x00000000a3700000, 0x00000000a3700000|100%|HC|  |TAMS 0x00000000a3600000| PB 0x00000000a3600000| Untracked 
| 495|0x00000000a3700000, 0x00000000a3800000, 0x00000000a3800000|100%|HC|  |TAMS 0x00000000a3700000| PB 0x00000000a3700000| Untracked 
| 496|0x00000000a3800000, 0x00000000a3900000, 0x00000000a3900000|100%|HC|  |TAMS 0x00000000a3800000| PB 0x00000000a3800000| Untracked 
| 497|0x00000000a3900000, 0x00000000a3a00000, 0x00000000a3a00000|100%|HC|  |TAMS 0x00000000a3900000| PB 0x00000000a3900000| Untracked 
| 498|0x00000000a3a00000, 0x00000000a3b00000, 0x00000000a3b00000|100%|HC|  |TAMS 0x00000000a3a00000| PB 0x00000000a3a00000| Untracked 
| 499|0x00000000a3b00000, 0x00000000a3c00000, 0x00000000a3c00000|100%|HC|  |TAMS 0x00000000a3b00000| PB 0x00000000a3b00000| Untracked 
| 500|0x00000000a3c00000, 0x00000000a3d00000, 0x00000000a3d00000|100%|HC|  |TAMS 0x00000000a3c00000| PB 0x00000000a3c00000| Untracked 
| 501|0x00000000a3d00000, 0x00000000a3e00000, 0x00000000a3e00000|100%|HS|  |TAMS 0x00000000a3d00000| PB 0x00000000a3d00000| Untracked 
| 502|0x00000000a3e00000, 0x00000000a3f00000, 0x00000000a3f00000|100%|HC|  |TAMS 0x00000000a3e00000| PB 0x00000000a3e00000| Untracked 
| 503|0x00000000a3f00000, 0x00000000a4000000, 0x00000000a4000000|100%|HC|  |TAMS 0x00000000a3f00000| PB 0x00000000a3f00000| Untracked 
| 504|0x00000000a4000000, 0x00000000a4100000, 0x00000000a4100000|100%|HC|  |TAMS 0x00000000a4000000| PB 0x00000000a4000000| Untracked 
| 505|0x00000000a4100000, 0x00000000a4200000, 0x00000000a4200000|100%|HC|  |TAMS 0x00000000a4100000| PB 0x00000000a4100000| Untracked 
| 506|0x00000000a4200000, 0x00000000a4300000, 0x00000000a4300000|100%|HC|  |TAMS 0x00000000a4200000| PB 0x00000000a4200000| Untracked 
| 507|0x00000000a4300000, 0x00000000a4400000, 0x00000000a4400000|100%|HC|  |TAMS 0x00000000a4300000| PB 0x00000000a4300000| Untracked 
| 508|0x00000000a4400000, 0x00000000a4500000, 0x00000000a4500000|100%|HC|  |TAMS 0x00000000a4400000| PB 0x00000000a4400000| Untracked 
| 509|0x00000000a4500000, 0x00000000a4600000, 0x00000000a4600000|100%|HC|  |TAMS 0x00000000a4500000| PB 0x00000000a4500000| Untracked 
| 510|0x00000000a4600000, 0x00000000a4700000, 0x00000000a4700000|100%|HC|  |TAMS 0x00000000a4600000| PB 0x00000000a4600000| Untracked 
| 511|0x00000000a4700000, 0x00000000a4800000, 0x00000000a4800000|100%|HC|  |TAMS 0x00000000a4700000| PB 0x00000000a4700000| Untracked 
| 512|0x00000000a4800000, 0x00000000a4900000, 0x00000000a4900000|100%|HC|  |TAMS 0x00000000a4800000| PB 0x00000000a4800000| Untracked 
| 513|0x00000000a4900000, 0x00000000a4a00000, 0x00000000a4a00000|100%|HC|  |TAMS 0x00000000a4900000| PB 0x00000000a4900000| Untracked 
| 514|0x00000000a4a00000, 0x00000000a4b00000, 0x00000000a4b00000|100%|HS|  |TAMS 0x00000000a4a00000| PB 0x00000000a4a00000| Untracked 
| 515|0x00000000a4b00000, 0x00000000a4c00000, 0x00000000a4c00000|100%|HC|  |TAMS 0x00000000a4b00000| PB 0x00000000a4b00000| Untracked 
| 516|0x00000000a4c00000, 0x00000000a4d00000, 0x00000000a4d00000|100%|HC|  |TAMS 0x00000000a4c00000| PB 0x00000000a4c00000| Untracked 
| 517|0x00000000a4d00000, 0x00000000a4e00000, 0x00000000a4e00000|100%|HC|  |TAMS 0x00000000a4d00000| PB 0x00000000a4d00000| Untracked 
| 518|0x00000000a4e00000, 0x00000000a4f00000, 0x00000000a4f00000|100%|HC|  |TAMS 0x00000000a4e00000| PB 0x00000000a4e00000| Untracked 
| 519|0x00000000a4f00000, 0x00000000a5000000, 0x00000000a5000000|100%|HC|  |TAMS 0x00000000a4f00000| PB 0x00000000a4f00000| Untracked 
| 520|0x00000000a5000000, 0x00000000a5100000, 0x00000000a5100000|100%|HC|  |TAMS 0x00000000a5000000| PB 0x00000000a5000000| Untracked 
| 521|0x00000000a5100000, 0x00000000a5200000, 0x00000000a5200000|100%|HC|  |TAMS 0x00000000a5100000| PB 0x00000000a5100000| Untracked 
| 522|0x00000000a5200000, 0x00000000a5300000, 0x00000000a5300000|100%|HC|  |TAMS 0x00000000a5200000| PB 0x00000000a5200000| Untracked 
| 523|0x00000000a5300000, 0x00000000a5400000, 0x00000000a5400000|100%|HC|  |TAMS 0x00000000a5300000| PB 0x00000000a5300000| Untracked 
| 524|0x00000000a5400000, 0x00000000a5500000, 0x00000000a5500000|100%|HC|  |TAMS 0x00000000a5400000| PB 0x00000000a5400000| Untracked 
| 525|0x00000000a5500000, 0x00000000a5600000, 0x00000000a5600000|100%|HC|  |TAMS 0x00000000a5500000| PB 0x00000000a5500000| Untracked 
| 526|0x00000000a5600000, 0x00000000a5700000, 0x00000000a5700000|100%|HC|  |TAMS 0x00000000a5600000| PB 0x00000000a5600000| Untracked 
| 527|0x00000000a5700000, 0x00000000a5800000, 0x00000000a5800000|100%|HS|  |TAMS 0x00000000a5700000| PB 0x00000000a5700000| Untracked 
| 528|0x00000000a5800000, 0x00000000a5900000, 0x00000000a5900000|100%|HC|  |TAMS 0x00000000a5800000| PB 0x00000000a5800000| Untracked 
| 529|0x00000000a5900000, 0x00000000a5a00000, 0x00000000a5a00000|100%|HC|  |TAMS 0x00000000a5900000| PB 0x00000000a5900000| Untracked 
| 530|0x00000000a5a00000, 0x00000000a5b00000, 0x00000000a5b00000|100%|HC|  |TAMS 0x00000000a5a00000| PB 0x00000000a5a00000| Untracked 
| 531|0x00000000a5b00000, 0x00000000a5c00000, 0x00000000a5c00000|100%|HC|  |TAMS 0x00000000a5b00000| PB 0x00000000a5b00000| Untracked 
| 532|0x00000000a5c00000, 0x00000000a5d00000, 0x00000000a5d00000|100%|HC|  |TAMS 0x00000000a5c00000| PB 0x00000000a5c00000| Untracked 
| 533|0x00000000a5d00000, 0x00000000a5e00000, 0x00000000a5e00000|100%|HC|  |TAMS 0x00000000a5d00000| PB 0x00000000a5d00000| Untracked 
| 534|0x00000000a5e00000, 0x00000000a5f00000, 0x00000000a5f00000|100%|HC|  |TAMS 0x00000000a5e00000| PB 0x00000000a5e00000| Untracked 
| 535|0x00000000a5f00000, 0x00000000a6000000, 0x00000000a6000000|100%|HC|  |TAMS 0x00000000a5f00000| PB 0x00000000a5f00000| Untracked 
| 536|0x00000000a6000000, 0x00000000a6100000, 0x00000000a6100000|100%|HC|  |TAMS 0x00000000a6000000| PB 0x00000000a6000000| Untracked 
| 537|0x00000000a6100000, 0x00000000a6200000, 0x00000000a6200000|100%|HC|  |TAMS 0x00000000a6100000| PB 0x00000000a6100000| Untracked 
| 538|0x00000000a6200000, 0x00000000a6300000, 0x00000000a6300000|100%|HC|  |TAMS 0x00000000a6200000| PB 0x00000000a6200000| Untracked 
| 539|0x00000000a6300000, 0x00000000a6400000, 0x00000000a6400000|100%|HC|  |TAMS 0x00000000a6300000| PB 0x00000000a6300000| Untracked 
| 540|0x00000000a6400000, 0x00000000a6500000, 0x00000000a6500000|100%|HS|  |TAMS 0x00000000a6400000| PB 0x00000000a6400000| Untracked 
| 541|0x00000000a6500000, 0x00000000a6600000, 0x00000000a6600000|100%|HC|  |TAMS 0x00000000a6500000| PB 0x00000000a6500000| Untracked 
| 542|0x00000000a6600000, 0x00000000a6700000, 0x00000000a6700000|100%|HC|  |TAMS 0x00000000a6600000| PB 0x00000000a6600000| Untracked 
| 543|0x00000000a6700000, 0x00000000a6800000, 0x00000000a6800000|100%|HC|  |TAMS 0x00000000a6700000| PB 0x00000000a6700000| Untracked 
| 544|0x00000000a6800000, 0x00000000a6900000, 0x00000000a6900000|100%|HC|  |TAMS 0x00000000a6800000| PB 0x00000000a6800000| Untracked 
| 545|0x00000000a6900000, 0x00000000a6a00000, 0x00000000a6a00000|100%|HC|  |TAMS 0x00000000a6900000| PB 0x00000000a6900000| Untracked 
| 546|0x00000000a6a00000, 0x00000000a6b00000, 0x00000000a6b00000|100%|HC|  |TAMS 0x00000000a6a00000| PB 0x00000000a6a00000| Untracked 
| 547|0x00000000a6b00000, 0x00000000a6c00000, 0x00000000a6c00000|100%|HC|  |TAMS 0x00000000a6b00000| PB 0x00000000a6b00000| Untracked 
| 548|0x00000000a6c00000, 0x00000000a6d00000, 0x00000000a6d00000|100%|HC|  |TAMS 0x00000000a6c00000| PB 0x00000000a6c00000| Untracked 
| 549|0x00000000a6d00000, 0x00000000a6e00000, 0x00000000a6e00000|100%|HC|  |TAMS 0x00000000a6d00000| PB 0x00000000a6d00000| Untracked 
| 550|0x00000000a6e00000, 0x00000000a6f00000, 0x00000000a6f00000|100%|HC|  |TAMS 0x00000000a6e00000| PB 0x00000000a6e00000| Untracked 
| 551|0x00000000a6f00000, 0x00000000a7000000, 0x00000000a7000000|100%|HC|  |TAMS 0x00000000a6f00000| PB 0x00000000a6f00000| Untracked 
| 552|0x00000000a7000000, 0x00000000a7100000, 0x00000000a7100000|100%|HC|  |TAMS 0x00000000a7000000| PB 0x00000000a7000000| Untracked 
| 553|0x00000000a7100000, 0x00000000a7200000, 0x00000000a7200000|100%|HS|  |TAMS 0x00000000a7100000| PB 0x00000000a7100000| Untracked 
| 554|0x00000000a7200000, 0x00000000a7300000, 0x00000000a7300000|100%|HC|  |TAMS 0x00000000a7200000| PB 0x00000000a7200000| Untracked 
| 555|0x00000000a7300000, 0x00000000a7400000, 0x00000000a7400000|100%|HC|  |TAMS 0x00000000a7300000| PB 0x00000000a7300000| Untracked 
| 556|0x00000000a7400000, 0x00000000a7500000, 0x00000000a7500000|100%|HC|  |TAMS 0x00000000a7400000| PB 0x00000000a7400000| Untracked 
| 557|0x00000000a7500000, 0x00000000a7600000, 0x00000000a7600000|100%|HC|  |TAMS 0x00000000a7500000| PB 0x00000000a7500000| Untracked 
| 558|0x00000000a7600000, 0x00000000a7700000, 0x00000000a7700000|100%|HC|  |TAMS 0x00000000a7600000| PB 0x00000000a7600000| Untracked 
| 559|0x00000000a7700000, 0x00000000a7800000, 0x00000000a7800000|100%|HC|  |TAMS 0x00000000a7700000| PB 0x00000000a7700000| Untracked 
| 560|0x00000000a7800000, 0x00000000a7900000, 0x00000000a7900000|100%|HC|  |TAMS 0x00000000a7800000| PB 0x00000000a7800000| Untracked 
| 561|0x00000000a7900000, 0x00000000a7a00000, 0x00000000a7a00000|100%|HC|  |TAMS 0x00000000a7900000| PB 0x00000000a7900000| Untracked 
| 562|0x00000000a7a00000, 0x00000000a7b00000, 0x00000000a7b00000|100%|HC|  |TAMS 0x00000000a7a00000| PB 0x00000000a7a00000| Untracked 
| 563|0x00000000a7b00000, 0x00000000a7c00000, 0x00000000a7c00000|100%|HC|  |TAMS 0x00000000a7b00000| PB 0x00000000a7b00000| Untracked 
| 564|0x00000000a7c00000, 0x00000000a7d00000, 0x00000000a7d00000|100%|HC|  |TAMS 0x00000000a7c00000| PB 0x00000000a7c00000| Untracked 
| 565|0x00000000a7d00000, 0x00000000a7e00000, 0x00000000a7e00000|100%|HC|  |TAMS 0x00000000a7d00000| PB 0x00000000a7d00000| Untracked 
| 566|0x00000000a7e00000, 0x00000000a7f00000, 0x00000000a7f00000|100%|HS|  |TAMS 0x00000000a7e00000| PB 0x00000000a7e00000| Untracked 
| 567|0x00000000a7f00000, 0x00000000a8000000, 0x00000000a8000000|100%|HC|  |TAMS 0x00000000a7f00000| PB 0x00000000a7f00000| Untracked 
| 568|0x00000000a8000000, 0x00000000a8100000, 0x00000000a8100000|100%|HC|  |TAMS 0x00000000a8000000| PB 0x00000000a8000000| Untracked 
| 569|0x00000000a8100000, 0x00000000a8200000, 0x00000000a8200000|100%|HC|  |TAMS 0x00000000a8100000| PB 0x00000000a8100000| Untracked 
| 570|0x00000000a8200000, 0x00000000a8300000, 0x00000000a8300000|100%|HC|  |TAMS 0x00000000a8200000| PB 0x00000000a8200000| Untracked 
| 571|0x00000000a8300000, 0x00000000a8400000, 0x00000000a8400000|100%|HC|  |TAMS 0x00000000a8300000| PB 0x00000000a8300000| Untracked 
| 572|0x00000000a8400000, 0x00000000a8500000, 0x00000000a8500000|100%|HC|  |TAMS 0x00000000a8400000| PB 0x00000000a8400000| Untracked 
| 573|0x00000000a8500000, 0x00000000a8600000, 0x00000000a8600000|100%|HC|  |TAMS 0x00000000a8500000| PB 0x00000000a8500000| Untracked 
| 574|0x00000000a8600000, 0x00000000a8700000, 0x00000000a8700000|100%|HC|  |TAMS 0x00000000a8600000| PB 0x00000000a8600000| Untracked 
| 575|0x00000000a8700000, 0x00000000a8800000, 0x00000000a8800000|100%|HC|  |TAMS 0x00000000a8700000| PB 0x00000000a8700000| Untracked 
| 576|0x00000000a8800000, 0x00000000a8900000, 0x00000000a8900000|100%|HC|  |TAMS 0x00000000a8800000| PB 0x00000000a8800000| Untracked 
| 577|0x00000000a8900000, 0x00000000a8a00000, 0x00000000a8a00000|100%|HC|  |TAMS 0x00000000a8900000| PB 0x00000000a8900000| Untracked 
| 578|0x00000000a8a00000, 0x00000000a8b00000, 0x00000000a8b00000|100%|HC|  |TAMS 0x00000000a8a00000| PB 0x00000000a8a00000| Untracked 
| 579|0x00000000a8b00000, 0x00000000a8c00000, 0x00000000a8c00000|100%|HS|  |TAMS 0x00000000a8b00000| PB 0x00000000a8b00000| Untracked 
| 580|0x00000000a8c00000, 0x00000000a8d00000, 0x00000000a8d00000|100%|HC|  |TAMS 0x00000000a8c00000| PB 0x00000000a8c00000| Untracked 
| 581|0x00000000a8d00000, 0x00000000a8e00000, 0x00000000a8e00000|100%|HC|  |TAMS 0x00000000a8d00000| PB 0x00000000a8d00000| Untracked 
| 582|0x00000000a8e00000, 0x00000000a8f00000, 0x00000000a8f00000|100%|HC|  |TAMS 0x00000000a8e00000| PB 0x00000000a8e00000| Untracked 
| 583|0x00000000a8f00000, 0x00000000a9000000, 0x00000000a9000000|100%|HC|  |TAMS 0x00000000a8f00000| PB 0x00000000a8f00000| Untracked 
| 584|0x00000000a9000000, 0x00000000a9100000, 0x00000000a9100000|100%|HC|  |TAMS 0x00000000a9000000| PB 0x00000000a9000000| Untracked 
| 585|0x00000000a9100000, 0x00000000a9200000, 0x00000000a9200000|100%|HC|  |TAMS 0x00000000a9100000| PB 0x00000000a9100000| Untracked 
| 586|0x00000000a9200000, 0x00000000a9300000, 0x00000000a9300000|100%|HC|  |TAMS 0x00000000a9200000| PB 0x00000000a9200000| Untracked 
| 587|0x00000000a9300000, 0x00000000a9400000, 0x00000000a9400000|100%|HC|  |TAMS 0x00000000a9300000| PB 0x00000000a9300000| Untracked 
| 588|0x00000000a9400000, 0x00000000a9500000, 0x00000000a9500000|100%|HC|  |TAMS 0x00000000a9400000| PB 0x00000000a9400000| Untracked 
| 589|0x00000000a9500000, 0x00000000a9600000, 0x00000000a9600000|100%|HC|  |TAMS 0x00000000a9500000| PB 0x00000000a9500000| Untracked 
| 590|0x00000000a9600000, 0x00000000a9700000, 0x00000000a9700000|100%|HC|  |TAMS 0x00000000a9600000| PB 0x00000000a9600000| Untracked 
| 591|0x00000000a9700000, 0x00000000a9800000, 0x00000000a9800000|100%|HC|  |TAMS 0x00000000a9700000| PB 0x00000000a9700000| Untracked 
| 592|0x00000000a9800000, 0x00000000a9900000, 0x00000000a9900000|100%|HS|  |TAMS 0x00000000a9800000| PB 0x00000000a9800000| Untracked 
| 593|0x00000000a9900000, 0x00000000a9a00000, 0x00000000a9a00000|100%|HC|  |TAMS 0x00000000a9900000| PB 0x00000000a9900000| Untracked 
| 594|0x00000000a9a00000, 0x00000000a9b00000, 0x00000000a9b00000|100%|HC|  |TAMS 0x00000000a9a00000| PB 0x00000000a9a00000| Untracked 
| 595|0x00000000a9b00000, 0x00000000a9c00000, 0x00000000a9c00000|100%|HC|  |TAMS 0x00000000a9b00000| PB 0x00000000a9b00000| Untracked 
| 596|0x00000000a9c00000, 0x00000000a9d00000, 0x00000000a9d00000|100%|HC|  |TAMS 0x00000000a9c00000| PB 0x00000000a9c00000| Untracked 
| 597|0x00000000a9d00000, 0x00000000a9e00000, 0x00000000a9e00000|100%|HC|  |TAMS 0x00000000a9d00000| PB 0x00000000a9d00000| Untracked 
| 598|0x00000000a9e00000, 0x00000000a9f00000, 0x00000000a9f00000|100%|HC|  |TAMS 0x00000000a9e00000| PB 0x00000000a9e00000| Untracked 
| 599|0x00000000a9f00000, 0x00000000aa000000, 0x00000000aa000000|100%|HC|  |TAMS 0x00000000a9f00000| PB 0x00000000a9f00000| Untracked 
| 600|0x00000000aa000000, 0x00000000aa100000, 0x00000000aa100000|100%|HC|  |TAMS 0x00000000aa000000| PB 0x00000000aa000000| Untracked 
| 601|0x00000000aa100000, 0x00000000aa200000, 0x00000000aa200000|100%|HC|  |TAMS 0x00000000aa100000| PB 0x00000000aa100000| Untracked 
| 602|0x00000000aa200000, 0x00000000aa300000, 0x00000000aa300000|100%|HC|  |TAMS 0x00000000aa200000| PB 0x00000000aa200000| Untracked 
| 603|0x00000000aa300000, 0x00000000aa400000, 0x00000000aa400000|100%|HC|  |TAMS 0x00000000aa300000| PB 0x00000000aa300000| Untracked 
| 604|0x00000000aa400000, 0x00000000aa500000, 0x00000000aa500000|100%|HC|  |TAMS 0x00000000aa400000| PB 0x00000000aa400000| Untracked 
| 605|0x00000000aa500000, 0x00000000aa600000, 0x00000000aa600000|100%|HS|  |TAMS 0x00000000aa500000| PB 0x00000000aa500000| Untracked 
| 606|0x00000000aa600000, 0x00000000aa700000, 0x00000000aa700000|100%|HC|  |TAMS 0x00000000aa600000| PB 0x00000000aa600000| Untracked 
| 607|0x00000000aa700000, 0x00000000aa800000, 0x00000000aa800000|100%|HC|  |TAMS 0x00000000aa700000| PB 0x00000000aa700000| Untracked 
| 608|0x00000000aa800000, 0x00000000aa900000, 0x00000000aa900000|100%|HC|  |TAMS 0x00000000aa800000| PB 0x00000000aa800000| Untracked 
| 609|0x00000000aa900000, 0x00000000aaa00000, 0x00000000aaa00000|100%|HC|  |TAMS 0x00000000aa900000| PB 0x00000000aa900000| Untracked 
| 610|0x00000000aaa00000, 0x00000000aab00000, 0x00000000aab00000|100%|HC|  |TAMS 0x00000000aaa00000| PB 0x00000000aaa00000| Untracked 
| 611|0x00000000aab00000, 0x00000000aac00000, 0x00000000aac00000|100%|HC|  |TAMS 0x00000000aab00000| PB 0x00000000aab00000| Untracked 
| 612|0x00000000aac00000, 0x00000000aad00000, 0x00000000aad00000|100%|HC|  |TAMS 0x00000000aac00000| PB 0x00000000aac00000| Untracked 
| 613|0x00000000aad00000, 0x00000000aae00000, 0x00000000aae00000|100%|HC|  |TAMS 0x00000000aad00000| PB 0x00000000aad00000| Untracked 
| 614|0x00000000aae00000, 0x00000000aaf00000, 0x00000000aaf00000|100%|HC|  |TAMS 0x00000000aae00000| PB 0x00000000aae00000| Untracked 
| 615|0x00000000aaf00000, 0x00000000ab000000, 0x00000000ab000000|100%|HC|  |TAMS 0x00000000aaf00000| PB 0x00000000aaf00000| Untracked 
| 616|0x00000000ab000000, 0x00000000ab100000, 0x00000000ab100000|100%|HC|  |TAMS 0x00000000ab000000| PB 0x00000000ab000000| Untracked 
| 617|0x00000000ab100000, 0x00000000ab200000, 0x00000000ab200000|100%|HC|  |TAMS 0x00000000ab100000| PB 0x00000000ab100000| Untracked 
| 618|0x00000000ab200000, 0x00000000ab300000, 0x00000000ab300000|100%|HS|  |TAMS 0x00000000ab200000| PB 0x00000000ab200000| Untracked 
| 619|0x00000000ab300000, 0x00000000ab400000, 0x00000000ab400000|100%|HC|  |TAMS 0x00000000ab300000| PB 0x00000000ab300000| Untracked 
| 620|0x00000000ab400000, 0x00000000ab500000, 0x00000000ab500000|100%|HC|  |TAMS 0x00000000ab400000| PB 0x00000000ab400000| Untracked 
| 621|0x00000000ab500000, 0x00000000ab600000, 0x00000000ab600000|100%|HC|  |TAMS 0x00000000ab500000| PB 0x00000000ab500000| Untracked 
| 622|0x00000000ab600000, 0x00000000ab700000, 0x00000000ab700000|100%|HC|  |TAMS 0x00000000ab600000| PB 0x00000000ab600000| Untracked 
| 623|0x00000000ab700000, 0x00000000ab800000, 0x00000000ab800000|100%|HC|  |TAMS 0x00000000ab700000| PB 0x00000000ab700000| Untracked 
| 624|0x00000000ab800000, 0x00000000ab900000, 0x00000000ab900000|100%|HC|  |TAMS 0x00000000ab800000| PB 0x00000000ab800000| Untracked 
| 625|0x00000000ab900000, 0x00000000aba00000, 0x00000000aba00000|100%|HC|  |TAMS 0x00000000ab900000| PB 0x00000000ab900000| Untracked 
| 626|0x00000000aba00000, 0x00000000abb00000, 0x00000000abb00000|100%|HC|  |TAMS 0x00000000aba00000| PB 0x00000000aba00000| Untracked 
| 627|0x00000000abb00000, 0x00000000abc00000, 0x00000000abc00000|100%|HC|  |TAMS 0x00000000abb00000| PB 0x00000000abb00000| Untracked 
| 628|0x00000000abc00000, 0x00000000abd00000, 0x00000000abd00000|100%|HC|  |TAMS 0x00000000abc00000| PB 0x00000000abc00000| Untracked 
| 629|0x00000000abd00000, 0x00000000abe00000, 0x00000000abe00000|100%|HC|  |TAMS 0x00000000abd00000| PB 0x00000000abd00000| Untracked 
| 630|0x00000000abe00000, 0x00000000abf00000, 0x00000000abf00000|100%|HC|  |TAMS 0x00000000abe00000| PB 0x00000000abe00000| Untracked 
| 631|0x00000000abf00000, 0x00000000ac000000, 0x00000000ac000000|100%|HS|  |TAMS 0x00000000abf00000| PB 0x00000000abf00000| Untracked 
| 632|0x00000000ac000000, 0x00000000ac100000, 0x00000000ac100000|100%|HC|  |TAMS 0x00000000ac000000| PB 0x00000000ac000000| Untracked 
| 633|0x00000000ac100000, 0x00000000ac200000, 0x00000000ac200000|100%|HC|  |TAMS 0x00000000ac100000| PB 0x00000000ac100000| Untracked 
| 634|0x00000000ac200000, 0x00000000ac300000, 0x00000000ac300000|100%|HC|  |TAMS 0x00000000ac200000| PB 0x00000000ac200000| Untracked 
| 635|0x00000000ac300000, 0x00000000ac400000, 0x00000000ac400000|100%|HC|  |TAMS 0x00000000ac300000| PB 0x00000000ac300000| Untracked 
| 636|0x00000000ac400000, 0x00000000ac500000, 0x00000000ac500000|100%|HC|  |TAMS 0x00000000ac400000| PB 0x00000000ac400000| Untracked 
| 637|0x00000000ac500000, 0x00000000ac600000, 0x00000000ac600000|100%|HC|  |TAMS 0x00000000ac500000| PB 0x00000000ac500000| Untracked 
| 638|0x00000000ac600000, 0x00000000ac700000, 0x00000000ac700000|100%|HC|  |TAMS 0x00000000ac600000| PB 0x00000000ac600000| Untracked 
| 639|0x00000000ac700000, 0x00000000ac800000, 0x00000000ac800000|100%|HC|  |TAMS 0x00000000ac700000| PB 0x00000000ac700000| Untracked 
| 640|0x00000000ac800000, 0x00000000ac900000, 0x00000000ac900000|100%|HC|  |TAMS 0x00000000ac800000| PB 0x00000000ac800000| Untracked 
| 641|0x00000000ac900000, 0x00000000aca00000, 0x00000000aca00000|100%|HC|  |TAMS 0x00000000ac900000| PB 0x00000000ac900000| Untracked 
| 642|0x00000000aca00000, 0x00000000acb00000, 0x00000000acb00000|100%|HC|  |TAMS 0x00000000aca00000| PB 0x00000000aca00000| Untracked 
| 643|0x00000000acb00000, 0x00000000acc00000, 0x00000000acc00000|100%|HC|  |TAMS 0x00000000acb00000| PB 0x00000000acb00000| Untracked 
| 644|0x00000000acc00000, 0x00000000acd00000, 0x00000000acd00000|100%|HS|  |TAMS 0x00000000acc00000| PB 0x00000000acc00000| Untracked 
| 645|0x00000000acd00000, 0x00000000ace00000, 0x00000000ace00000|100%|HC|  |TAMS 0x00000000acd00000| PB 0x00000000acd00000| Untracked 
| 646|0x00000000ace00000, 0x00000000acf00000, 0x00000000acf00000|100%|HC|  |TAMS 0x00000000ace00000| PB 0x00000000ace00000| Untracked 
| 647|0x00000000acf00000, 0x00000000ad000000, 0x00000000ad000000|100%|HC|  |TAMS 0x00000000acf00000| PB 0x00000000acf00000| Untracked 
| 648|0x00000000ad000000, 0x00000000ad100000, 0x00000000ad100000|100%|HC|  |TAMS 0x00000000ad000000| PB 0x00000000ad000000| Untracked 
| 649|0x00000000ad100000, 0x00000000ad200000, 0x00000000ad200000|100%|HC|  |TAMS 0x00000000ad100000| PB 0x00000000ad100000| Untracked 
| 650|0x00000000ad200000, 0x00000000ad300000, 0x00000000ad300000|100%|HC|  |TAMS 0x00000000ad200000| PB 0x00000000ad200000| Untracked 
| 651|0x00000000ad300000, 0x00000000ad400000, 0x00000000ad400000|100%|HC|  |TAMS 0x00000000ad300000| PB 0x00000000ad300000| Untracked 
| 652|0x00000000ad400000, 0x00000000ad500000, 0x00000000ad500000|100%|HC|  |TAMS 0x00000000ad400000| PB 0x00000000ad400000| Untracked 
| 653|0x00000000ad500000, 0x00000000ad600000, 0x00000000ad600000|100%|HC|  |TAMS 0x00000000ad500000| PB 0x00000000ad500000| Untracked 
| 654|0x00000000ad600000, 0x00000000ad700000, 0x00000000ad700000|100%|HC|  |TAMS 0x00000000ad600000| PB 0x00000000ad600000| Untracked 
| 655|0x00000000ad700000, 0x00000000ad800000, 0x00000000ad800000|100%|HC|  |TAMS 0x00000000ad700000| PB 0x00000000ad700000| Untracked 
| 656|0x00000000ad800000, 0x00000000ad900000, 0x00000000ad900000|100%|HC|  |TAMS 0x00000000ad800000| PB 0x00000000ad800000| Untracked 
| 657|0x00000000ad900000, 0x00000000ada00000, 0x00000000ada00000|100%|HS|  |TAMS 0x00000000ad900000| PB 0x00000000ad900000| Untracked 
| 658|0x00000000ada00000, 0x00000000adb00000, 0x00000000adb00000|100%|HC|  |TAMS 0x00000000ada00000| PB 0x00000000ada00000| Untracked 
| 659|0x00000000adb00000, 0x00000000adc00000, 0x00000000adc00000|100%|HC|  |TAMS 0x00000000adb00000| PB 0x00000000adb00000| Untracked 
| 660|0x00000000adc00000, 0x00000000add00000, 0x00000000add00000|100%|HC|  |TAMS 0x00000000adc00000| PB 0x00000000adc00000| Untracked 
| 661|0x00000000add00000, 0x00000000ade00000, 0x00000000ade00000|100%|HC|  |TAMS 0x00000000add00000| PB 0x00000000add00000| Untracked 
| 662|0x00000000ade00000, 0x00000000adf00000, 0x00000000adf00000|100%|HC|  |TAMS 0x00000000ade00000| PB 0x00000000ade00000| Untracked 
| 663|0x00000000adf00000, 0x00000000ae000000, 0x00000000ae000000|100%|HC|  |TAMS 0x00000000adf00000| PB 0x00000000adf00000| Untracked 
| 664|0x00000000ae000000, 0x00000000ae100000, 0x00000000ae100000|100%|HC|  |TAMS 0x00000000ae000000| PB 0x00000000ae000000| Untracked 
| 665|0x00000000ae100000, 0x00000000ae200000, 0x00000000ae200000|100%|HC|  |TAMS 0x00000000ae100000| PB 0x00000000ae100000| Untracked 
| 666|0x00000000ae200000, 0x00000000ae300000, 0x00000000ae300000|100%|HC|  |TAMS 0x00000000ae200000| PB 0x00000000ae200000| Untracked 
| 667|0x00000000ae300000, 0x00000000ae400000, 0x00000000ae400000|100%|HC|  |TAMS 0x00000000ae300000| PB 0x00000000ae300000| Untracked 
| 668|0x00000000ae400000, 0x00000000ae500000, 0x00000000ae500000|100%|HC|  |TAMS 0x00000000ae400000| PB 0x00000000ae400000| Untracked 
| 669|0x00000000ae500000, 0x00000000ae600000, 0x00000000ae600000|100%|HC|  |TAMS 0x00000000ae500000| PB 0x00000000ae500000| Untracked 
| 670|0x00000000ae600000, 0x00000000ae700000, 0x00000000ae700000|100%|HS|  |TAMS 0x00000000ae600000| PB 0x00000000ae600000| Untracked 
| 671|0x00000000ae700000, 0x00000000ae800000, 0x00000000ae800000|100%|HC|  |TAMS 0x00000000ae700000| PB 0x00000000ae700000| Untracked 
| 672|0x00000000ae800000, 0x00000000ae900000, 0x00000000ae900000|100%|HC|  |TAMS 0x00000000ae800000| PB 0x00000000ae800000| Untracked 
| 673|0x00000000ae900000, 0x00000000aea00000, 0x00000000aea00000|100%|HC|  |TAMS 0x00000000ae900000| PB 0x00000000ae900000| Untracked 
| 674|0x00000000aea00000, 0x00000000aeb00000, 0x00000000aeb00000|100%|HC|  |TAMS 0x00000000aea00000| PB 0x00000000aea00000| Untracked 
| 675|0x00000000aeb00000, 0x00000000aec00000, 0x00000000aec00000|100%|HC|  |TAMS 0x00000000aeb00000| PB 0x00000000aeb00000| Untracked 
| 676|0x00000000aec00000, 0x00000000aed00000, 0x00000000aed00000|100%|HC|  |TAMS 0x00000000aec00000| PB 0x00000000aec00000| Untracked 
| 677|0x00000000aed00000, 0x00000000aee00000, 0x00000000aee00000|100%|HC|  |TAMS 0x00000000aed00000| PB 0x00000000aed00000| Untracked 
| 678|0x00000000aee00000, 0x00000000aef00000, 0x00000000aef00000|100%|HC|  |TAMS 0x00000000aee00000| PB 0x00000000aee00000| Untracked 
| 679|0x00000000aef00000, 0x00000000af000000, 0x00000000af000000|100%|HC|  |TAMS 0x00000000aef00000| PB 0x00000000aef00000| Untracked 
| 680|0x00000000af000000, 0x00000000af100000, 0x00000000af100000|100%|HC|  |TAMS 0x00000000af000000| PB 0x00000000af000000| Untracked 
| 681|0x00000000af100000, 0x00000000af200000, 0x00000000af200000|100%|HC|  |TAMS 0x00000000af100000| PB 0x00000000af100000| Untracked 
| 682|0x00000000af200000, 0x00000000af300000, 0x00000000af300000|100%|HC|  |TAMS 0x00000000af200000| PB 0x00000000af200000| Untracked 
| 683|0x00000000af300000, 0x00000000af400000, 0x00000000af400000|100%|HS|  |TAMS 0x00000000af300000| PB 0x00000000af300000| Untracked 
| 684|0x00000000af400000, 0x00000000af500000, 0x00000000af500000|100%|HC|  |TAMS 0x00000000af400000| PB 0x00000000af400000| Untracked 
| 685|0x00000000af500000, 0x00000000af600000, 0x00000000af600000|100%|HC|  |TAMS 0x00000000af500000| PB 0x00000000af500000| Untracked 
| 686|0x00000000af600000, 0x00000000af700000, 0x00000000af700000|100%|HC|  |TAMS 0x00000000af600000| PB 0x00000000af600000| Untracked 
| 687|0x00000000af700000, 0x00000000af800000, 0x00000000af800000|100%|HC|  |TAMS 0x00000000af700000| PB 0x00000000af700000| Untracked 
| 688|0x00000000af800000, 0x00000000af900000, 0x00000000af900000|100%|HC|  |TAMS 0x00000000af800000| PB 0x00000000af800000| Untracked 
| 689|0x00000000af900000, 0x00000000afa00000, 0x00000000afa00000|100%|HC|  |TAMS 0x00000000af900000| PB 0x00000000af900000| Untracked 
| 690|0x00000000afa00000, 0x00000000afb00000, 0x00000000afb00000|100%|HC|  |TAMS 0x00000000afa00000| PB 0x00000000afa00000| Untracked 
| 691|0x00000000afb00000, 0x00000000afc00000, 0x00000000afc00000|100%|HC|  |TAMS 0x00000000afb00000| PB 0x00000000afb00000| Untracked 
| 692|0x00000000afc00000, 0x00000000afd00000, 0x00000000afd00000|100%|HC|  |TAMS 0x00000000afc00000| PB 0x00000000afc00000| Untracked 
| 693|0x00000000afd00000, 0x00000000afe00000, 0x00000000afe00000|100%|HC|  |TAMS 0x00000000afd00000| PB 0x00000000afd00000| Untracked 
| 694|0x00000000afe00000, 0x00000000aff00000, 0x00000000aff00000|100%|HC|  |TAMS 0x00000000afe00000| PB 0x00000000afe00000| Untracked 
| 695|0x00000000aff00000, 0x00000000b0000000, 0x00000000b0000000|100%|HC|  |TAMS 0x00000000aff00000| PB 0x00000000aff00000| Untracked 
| 696|0x00000000b0000000, 0x00000000b0100000, 0x00000000b0100000|100%|HS|  |TAMS 0x00000000b0000000| PB 0x00000000b0000000| Untracked 
| 697|0x00000000b0100000, 0x00000000b0200000, 0x00000000b0200000|100%|HC|  |TAMS 0x00000000b0100000| PB 0x00000000b0100000| Untracked 
| 698|0x00000000b0200000, 0x00000000b0300000, 0x00000000b0300000|100%|HC|  |TAMS 0x00000000b0200000| PB 0x00000000b0200000| Untracked 
| 699|0x00000000b0300000, 0x00000000b0400000, 0x00000000b0400000|100%|HC|  |TAMS 0x00000000b0300000| PB 0x00000000b0300000| Untracked 
| 700|0x00000000b0400000, 0x00000000b0500000, 0x00000000b0500000|100%|HC|  |TAMS 0x00000000b0400000| PB 0x00000000b0400000| Untracked 
| 701|0x00000000b0500000, 0x00000000b0600000, 0x00000000b0600000|100%|HC|  |TAMS 0x00000000b0500000| PB 0x00000000b0500000| Untracked 
| 702|0x00000000b0600000, 0x00000000b0700000, 0x00000000b0700000|100%|HC|  |TAMS 0x00000000b0600000| PB 0x00000000b0600000| Untracked 
| 703|0x00000000b0700000, 0x00000000b0800000, 0x00000000b0800000|100%|HC|  |TAMS 0x00000000b0700000| PB 0x00000000b0700000| Untracked 
| 704|0x00000000b0800000, 0x00000000b0900000, 0x00000000b0900000|100%|HC|  |TAMS 0x00000000b0800000| PB 0x00000000b0800000| Untracked 
| 705|0x00000000b0900000, 0x00000000b0a00000, 0x00000000b0a00000|100%|HC|  |TAMS 0x00000000b0900000| PB 0x00000000b0900000| Untracked 
| 706|0x00000000b0a00000, 0x00000000b0b00000, 0x00000000b0b00000|100%|HC|  |TAMS 0x00000000b0a00000| PB 0x00000000b0a00000| Untracked 
| 707|0x00000000b0b00000, 0x00000000b0c00000, 0x00000000b0c00000|100%|HC|  |TAMS 0x00000000b0b00000| PB 0x00000000b0b00000| Untracked 
| 708|0x00000000b0c00000, 0x00000000b0d00000, 0x00000000b0d00000|100%|HC|  |TAMS 0x00000000b0c00000| PB 0x00000000b0c00000| Untracked 
| 709|0x00000000b0d00000, 0x00000000b0e00000, 0x00000000b0e00000|100%|HS|  |TAMS 0x00000000b0d00000| PB 0x00000000b0d00000| Untracked 
| 710|0x00000000b0e00000, 0x00000000b0f00000, 0x00000000b0f00000|100%|HC|  |TAMS 0x00000000b0e00000| PB 0x00000000b0e00000| Untracked 
| 711|0x00000000b0f00000, 0x00000000b1000000, 0x00000000b1000000|100%|HC|  |TAMS 0x00000000b0f00000| PB 0x00000000b0f00000| Untracked 
| 712|0x00000000b1000000, 0x00000000b1100000, 0x00000000b1100000|100%|HC|  |TAMS 0x00000000b1000000| PB 0x00000000b1000000| Untracked 
| 713|0x00000000b1100000, 0x00000000b1200000, 0x00000000b1200000|100%|HC|  |TAMS 0x00000000b1100000| PB 0x00000000b1100000| Untracked 
| 714|0x00000000b1200000, 0x00000000b1300000, 0x00000000b1300000|100%|HC|  |TAMS 0x00000000b1200000| PB 0x00000000b1200000| Untracked 
| 715|0x00000000b1300000, 0x00000000b1400000, 0x00000000b1400000|100%|HC|  |TAMS 0x00000000b1300000| PB 0x00000000b1300000| Untracked 
| 716|0x00000000b1400000, 0x00000000b1500000, 0x00000000b1500000|100%|HC|  |TAMS 0x00000000b1400000| PB 0x00000000b1400000| Untracked 
| 717|0x00000000b1500000, 0x00000000b1600000, 0x00000000b1600000|100%|HC|  |TAMS 0x00000000b1500000| PB 0x00000000b1500000| Untracked 
| 718|0x00000000b1600000, 0x00000000b1700000, 0x00000000b1700000|100%|HC|  |TAMS 0x00000000b1600000| PB 0x00000000b1600000| Untracked 
| 719|0x00000000b1700000, 0x00000000b1800000, 0x00000000b1800000|100%|HC|  |TAMS 0x00000000b1700000| PB 0x00000000b1700000| Untracked 
| 720|0x00000000b1800000, 0x00000000b1900000, 0x00000000b1900000|100%|HC|  |TAMS 0x00000000b1800000| PB 0x00000000b1800000| Untracked 
| 721|0x00000000b1900000, 0x00000000b1a00000, 0x00000000b1a00000|100%|HC|  |TAMS 0x00000000b1900000| PB 0x00000000b1900000| Untracked 
| 722|0x00000000b1a00000, 0x00000000b1b00000, 0x00000000b1b00000|100%|HS|  |TAMS 0x00000000b1a00000| PB 0x00000000b1a00000| Untracked 
| 723|0x00000000b1b00000, 0x00000000b1c00000, 0x00000000b1c00000|100%|HC|  |TAMS 0x00000000b1b00000| PB 0x00000000b1b00000| Untracked 
| 724|0x00000000b1c00000, 0x00000000b1d00000, 0x00000000b1d00000|100%|HC|  |TAMS 0x00000000b1c00000| PB 0x00000000b1c00000| Untracked 
| 725|0x00000000b1d00000, 0x00000000b1e00000, 0x00000000b1e00000|100%|HC|  |TAMS 0x00000000b1d00000| PB 0x00000000b1d00000| Untracked 
| 726|0x00000000b1e00000, 0x00000000b1f00000, 0x00000000b1f00000|100%|HC|  |TAMS 0x00000000b1e00000| PB 0x00000000b1e00000| Untracked 
| 727|0x00000000b1f00000, 0x00000000b2000000, 0x00000000b2000000|100%|HC|  |TAMS 0x00000000b1f00000| PB 0x00000000b1f00000| Untracked 
| 728|0x00000000b2000000, 0x00000000b2100000, 0x00000000b2100000|100%|HC|  |TAMS 0x00000000b2000000| PB 0x00000000b2000000| Untracked 
| 729|0x00000000b2100000, 0x00000000b2200000, 0x00000000b2200000|100%|HC|  |TAMS 0x00000000b2100000| PB 0x00000000b2100000| Untracked 
| 730|0x00000000b2200000, 0x00000000b2300000, 0x00000000b2300000|100%|HC|  |TAMS 0x00000000b2200000| PB 0x00000000b2200000| Untracked 
| 731|0x00000000b2300000, 0x00000000b2400000, 0x00000000b2400000|100%|HC|  |TAMS 0x00000000b2300000| PB 0x00000000b2300000| Untracked 
| 732|0x00000000b2400000, 0x00000000b2500000, 0x00000000b2500000|100%|HC|  |TAMS 0x00000000b2400000| PB 0x00000000b2400000| Untracked 
| 733|0x00000000b2500000, 0x00000000b2600000, 0x00000000b2600000|100%|HC|  |TAMS 0x00000000b2500000| PB 0x00000000b2500000| Untracked 
| 734|0x00000000b2600000, 0x00000000b2700000, 0x00000000b2700000|100%|HC|  |TAMS 0x00000000b2600000| PB 0x00000000b2600000| Untracked 
| 735|0x00000000b2700000, 0x00000000b2800000, 0x00000000b2800000|100%|HS|  |TAMS 0x00000000b2700000| PB 0x00000000b2700000| Untracked 
| 736|0x00000000b2800000, 0x00000000b2900000, 0x00000000b2900000|100%|HC|  |TAMS 0x00000000b2800000| PB 0x00000000b2800000| Untracked 
| 737|0x00000000b2900000, 0x00000000b2a00000, 0x00000000b2a00000|100%|HC|  |TAMS 0x00000000b2900000| PB 0x00000000b2900000| Untracked 
| 738|0x00000000b2a00000, 0x00000000b2b00000, 0x00000000b2b00000|100%|HC|  |TAMS 0x00000000b2a00000| PB 0x00000000b2a00000| Untracked 
| 739|0x00000000b2b00000, 0x00000000b2c00000, 0x00000000b2c00000|100%|HC|  |TAMS 0x00000000b2b00000| PB 0x00000000b2b00000| Untracked 
| 740|0x00000000b2c00000, 0x00000000b2d00000, 0x00000000b2d00000|100%|HC|  |TAMS 0x00000000b2c00000| PB 0x00000000b2c00000| Untracked 
| 741|0x00000000b2d00000, 0x00000000b2e00000, 0x00000000b2e00000|100%|HC|  |TAMS 0x00000000b2d00000| PB 0x00000000b2d00000| Untracked 
| 742|0x00000000b2e00000, 0x00000000b2f00000, 0x00000000b2f00000|100%|HC|  |TAMS 0x00000000b2e00000| PB 0x00000000b2e00000| Untracked 
| 743|0x00000000b2f00000, 0x00000000b3000000, 0x00000000b3000000|100%|HC|  |TAMS 0x00000000b2f00000| PB 0x00000000b2f00000| Untracked 
| 744|0x00000000b3000000, 0x00000000b3100000, 0x00000000b3100000|100%|HC|  |TAMS 0x00000000b3000000| PB 0x00000000b3000000| Untracked 
| 745|0x00000000b3100000, 0x00000000b3200000, 0x00000000b3200000|100%|HC|  |TAMS 0x00000000b3100000| PB 0x00000000b3100000| Untracked 
| 746|0x00000000b3200000, 0x00000000b3300000, 0x00000000b3300000|100%|HC|  |TAMS 0x00000000b3200000| PB 0x00000000b3200000| Untracked 
| 747|0x00000000b3300000, 0x00000000b3400000, 0x00000000b3400000|100%|HC|  |TAMS 0x00000000b3300000| PB 0x00000000b3300000| Untracked 
| 748|0x00000000b3400000, 0x00000000b3500000, 0x00000000b3500000|100%|HS|  |TAMS 0x00000000b3400000| PB 0x00000000b3400000| Untracked 
| 749|0x00000000b3500000, 0x00000000b3600000, 0x00000000b3600000|100%|HC|  |TAMS 0x00000000b3500000| PB 0x00000000b3500000| Untracked 
| 750|0x00000000b3600000, 0x00000000b3700000, 0x00000000b3700000|100%|HC|  |TAMS 0x00000000b3600000| PB 0x00000000b3600000| Untracked 
| 751|0x00000000b3700000, 0x00000000b3800000, 0x00000000b3800000|100%|HC|  |TAMS 0x00000000b3700000| PB 0x00000000b3700000| Untracked 
| 752|0x00000000b3800000, 0x00000000b3900000, 0x00000000b3900000|100%|HC|  |TAMS 0x00000000b3800000| PB 0x00000000b3800000| Untracked 
| 753|0x00000000b3900000, 0x00000000b3a00000, 0x00000000b3a00000|100%|HC|  |TAMS 0x00000000b3900000| PB 0x00000000b3900000| Untracked 
| 754|0x00000000b3a00000, 0x00000000b3b00000, 0x00000000b3b00000|100%|HC|  |TAMS 0x00000000b3a00000| PB 0x00000000b3a00000| Untracked 
| 755|0x00000000b3b00000, 0x00000000b3c00000, 0x00000000b3c00000|100%|HC|  |TAMS 0x00000000b3b00000| PB 0x00000000b3b00000| Untracked 
| 756|0x00000000b3c00000, 0x00000000b3d00000, 0x00000000b3d00000|100%|HC|  |TAMS 0x00000000b3c00000| PB 0x00000000b3c00000| Untracked 
| 757|0x00000000b3d00000, 0x00000000b3e00000, 0x00000000b3e00000|100%|HC|  |TAMS 0x00000000b3d00000| PB 0x00000000b3d00000| Untracked 
| 758|0x00000000b3e00000, 0x00000000b3f00000, 0x00000000b3f00000|100%|HC|  |TAMS 0x00000000b3e00000| PB 0x00000000b3e00000| Untracked 
| 759|0x00000000b3f00000, 0x00000000b4000000, 0x00000000b4000000|100%|HC|  |TAMS 0x00000000b3f00000| PB 0x00000000b3f00000| Untracked 
| 760|0x00000000b4000000, 0x00000000b4100000, 0x00000000b4100000|100%|HC|  |TAMS 0x00000000b4000000| PB 0x00000000b4000000| Untracked 
| 761|0x00000000b4100000, 0x00000000b4200000, 0x00000000b4200000|100%|HS|  |TAMS 0x00000000b4100000| PB 0x00000000b4100000| Untracked 
| 762|0x00000000b4200000, 0x00000000b4300000, 0x00000000b4300000|100%|HC|  |TAMS 0x00000000b4200000| PB 0x00000000b4200000| Untracked 
| 763|0x00000000b4300000, 0x00000000b4400000, 0x00000000b4400000|100%|HC|  |TAMS 0x00000000b4300000| PB 0x00000000b4300000| Untracked 
| 764|0x00000000b4400000, 0x00000000b4500000, 0x00000000b4500000|100%|HC|  |TAMS 0x00000000b4400000| PB 0x00000000b4400000| Untracked 
| 765|0x00000000b4500000, 0x00000000b4600000, 0x00000000b4600000|100%|HC|  |TAMS 0x00000000b4500000| PB 0x00000000b4500000| Untracked 
| 766|0x00000000b4600000, 0x00000000b4700000, 0x00000000b4700000|100%|HC|  |TAMS 0x00000000b4600000| PB 0x00000000b4600000| Untracked 
| 767|0x00000000b4700000, 0x00000000b4800000, 0x00000000b4800000|100%|HC|  |TAMS 0x00000000b4700000| PB 0x00000000b4700000| Untracked 
| 768|0x00000000b4800000, 0x00000000b4900000, 0x00000000b4900000|100%|HC|  |TAMS 0x00000000b4800000| PB 0x00000000b4800000| Untracked 
| 769|0x00000000b4900000, 0x00000000b4a00000, 0x00000000b4a00000|100%|HC|  |TAMS 0x00000000b4900000| PB 0x00000000b4900000| Untracked 
| 770|0x00000000b4a00000, 0x00000000b4b00000, 0x00000000b4b00000|100%|HC|  |TAMS 0x00000000b4a00000| PB 0x00000000b4a00000| Untracked 
| 771|0x00000000b4b00000, 0x00000000b4c00000, 0x00000000b4c00000|100%|HC|  |TAMS 0x00000000b4b00000| PB 0x00000000b4b00000| Untracked 
| 772|0x00000000b4c00000, 0x00000000b4d00000, 0x00000000b4d00000|100%|HC|  |TAMS 0x00000000b4c00000| PB 0x00000000b4c00000| Untracked 
| 773|0x00000000b4d00000, 0x00000000b4e00000, 0x00000000b4e00000|100%|HC|  |TAMS 0x00000000b4d00000| PB 0x00000000b4d00000| Untracked 
| 774|0x00000000b4e00000, 0x00000000b4f00000, 0x00000000b4f00000|100%|HS|  |TAMS 0x00000000b4e00000| PB 0x00000000b4e00000| Untracked 
| 775|0x00000000b4f00000, 0x00000000b5000000, 0x00000000b5000000|100%|HC|  |TAMS 0x00000000b4f00000| PB 0x00000000b4f00000| Untracked 
| 776|0x00000000b5000000, 0x00000000b5100000, 0x00000000b5100000|100%|HC|  |TAMS 0x00000000b5000000| PB 0x00000000b5000000| Untracked 
| 777|0x00000000b5100000, 0x00000000b5200000, 0x00000000b5200000|100%|HC|  |TAMS 0x00000000b5100000| PB 0x00000000b5100000| Untracked 
| 778|0x00000000b5200000, 0x00000000b5300000, 0x00000000b5300000|100%|HC|  |TAMS 0x00000000b5200000| PB 0x00000000b5200000| Untracked 
| 779|0x00000000b5300000, 0x00000000b5400000, 0x00000000b5400000|100%|HC|  |TAMS 0x00000000b5300000| PB 0x00000000b5300000| Untracked 
| 780|0x00000000b5400000, 0x00000000b5500000, 0x00000000b5500000|100%|HC|  |TAMS 0x00000000b5400000| PB 0x00000000b5400000| Untracked 
| 781|0x00000000b5500000, 0x00000000b5600000, 0x00000000b5600000|100%|HC|  |TAMS 0x00000000b5500000| PB 0x00000000b5500000| Untracked 
| 782|0x00000000b5600000, 0x00000000b5700000, 0x00000000b5700000|100%|HC|  |TAMS 0x00000000b5600000| PB 0x00000000b5600000| Untracked 
| 783|0x00000000b5700000, 0x00000000b5800000, 0x00000000b5800000|100%|HC|  |TAMS 0x00000000b5700000| PB 0x00000000b5700000| Untracked 
| 784|0x00000000b5800000, 0x00000000b5900000, 0x00000000b5900000|100%|HC|  |TAMS 0x00000000b5800000| PB 0x00000000b5800000| Untracked 
| 785|0x00000000b5900000, 0x00000000b5a00000, 0x00000000b5a00000|100%|HC|  |TAMS 0x00000000b5900000| PB 0x00000000b5900000| Untracked 
| 786|0x00000000b5a00000, 0x00000000b5b00000, 0x00000000b5b00000|100%|HC|  |TAMS 0x00000000b5a00000| PB 0x00000000b5a00000| Untracked 
| 787|0x00000000b5b00000, 0x00000000b5c00000, 0x00000000b5c00000|100%|HS|  |TAMS 0x00000000b5b00000| PB 0x00000000b5b00000| Untracked 
| 788|0x00000000b5c00000, 0x00000000b5d00000, 0x00000000b5d00000|100%|HC|  |TAMS 0x00000000b5c00000| PB 0x00000000b5c00000| Untracked 
| 789|0x00000000b5d00000, 0x00000000b5e00000, 0x00000000b5e00000|100%|HC|  |TAMS 0x00000000b5d00000| PB 0x00000000b5d00000| Untracked 
| 790|0x00000000b5e00000, 0x00000000b5f00000, 0x00000000b5f00000|100%|HC|  |TAMS 0x00000000b5e00000| PB 0x00000000b5e00000| Untracked 
| 791|0x00000000b5f00000, 0x00000000b6000000, 0x00000000b6000000|100%|HC|  |TAMS 0x00000000b5f00000| PB 0x00000000b5f00000| Untracked 
| 792|0x00000000b6000000, 0x00000000b6100000, 0x00000000b6100000|100%|HC|  |TAMS 0x00000000b6000000| PB 0x00000000b6000000| Untracked 
| 793|0x00000000b6100000, 0x00000000b6200000, 0x00000000b6200000|100%|HC|  |TAMS 0x00000000b6100000| PB 0x00000000b6100000| Untracked 
| 794|0x00000000b6200000, 0x00000000b6300000, 0x00000000b6300000|100%|HC|  |TAMS 0x00000000b6200000| PB 0x00000000b6200000| Untracked 
| 795|0x00000000b6300000, 0x00000000b6400000, 0x00000000b6400000|100%|HC|  |TAMS 0x00000000b6300000| PB 0x00000000b6300000| Untracked 
| 796|0x00000000b6400000, 0x00000000b6500000, 0x00000000b6500000|100%|HC|  |TAMS 0x00000000b6400000| PB 0x00000000b6400000| Untracked 
| 797|0x00000000b6500000, 0x00000000b6600000, 0x00000000b6600000|100%|HC|  |TAMS 0x00000000b6500000| PB 0x00000000b6500000| Untracked 
| 798|0x00000000b6600000, 0x00000000b6700000, 0x00000000b6700000|100%|HC|  |TAMS 0x00000000b6600000| PB 0x00000000b6600000| Untracked 
| 799|0x00000000b6700000, 0x00000000b6800000, 0x00000000b6800000|100%|HC|  |TAMS 0x00000000b6700000| PB 0x00000000b6700000| Untracked 
| 800|0x00000000b6800000, 0x00000000b6900000, 0x00000000b6900000|100%|HS|  |TAMS 0x00000000b6800000| PB 0x00000000b6800000| Untracked 
| 801|0x00000000b6900000, 0x00000000b6a00000, 0x00000000b6a00000|100%|HC|  |TAMS 0x00000000b6900000| PB 0x00000000b6900000| Untracked 
| 802|0x00000000b6a00000, 0x00000000b6b00000, 0x00000000b6b00000|100%|HC|  |TAMS 0x00000000b6a00000| PB 0x00000000b6a00000| Untracked 
| 803|0x00000000b6b00000, 0x00000000b6c00000, 0x00000000b6c00000|100%|HC|  |TAMS 0x00000000b6b00000| PB 0x00000000b6b00000| Untracked 
| 804|0x00000000b6c00000, 0x00000000b6d00000, 0x00000000b6d00000|100%|HC|  |TAMS 0x00000000b6c00000| PB 0x00000000b6c00000| Untracked 
| 805|0x00000000b6d00000, 0x00000000b6e00000, 0x00000000b6e00000|100%|HC|  |TAMS 0x00000000b6d00000| PB 0x00000000b6d00000| Untracked 
| 806|0x00000000b6e00000, 0x00000000b6f00000, 0x00000000b6f00000|100%|HC|  |TAMS 0x00000000b6e00000| PB 0x00000000b6e00000| Untracked 
| 807|0x00000000b6f00000, 0x00000000b7000000, 0x00000000b7000000|100%|HC|  |TAMS 0x00000000b6f00000| PB 0x00000000b6f00000| Untracked 
| 808|0x00000000b7000000, 0x00000000b7100000, 0x00000000b7100000|100%|HC|  |TAMS 0x00000000b7000000| PB 0x00000000b7000000| Untracked 
| 809|0x00000000b7100000, 0x00000000b7200000, 0x00000000b7200000|100%|HC|  |TAMS 0x00000000b7100000| PB 0x00000000b7100000| Untracked 
| 810|0x00000000b7200000, 0x00000000b7300000, 0x00000000b7300000|100%|HC|  |TAMS 0x00000000b7200000| PB 0x00000000b7200000| Untracked 
| 811|0x00000000b7300000, 0x00000000b7400000, 0x00000000b7400000|100%|HC|  |TAMS 0x00000000b7300000| PB 0x00000000b7300000| Untracked 
| 812|0x00000000b7400000, 0x00000000b7500000, 0x00000000b7500000|100%|HC|  |TAMS 0x00000000b7400000| PB 0x00000000b7400000| Untracked 
| 813|0x00000000b7500000, 0x00000000b7600000, 0x00000000b7600000|100%|HS|  |TAMS 0x00000000b7500000| PB 0x00000000b7500000| Untracked 
| 814|0x00000000b7600000, 0x00000000b7700000, 0x00000000b7700000|100%|HC|  |TAMS 0x00000000b7600000| PB 0x00000000b7600000| Untracked 
| 815|0x00000000b7700000, 0x00000000b7800000, 0x00000000b7800000|100%|HC|  |TAMS 0x00000000b7700000| PB 0x00000000b7700000| Untracked 
| 816|0x00000000b7800000, 0x00000000b7900000, 0x00000000b7900000|100%|HC|  |TAMS 0x00000000b7800000| PB 0x00000000b7800000| Untracked 
| 817|0x00000000b7900000, 0x00000000b7a00000, 0x00000000b7a00000|100%|HC|  |TAMS 0x00000000b7900000| PB 0x00000000b7900000| Untracked 
| 818|0x00000000b7a00000, 0x00000000b7b00000, 0x00000000b7b00000|100%|HC|  |TAMS 0x00000000b7a00000| PB 0x00000000b7a00000| Untracked 
| 819|0x00000000b7b00000, 0x00000000b7c00000, 0x00000000b7c00000|100%|HC|  |TAMS 0x00000000b7b00000| PB 0x00000000b7b00000| Untracked 
| 820|0x00000000b7c00000, 0x00000000b7d00000, 0x00000000b7d00000|100%|HC|  |TAMS 0x00000000b7c00000| PB 0x00000000b7c00000| Untracked 
| 821|0x00000000b7d00000, 0x00000000b7e00000, 0x00000000b7e00000|100%|HC|  |TAMS 0x00000000b7d00000| PB 0x00000000b7d00000| Untracked 
| 822|0x00000000b7e00000, 0x00000000b7f00000, 0x00000000b7f00000|100%|HC|  |TAMS 0x00000000b7e00000| PB 0x00000000b7e00000| Untracked 
| 823|0x00000000b7f00000, 0x00000000b8000000, 0x00000000b8000000|100%|HC|  |TAMS 0x00000000b7f00000| PB 0x00000000b7f00000| Untracked 
| 824|0x00000000b8000000, 0x00000000b8100000, 0x00000000b8100000|100%|HC|  |TAMS 0x00000000b8000000| PB 0x00000000b8000000| Untracked 
| 825|0x00000000b8100000, 0x00000000b8200000, 0x00000000b8200000|100%|HC|  |TAMS 0x00000000b8100000| PB 0x00000000b8100000| Untracked 
| 826|0x00000000b8200000, 0x00000000b8300000, 0x00000000b8300000|100%|HS|  |TAMS 0x00000000b8200000| PB 0x00000000b8200000| Untracked 
| 827|0x00000000b8300000, 0x00000000b8400000, 0x00000000b8400000|100%|HC|  |TAMS 0x00000000b8300000| PB 0x00000000b8300000| Untracked 
| 828|0x00000000b8400000, 0x00000000b8500000, 0x00000000b8500000|100%|HC|  |TAMS 0x00000000b8400000| PB 0x00000000b8400000| Untracked 
| 829|0x00000000b8500000, 0x00000000b8600000, 0x00000000b8600000|100%|HC|  |TAMS 0x00000000b8500000| PB 0x00000000b8500000| Untracked 
| 830|0x00000000b8600000, 0x00000000b8700000, 0x00000000b8700000|100%|HC|  |TAMS 0x00000000b8600000| PB 0x00000000b8600000| Untracked 
| 831|0x00000000b8700000, 0x00000000b8800000, 0x00000000b8800000|100%|HC|  |TAMS 0x00000000b8700000| PB 0x00000000b8700000| Untracked 
| 832|0x00000000b8800000, 0x00000000b8900000, 0x00000000b8900000|100%|HC|  |TAMS 0x00000000b8800000| PB 0x00000000b8800000| Untracked 
| 833|0x00000000b8900000, 0x00000000b8a00000, 0x00000000b8a00000|100%|HC|  |TAMS 0x00000000b8900000| PB 0x00000000b8900000| Untracked 
| 834|0x00000000b8a00000, 0x00000000b8b00000, 0x00000000b8b00000|100%|HC|  |TAMS 0x00000000b8a00000| PB 0x00000000b8a00000| Untracked 
| 835|0x00000000b8b00000, 0x00000000b8c00000, 0x00000000b8c00000|100%|HC|  |TAMS 0x00000000b8b00000| PB 0x00000000b8b00000| Untracked 
| 836|0x00000000b8c00000, 0x00000000b8d00000, 0x00000000b8d00000|100%|HC|  |TAMS 0x00000000b8c00000| PB 0x00000000b8c00000| Untracked 
| 837|0x00000000b8d00000, 0x00000000b8e00000, 0x00000000b8e00000|100%|HC|  |TAMS 0x00000000b8d00000| PB 0x00000000b8d00000| Untracked 
| 838|0x00000000b8e00000, 0x00000000b8f00000, 0x00000000b8f00000|100%|HC|  |TAMS 0x00000000b8e00000| PB 0x00000000b8e00000| Untracked 
| 839|0x00000000b8f00000, 0x00000000b9000000, 0x00000000b9000000|100%|HS|  |TAMS 0x00000000b8f00000| PB 0x00000000b8f00000| Untracked 
| 840|0x00000000b9000000, 0x00000000b9100000, 0x00000000b9100000|100%|HC|  |TAMS 0x00000000b9000000| PB 0x00000000b9000000| Untracked 
| 841|0x00000000b9100000, 0x00000000b9200000, 0x00000000b9200000|100%|HC|  |TAMS 0x00000000b9100000| PB 0x00000000b9100000| Untracked 
| 842|0x00000000b9200000, 0x00000000b9300000, 0x00000000b9300000|100%|HC|  |TAMS 0x00000000b9200000| PB 0x00000000b9200000| Untracked 
| 843|0x00000000b9300000, 0x00000000b9400000, 0x00000000b9400000|100%|HC|  |TAMS 0x00000000b9300000| PB 0x00000000b9300000| Untracked 
| 844|0x00000000b9400000, 0x00000000b9500000, 0x00000000b9500000|100%|HC|  |TAMS 0x00000000b9400000| PB 0x00000000b9400000| Untracked 
| 845|0x00000000b9500000, 0x00000000b9600000, 0x00000000b9600000|100%|HC|  |TAMS 0x00000000b9500000| PB 0x00000000b9500000| Untracked 
| 846|0x00000000b9600000, 0x00000000b9700000, 0x00000000b9700000|100%|HC|  |TAMS 0x00000000b9600000| PB 0x00000000b9600000| Untracked 
| 847|0x00000000b9700000, 0x00000000b9800000, 0x00000000b9800000|100%|HC|  |TAMS 0x00000000b9700000| PB 0x00000000b9700000| Untracked 
| 848|0x00000000b9800000, 0x00000000b9900000, 0x00000000b9900000|100%|HC|  |TAMS 0x00000000b9800000| PB 0x00000000b9800000| Untracked 
| 849|0x00000000b9900000, 0x00000000b9a00000, 0x00000000b9a00000|100%|HC|  |TAMS 0x00000000b9900000| PB 0x00000000b9900000| Untracked 
| 850|0x00000000b9a00000, 0x00000000b9b00000, 0x00000000b9b00000|100%|HC|  |TAMS 0x00000000b9a00000| PB 0x00000000b9a00000| Untracked 
| 851|0x00000000b9b00000, 0x00000000b9c00000, 0x00000000b9c00000|100%|HC|  |TAMS 0x00000000b9b00000| PB 0x00000000b9b00000| Untracked 
| 852|0x00000000b9c00000, 0x00000000b9d00000, 0x00000000b9d00000|100%|HS|  |TAMS 0x00000000b9c00000| PB 0x00000000b9c00000| Untracked 
| 853|0x00000000b9d00000, 0x00000000b9e00000, 0x00000000b9e00000|100%|HC|  |TAMS 0x00000000b9d00000| PB 0x00000000b9d00000| Untracked 
| 854|0x00000000b9e00000, 0x00000000b9f00000, 0x00000000b9f00000|100%|HC|  |TAMS 0x00000000b9e00000| PB 0x00000000b9e00000| Untracked 
| 855|0x00000000b9f00000, 0x00000000ba000000, 0x00000000ba000000|100%|HC|  |TAMS 0x00000000b9f00000| PB 0x00000000b9f00000| Untracked 
| 856|0x00000000ba000000, 0x00000000ba100000, 0x00000000ba100000|100%|HC|  |TAMS 0x00000000ba000000| PB 0x00000000ba000000| Untracked 
| 857|0x00000000ba100000, 0x00000000ba200000, 0x00000000ba200000|100%|HC|  |TAMS 0x00000000ba100000| PB 0x00000000ba100000| Untracked 
| 858|0x00000000ba200000, 0x00000000ba300000, 0x00000000ba300000|100%|HC|  |TAMS 0x00000000ba200000| PB 0x00000000ba200000| Untracked 
| 859|0x00000000ba300000, 0x00000000ba400000, 0x00000000ba400000|100%|HC|  |TAMS 0x00000000ba300000| PB 0x00000000ba300000| Untracked 
| 860|0x00000000ba400000, 0x00000000ba500000, 0x00000000ba500000|100%|HC|  |TAMS 0x00000000ba400000| PB 0x00000000ba400000| Untracked 
| 861|0x00000000ba500000, 0x00000000ba600000, 0x00000000ba600000|100%|HC|  |TAMS 0x00000000ba500000| PB 0x00000000ba500000| Untracked 
| 862|0x00000000ba600000, 0x00000000ba700000, 0x00000000ba700000|100%|HC|  |TAMS 0x00000000ba600000| PB 0x00000000ba600000| Untracked 
| 863|0x00000000ba700000, 0x00000000ba800000, 0x00000000ba800000|100%|HC|  |TAMS 0x00000000ba700000| PB 0x00000000ba700000| Untracked 
| 864|0x00000000ba800000, 0x00000000ba900000, 0x00000000ba900000|100%|HC|  |TAMS 0x00000000ba800000| PB 0x00000000ba800000| Untracked 
| 865|0x00000000ba900000, 0x00000000baa00000, 0x00000000baa00000|100%|HS|  |TAMS 0x00000000ba900000| PB 0x00000000ba900000| Untracked 
| 866|0x00000000baa00000, 0x00000000bab00000, 0x00000000bab00000|100%|HC|  |TAMS 0x00000000baa00000| PB 0x00000000baa00000| Untracked 
| 867|0x00000000bab00000, 0x00000000bac00000, 0x00000000bac00000|100%|HC|  |TAMS 0x00000000bab00000| PB 0x00000000bab00000| Untracked 
| 868|0x00000000bac00000, 0x00000000bad00000, 0x00000000bad00000|100%|HC|  |TAMS 0x00000000bac00000| PB 0x00000000bac00000| Untracked 
| 869|0x00000000bad00000, 0x00000000bae00000, 0x00000000bae00000|100%|HC|  |TAMS 0x00000000bad00000| PB 0x00000000bad00000| Untracked 
| 870|0x00000000bae00000, 0x00000000baf00000, 0x00000000baf00000|100%|HC|  |TAMS 0x00000000bae00000| PB 0x00000000bae00000| Untracked 
| 871|0x00000000baf00000, 0x00000000bb000000, 0x00000000bb000000|100%|HC|  |TAMS 0x00000000baf00000| PB 0x00000000baf00000| Untracked 
| 872|0x00000000bb000000, 0x00000000bb100000, 0x00000000bb100000|100%|HC|  |TAMS 0x00000000bb000000| PB 0x00000000bb000000| Untracked 
| 873|0x00000000bb100000, 0x00000000bb200000, 0x00000000bb200000|100%|HC|  |TAMS 0x00000000bb100000| PB 0x00000000bb100000| Untracked 
| 874|0x00000000bb200000, 0x00000000bb300000, 0x00000000bb300000|100%|HC|  |TAMS 0x00000000bb200000| PB 0x00000000bb200000| Untracked 
| 875|0x00000000bb300000, 0x00000000bb400000, 0x00000000bb400000|100%|HC|  |TAMS 0x00000000bb300000| PB 0x00000000bb300000| Untracked 
| 876|0x00000000bb400000, 0x00000000bb500000, 0x00000000bb500000|100%|HC|  |TAMS 0x00000000bb400000| PB 0x00000000bb400000| Untracked 
| 877|0x00000000bb500000, 0x00000000bb600000, 0x00000000bb600000|100%|HC|  |TAMS 0x00000000bb500000| PB 0x00000000bb500000| Untracked 
| 878|0x00000000bb600000, 0x00000000bb700000, 0x00000000bb700000|100%|HS|  |TAMS 0x00000000bb600000| PB 0x00000000bb600000| Untracked 
| 879|0x00000000bb700000, 0x00000000bb800000, 0x00000000bb800000|100%|HC|  |TAMS 0x00000000bb700000| PB 0x00000000bb700000| Untracked 
| 880|0x00000000bb800000, 0x00000000bb900000, 0x00000000bb900000|100%|HC|  |TAMS 0x00000000bb800000| PB 0x00000000bb800000| Untracked 
| 881|0x00000000bb900000, 0x00000000bba00000, 0x00000000bba00000|100%|HC|  |TAMS 0x00000000bb900000| PB 0x00000000bb900000| Untracked 
| 882|0x00000000bba00000, 0x00000000bbb00000, 0x00000000bbb00000|100%|HC|  |TAMS 0x00000000bba00000| PB 0x00000000bba00000| Untracked 
| 883|0x00000000bbb00000, 0x00000000bbc00000, 0x00000000bbc00000|100%|HC|  |TAMS 0x00000000bbb00000| PB 0x00000000bbb00000| Untracked 
| 884|0x00000000bbc00000, 0x00000000bbd00000, 0x00000000bbd00000|100%|HC|  |TAMS 0x00000000bbc00000| PB 0x00000000bbc00000| Untracked 
| 885|0x00000000bbd00000, 0x00000000bbe00000, 0x00000000bbe00000|100%|HC|  |TAMS 0x00000000bbd00000| PB 0x00000000bbd00000| Untracked 
| 886|0x00000000bbe00000, 0x00000000bbf00000, 0x00000000bbf00000|100%|HC|  |TAMS 0x00000000bbe00000| PB 0x00000000bbe00000| Untracked 
| 887|0x00000000bbf00000, 0x00000000bc000000, 0x00000000bc000000|100%|HC|  |TAMS 0x00000000bbf00000| PB 0x00000000bbf00000| Untracked 
| 888|0x00000000bc000000, 0x00000000bc100000, 0x00000000bc100000|100%|HC|  |TAMS 0x00000000bc000000| PB 0x00000000bc000000| Untracked 
| 889|0x00000000bc100000, 0x00000000bc200000, 0x00000000bc200000|100%|HC|  |TAMS 0x00000000bc100000| PB 0x00000000bc100000| Untracked 
| 890|0x00000000bc200000, 0x00000000bc300000, 0x00000000bc300000|100%|HC|  |TAMS 0x00000000bc200000| PB 0x00000000bc200000| Untracked 
| 891|0x00000000bc300000, 0x00000000bc400000, 0x00000000bc400000|100%|HS|  |TAMS 0x00000000bc300000| PB 0x00000000bc300000| Untracked 
| 892|0x00000000bc400000, 0x00000000bc500000, 0x00000000bc500000|100%|HC|  |TAMS 0x00000000bc400000| PB 0x00000000bc400000| Untracked 
| 893|0x00000000bc500000, 0x00000000bc600000, 0x00000000bc600000|100%|HC|  |TAMS 0x00000000bc500000| PB 0x00000000bc500000| Untracked 
| 894|0x00000000bc600000, 0x00000000bc700000, 0x00000000bc700000|100%|HC|  |TAMS 0x00000000bc600000| PB 0x00000000bc600000| Untracked 
| 895|0x00000000bc700000, 0x00000000bc800000, 0x00000000bc800000|100%|HC|  |TAMS 0x00000000bc700000| PB 0x00000000bc700000| Untracked 
| 896|0x00000000bc800000, 0x00000000bc900000, 0x00000000bc900000|100%|HC|  |TAMS 0x00000000bc800000| PB 0x00000000bc800000| Untracked 
| 897|0x00000000bc900000, 0x00000000bca00000, 0x00000000bca00000|100%|HC|  |TAMS 0x00000000bc900000| PB 0x00000000bc900000| Untracked 
| 898|0x00000000bca00000, 0x00000000bcb00000, 0x00000000bcb00000|100%|HC|  |TAMS 0x00000000bca00000| PB 0x00000000bca00000| Untracked 
| 899|0x00000000bcb00000, 0x00000000bcc00000, 0x00000000bcc00000|100%|HC|  |TAMS 0x00000000bcb00000| PB 0x00000000bcb00000| Untracked 
| 900|0x00000000bcc00000, 0x00000000bcd00000, 0x00000000bcd00000|100%|HC|  |TAMS 0x00000000bcc00000| PB 0x00000000bcc00000| Untracked 
| 901|0x00000000bcd00000, 0x00000000bce00000, 0x00000000bce00000|100%|HC|  |TAMS 0x00000000bcd00000| PB 0x00000000bcd00000| Untracked 
| 902|0x00000000bce00000, 0x00000000bcf00000, 0x00000000bcf00000|100%|HC|  |TAMS 0x00000000bce00000| PB 0x00000000bce00000| Untracked 
| 903|0x00000000bcf00000, 0x00000000bd000000, 0x00000000bd000000|100%|HC|  |TAMS 0x00000000bcf00000| PB 0x00000000bcf00000| Untracked 
| 904|0x00000000bd000000, 0x00000000bd100000, 0x00000000bd100000|100%|HS|  |TAMS 0x00000000bd000000| PB 0x00000000bd000000| Untracked 
| 905|0x00000000bd100000, 0x00000000bd200000, 0x00000000bd200000|100%|HC|  |TAMS 0x00000000bd100000| PB 0x00000000bd100000| Untracked 
| 906|0x00000000bd200000, 0x00000000bd300000, 0x00000000bd300000|100%|HC|  |TAMS 0x00000000bd200000| PB 0x00000000bd200000| Untracked 
| 907|0x00000000bd300000, 0x00000000bd400000, 0x00000000bd400000|100%|HC|  |TAMS 0x00000000bd300000| PB 0x00000000bd300000| Untracked 
| 908|0x00000000bd400000, 0x00000000bd500000, 0x00000000bd500000|100%|HC|  |TAMS 0x00000000bd400000| PB 0x00000000bd400000| Untracked 
| 909|0x00000000bd500000, 0x00000000bd600000, 0x00000000bd600000|100%|HC|  |TAMS 0x00000000bd500000| PB 0x00000000bd500000| Untracked 
| 910|0x00000000bd600000, 0x00000000bd700000, 0x00000000bd700000|100%|HC|  |TAMS 0x00000000bd600000| PB 0x00000000bd600000| Untracked 
| 911|0x00000000bd700000, 0x00000000bd800000, 0x00000000bd800000|100%|HC|  |TAMS 0x00000000bd700000| PB 0x00000000bd700000| Untracked 
| 912|0x00000000bd800000, 0x00000000bd900000, 0x00000000bd900000|100%|HC|  |TAMS 0x00000000bd800000| PB 0x00000000bd800000| Untracked 
| 913|0x00000000bd900000, 0x00000000bda00000, 0x00000000bda00000|100%|HC|  |TAMS 0x00000000bd900000| PB 0x00000000bd900000| Untracked 
| 914|0x00000000bda00000, 0x00000000bdb00000, 0x00000000bdb00000|100%|HC|  |TAMS 0x00000000bda00000| PB 0x00000000bda00000| Untracked 
| 915|0x00000000bdb00000, 0x00000000bdc00000, 0x00000000bdc00000|100%|HC|  |TAMS 0x00000000bdb00000| PB 0x00000000bdb00000| Untracked 
| 916|0x00000000bdc00000, 0x00000000bdd00000, 0x00000000bdd00000|100%|HC|  |TAMS 0x00000000bdc00000| PB 0x00000000bdc00000| Untracked 
| 917|0x00000000bdd00000, 0x00000000bde00000, 0x00000000bde00000|100%|HS|  |TAMS 0x00000000bdd00000| PB 0x00000000bdd00000| Untracked 
| 918|0x00000000bde00000, 0x00000000bdf00000, 0x00000000bdf00000|100%|HC|  |TAMS 0x00000000bde00000| PB 0x00000000bde00000| Untracked 
| 919|0x00000000bdf00000, 0x00000000be000000, 0x00000000be000000|100%|HC|  |TAMS 0x00000000bdf00000| PB 0x00000000bdf00000| Untracked 
| 920|0x00000000be000000, 0x00000000be100000, 0x00000000be100000|100%|HC|  |TAMS 0x00000000be000000| PB 0x00000000be000000| Untracked 
| 921|0x00000000be100000, 0x00000000be200000, 0x00000000be200000|100%|HC|  |TAMS 0x00000000be100000| PB 0x00000000be100000| Untracked 
| 922|0x00000000be200000, 0x00000000be300000, 0x00000000be300000|100%|HC|  |TAMS 0x00000000be200000| PB 0x00000000be200000| Untracked 
| 923|0x00000000be300000, 0x00000000be400000, 0x00000000be400000|100%|HC|  |TAMS 0x00000000be300000| PB 0x00000000be300000| Untracked 
| 924|0x00000000be400000, 0x00000000be500000, 0x00000000be500000|100%|HC|  |TAMS 0x00000000be400000| PB 0x00000000be400000| Untracked 
| 925|0x00000000be500000, 0x00000000be600000, 0x00000000be600000|100%|HC|  |TAMS 0x00000000be500000| PB 0x00000000be500000| Untracked 
| 926|0x00000000be600000, 0x00000000be700000, 0x00000000be700000|100%|HC|  |TAMS 0x00000000be600000| PB 0x00000000be600000| Untracked 
| 927|0x00000000be700000, 0x00000000be800000, 0x00000000be800000|100%|HC|  |TAMS 0x00000000be700000| PB 0x00000000be700000| Untracked 
| 928|0x00000000be800000, 0x00000000be900000, 0x00000000be900000|100%|HC|  |TAMS 0x00000000be800000| PB 0x00000000be800000| Untracked 
| 929|0x00000000be900000, 0x00000000bea00000, 0x00000000bea00000|100%|HC|  |TAMS 0x00000000be900000| PB 0x00000000be900000| Untracked 
| 930|0x00000000bea00000, 0x00000000beb00000, 0x00000000beb00000|100%|HS|  |TAMS 0x00000000bea00000| PB 0x00000000bea00000| Untracked 
| 931|0x00000000beb00000, 0x00000000bec00000, 0x00000000bec00000|100%|HC|  |TAMS 0x00000000beb00000| PB 0x00000000beb00000| Untracked 
| 932|0x00000000bec00000, 0x00000000bed00000, 0x00000000bed00000|100%|HC|  |TAMS 0x00000000bec00000| PB 0x00000000bec00000| Untracked 
| 933|0x00000000bed00000, 0x00000000bee00000, 0x00000000bee00000|100%|HC|  |TAMS 0x00000000bed00000| PB 0x00000000bed00000| Untracked 
| 934|0x00000000bee00000, 0x00000000bef00000, 0x00000000bef00000|100%|HC|  |TAMS 0x00000000bee00000| PB 0x00000000bee00000| Untracked 
| 935|0x00000000bef00000, 0x00000000bf000000, 0x00000000bf000000|100%|HC|  |TAMS 0x00000000bef00000| PB 0x00000000bef00000| Untracked 
| 936|0x00000000bf000000, 0x00000000bf100000, 0x00000000bf100000|100%|HC|  |TAMS 0x00000000bf000000| PB 0x00000000bf000000| Untracked 
| 937|0x00000000bf100000, 0x00000000bf200000, 0x00000000bf200000|100%|HC|  |TAMS 0x00000000bf100000| PB 0x00000000bf100000| Untracked 
| 938|0x00000000bf200000, 0x00000000bf300000, 0x00000000bf300000|100%|HC|  |TAMS 0x00000000bf200000| PB 0x00000000bf200000| Untracked 
| 939|0x00000000bf300000, 0x00000000bf400000, 0x00000000bf400000|100%|HC|  |TAMS 0x00000000bf300000| PB 0x00000000bf300000| Untracked 
| 940|0x00000000bf400000, 0x00000000bf500000, 0x00000000bf500000|100%|HC|  |TAMS 0x00000000bf400000| PB 0x00000000bf400000| Untracked 
| 941|0x00000000bf500000, 0x00000000bf600000, 0x00000000bf600000|100%|HC|  |TAMS 0x00000000bf500000| PB 0x00000000bf500000| Untracked 
| 942|0x00000000bf600000, 0x00000000bf700000, 0x00000000bf700000|100%|HC|  |TAMS 0x00000000bf600000| PB 0x00000000bf600000| Untracked 
| 943|0x00000000bf700000, 0x00000000bf800000, 0x00000000bf800000|100%|HS|  |TAMS 0x00000000bf700000| PB 0x00000000bf700000| Untracked 
| 944|0x00000000bf800000, 0x00000000bf900000, 0x00000000bf900000|100%|HC|  |TAMS 0x00000000bf800000| PB 0x00000000bf800000| Untracked 
| 945|0x00000000bf900000, 0x00000000bfa00000, 0x00000000bfa00000|100%|HC|  |TAMS 0x00000000bf900000| PB 0x00000000bf900000| Untracked 
| 946|0x00000000bfa00000, 0x00000000bfb00000, 0x00000000bfb00000|100%|HC|  |TAMS 0x00000000bfa00000| PB 0x00000000bfa00000| Untracked 
| 947|0x00000000bfb00000, 0x00000000bfc00000, 0x00000000bfc00000|100%|HC|  |TAMS 0x00000000bfb00000| PB 0x00000000bfb00000| Untracked 
| 948|0x00000000bfc00000, 0x00000000bfd00000, 0x00000000bfd00000|100%|HC|  |TAMS 0x00000000bfc00000| PB 0x00000000bfc00000| Untracked 
| 949|0x00000000bfd00000, 0x00000000bfe00000, 0x00000000bfe00000|100%|HC|  |TAMS 0x00000000bfd00000| PB 0x00000000bfd00000| Untracked 
| 950|0x00000000bfe00000, 0x00000000bff00000, 0x00000000bff00000|100%|HC|  |TAMS 0x00000000bfe00000| PB 0x00000000bfe00000| Untracked 
| 951|0x00000000bff00000, 0x00000000c0000000, 0x00000000c0000000|100%|HC|  |TAMS 0x00000000bff00000| PB 0x00000000bff00000| Untracked 
| 952|0x00000000c0000000, 0x00000000c0100000, 0x00000000c0100000|100%|HC|  |TAMS 0x00000000c0000000| PB 0x00000000c0000000| Untracked 
| 953|0x00000000c0100000, 0x00000000c0200000, 0x00000000c0200000|100%|HC|  |TAMS 0x00000000c0100000| PB 0x00000000c0100000| Untracked 
| 954|0x00000000c0200000, 0x00000000c0300000, 0x00000000c0300000|100%|HC|  |TAMS 0x00000000c0200000| PB 0x00000000c0200000| Untracked 
| 955|0x00000000c0300000, 0x00000000c0400000, 0x00000000c0400000|100%|HC|  |TAMS 0x00000000c0300000| PB 0x00000000c0300000| Untracked 
| 956|0x00000000c0400000, 0x00000000c0500000, 0x00000000c0500000|100%|HS|  |TAMS 0x00000000c0400000| PB 0x00000000c0400000| Untracked 
| 957|0x00000000c0500000, 0x00000000c0600000, 0x00000000c0600000|100%|HC|  |TAMS 0x00000000c0500000| PB 0x00000000c0500000| Untracked 
| 958|0x00000000c0600000, 0x00000000c0700000, 0x00000000c0700000|100%|HC|  |TAMS 0x00000000c0600000| PB 0x00000000c0600000| Untracked 
| 959|0x00000000c0700000, 0x00000000c0800000, 0x00000000c0800000|100%|HC|  |TAMS 0x00000000c0700000| PB 0x00000000c0700000| Untracked 
| 960|0x00000000c0800000, 0x00000000c0900000, 0x00000000c0900000|100%|HC|  |TAMS 0x00000000c0800000| PB 0x00000000c0800000| Untracked 
| 961|0x00000000c0900000, 0x00000000c0a00000, 0x00000000c0a00000|100%|HC|  |TAMS 0x00000000c0900000| PB 0x00000000c0900000| Untracked 
| 962|0x00000000c0a00000, 0x00000000c0b00000, 0x00000000c0b00000|100%|HC|  |TAMS 0x00000000c0a00000| PB 0x00000000c0a00000| Untracked 
| 963|0x00000000c0b00000, 0x00000000c0c00000, 0x00000000c0c00000|100%|HC|  |TAMS 0x00000000c0b00000| PB 0x00000000c0b00000| Untracked 
| 964|0x00000000c0c00000, 0x00000000c0d00000, 0x00000000c0d00000|100%|HC|  |TAMS 0x00000000c0c00000| PB 0x00000000c0c00000| Untracked 
| 965|0x00000000c0d00000, 0x00000000c0e00000, 0x00000000c0e00000|100%|HC|  |TAMS 0x00000000c0d00000| PB 0x00000000c0d00000| Untracked 
| 966|0x00000000c0e00000, 0x00000000c0f00000, 0x00000000c0f00000|100%|HC|  |TAMS 0x00000000c0e00000| PB 0x00000000c0e00000| Untracked 
| 967|0x00000000c0f00000, 0x00000000c1000000, 0x00000000c1000000|100%|HC|  |TAMS 0x00000000c0f00000| PB 0x00000000c0f00000| Untracked 
| 968|0x00000000c1000000, 0x00000000c1100000, 0x00000000c1100000|100%|HC|  |TAMS 0x00000000c1000000| PB 0x00000000c1000000| Untracked 
| 969|0x00000000c1100000, 0x00000000c1200000, 0x00000000c1200000|100%|HS|  |TAMS 0x00000000c1100000| PB 0x00000000c1100000| Untracked 
| 970|0x00000000c1200000, 0x00000000c1300000, 0x00000000c1300000|100%|HC|  |TAMS 0x00000000c1200000| PB 0x00000000c1200000| Untracked 
| 971|0x00000000c1300000, 0x00000000c1400000, 0x00000000c1400000|100%|HC|  |TAMS 0x00000000c1300000| PB 0x00000000c1300000| Untracked 
| 972|0x00000000c1400000, 0x00000000c1500000, 0x00000000c1500000|100%|HC|  |TAMS 0x00000000c1400000| PB 0x00000000c1400000| Untracked 
| 973|0x00000000c1500000, 0x00000000c1600000, 0x00000000c1600000|100%|HC|  |TAMS 0x00000000c1500000| PB 0x00000000c1500000| Untracked 
| 974|0x00000000c1600000, 0x00000000c1700000, 0x00000000c1700000|100%|HC|  |TAMS 0x00000000c1600000| PB 0x00000000c1600000| Untracked 
| 975|0x00000000c1700000, 0x00000000c1800000, 0x00000000c1800000|100%|HC|  |TAMS 0x00000000c1700000| PB 0x00000000c1700000| Untracked 
| 976|0x00000000c1800000, 0x00000000c1900000, 0x00000000c1900000|100%|HC|  |TAMS 0x00000000c1800000| PB 0x00000000c1800000| Untracked 
| 977|0x00000000c1900000, 0x00000000c1a00000, 0x00000000c1a00000|100%|HC|  |TAMS 0x00000000c1900000| PB 0x00000000c1900000| Untracked 
| 978|0x00000000c1a00000, 0x00000000c1b00000, 0x00000000c1b00000|100%|HC|  |TAMS 0x00000000c1a00000| PB 0x00000000c1a00000| Untracked 
| 979|0x00000000c1b00000, 0x00000000c1c00000, 0x00000000c1c00000|100%|HC|  |TAMS 0x00000000c1b00000| PB 0x00000000c1b00000| Untracked 
| 980|0x00000000c1c00000, 0x00000000c1d00000, 0x00000000c1d00000|100%|HC|  |TAMS 0x00000000c1c00000| PB 0x00000000c1c00000| Untracked 
| 981|0x00000000c1d00000, 0x00000000c1e00000, 0x00000000c1e00000|100%|HC|  |TAMS 0x00000000c1d00000| PB 0x00000000c1d00000| Untracked 
| 982|0x00000000c1e00000, 0x00000000c1f00000, 0x00000000c1f00000|100%|HS|  |TAMS 0x00000000c1e00000| PB 0x00000000c1e00000| Untracked 
| 983|0x00000000c1f00000, 0x00000000c2000000, 0x00000000c2000000|100%|HC|  |TAMS 0x00000000c1f00000| PB 0x00000000c1f00000| Untracked 
| 984|0x00000000c2000000, 0x00000000c2100000, 0x00000000c2100000|100%|HC|  |TAMS 0x00000000c2000000| PB 0x00000000c2000000| Untracked 
| 985|0x00000000c2100000, 0x00000000c2200000, 0x00000000c2200000|100%|HC|  |TAMS 0x00000000c2100000| PB 0x00000000c2100000| Untracked 
| 986|0x00000000c2200000, 0x00000000c2300000, 0x00000000c2300000|100%|HC|  |TAMS 0x00000000c2200000| PB 0x00000000c2200000| Untracked 
| 987|0x00000000c2300000, 0x00000000c2400000, 0x00000000c2400000|100%|HC|  |TAMS 0x00000000c2300000| PB 0x00000000c2300000| Untracked 
| 988|0x00000000c2400000, 0x00000000c2500000, 0x00000000c2500000|100%|HC|  |TAMS 0x00000000c2400000| PB 0x00000000c2400000| Untracked 
| 989|0x00000000c2500000, 0x00000000c2600000, 0x00000000c2600000|100%|HC|  |TAMS 0x00000000c2500000| PB 0x00000000c2500000| Untracked 
| 990|0x00000000c2600000, 0x00000000c2700000, 0x00000000c2700000|100%|HC|  |TAMS 0x00000000c2600000| PB 0x00000000c2600000| Untracked 
| 991|0x00000000c2700000, 0x00000000c2800000, 0x00000000c2800000|100%|HC|  |TAMS 0x00000000c2700000| PB 0x00000000c2700000| Untracked 
| 992|0x00000000c2800000, 0x00000000c2900000, 0x00000000c2900000|100%|HC|  |TAMS 0x00000000c2800000| PB 0x00000000c2800000| Untracked 
| 993|0x00000000c2900000, 0x00000000c2a00000, 0x00000000c2a00000|100%|HC|  |TAMS 0x00000000c2900000| PB 0x00000000c2900000| Untracked 
| 994|0x00000000c2a00000, 0x00000000c2b00000, 0x00000000c2b00000|100%|HC|  |TAMS 0x00000000c2a00000| PB 0x00000000c2a00000| Untracked 
| 995|0x00000000c2b00000, 0x00000000c2c00000, 0x00000000c2c00000|100%|HS|  |TAMS 0x00000000c2b00000| PB 0x00000000c2b00000| Untracked 
| 996|0x00000000c2c00000, 0x00000000c2d00000, 0x00000000c2d00000|100%|HC|  |TAMS 0x00000000c2c00000| PB 0x00000000c2c00000| Untracked 
| 997|0x00000000c2d00000, 0x00000000c2e00000, 0x00000000c2e00000|100%|HC|  |TAMS 0x00000000c2d00000| PB 0x00000000c2d00000| Untracked 
| 998|0x00000000c2e00000, 0x00000000c2f00000, 0x00000000c2f00000|100%|HC|  |TAMS 0x00000000c2e00000| PB 0x00000000c2e00000| Untracked 
| 999|0x00000000c2f00000, 0x00000000c3000000, 0x00000000c3000000|100%|HC|  |TAMS 0x00000000c2f00000| PB 0x00000000c2f00000| Untracked 
|1000|0x00000000c3000000, 0x00000000c3100000, 0x00000000c3100000|100%|HC|  |TAMS 0x00000000c3000000| PB 0x00000000c3000000| Untracked 
|1001|0x00000000c3100000, 0x00000000c3200000, 0x00000000c3200000|100%|HC|  |TAMS 0x00000000c3100000| PB 0x00000000c3100000| Untracked 
|1002|0x00000000c3200000, 0x00000000c3300000, 0x00000000c3300000|100%|HC|  |TAMS 0x00000000c3200000| PB 0x00000000c3200000| Untracked 
|1003|0x00000000c3300000, 0x00000000c3400000, 0x00000000c3400000|100%|HC|  |TAMS 0x00000000c3300000| PB 0x00000000c3300000| Untracked 
|1004|0x00000000c3400000, 0x00000000c3500000, 0x00000000c3500000|100%|HC|  |TAMS 0x00000000c3400000| PB 0x00000000c3400000| Untracked 
|1005|0x00000000c3500000, 0x00000000c3600000, 0x00000000c3600000|100%|HC|  |TAMS 0x00000000c3500000| PB 0x00000000c3500000| Untracked 
|1006|0x00000000c3600000, 0x00000000c3700000, 0x00000000c3700000|100%|HC|  |TAMS 0x00000000c3600000| PB 0x00000000c3600000| Untracked 
|1007|0x00000000c3700000, 0x00000000c3800000, 0x00000000c3800000|100%|HC|  |TAMS 0x00000000c3700000| PB 0x00000000c3700000| Untracked 
|1008|0x00000000c3800000, 0x00000000c3900000, 0x00000000c3900000|100%|HS|  |TAMS 0x00000000c3800000| PB 0x00000000c3800000| Untracked 
|1009|0x00000000c3900000, 0x00000000c3a00000, 0x00000000c3a00000|100%|HC|  |TAMS 0x00000000c3900000| PB 0x00000000c3900000| Untracked 
|1010|0x00000000c3a00000, 0x00000000c3b00000, 0x00000000c3b00000|100%|HC|  |TAMS 0x00000000c3a00000| PB 0x00000000c3a00000| Untracked 
|1011|0x00000000c3b00000, 0x00000000c3c00000, 0x00000000c3c00000|100%|HC|  |TAMS 0x00000000c3b00000| PB 0x00000000c3b00000| Untracked 
|1012|0x00000000c3c00000, 0x00000000c3d00000, 0x00000000c3d00000|100%|HC|  |TAMS 0x00000000c3c00000| PB 0x00000000c3c00000| Untracked 
|1013|0x00000000c3d00000, 0x00000000c3e00000, 0x00000000c3e00000|100%|HC|  |TAMS 0x00000000c3d00000| PB 0x00000000c3d00000| Untracked 
|1014|0x00000000c3e00000, 0x00000000c3f00000, 0x00000000c3f00000|100%|HC|  |TAMS 0x00000000c3e00000| PB 0x00000000c3e00000| Untracked 
|1015|0x00000000c3f00000, 0x00000000c4000000, 0x00000000c4000000|100%|HC|  |TAMS 0x00000000c3f00000| PB 0x00000000c3f00000| Untracked 
|1016|0x00000000c4000000, 0x00000000c4100000, 0x00000000c4100000|100%|HC|  |TAMS 0x00000000c4000000| PB 0x00000000c4000000| Untracked 
|1017|0x00000000c4100000, 0x00000000c4200000, 0x00000000c4200000|100%|HC|  |TAMS 0x00000000c4100000| PB 0x00000000c4100000| Untracked 
|1018|0x00000000c4200000, 0x00000000c4300000, 0x00000000c4300000|100%|HC|  |TAMS 0x00000000c4200000| PB 0x00000000c4200000| Untracked 
|1019|0x00000000c4300000, 0x00000000c4400000, 0x00000000c4400000|100%|HC|  |TAMS 0x00000000c4300000| PB 0x00000000c4300000| Untracked 
|1020|0x00000000c4400000, 0x00000000c4500000, 0x00000000c4500000|100%|HC|  |TAMS 0x00000000c4400000| PB 0x00000000c4400000| Untracked 
|1021|0x00000000c4500000, 0x00000000c4600000, 0x00000000c4600000|100%|HS|  |TAMS 0x00000000c4500000| PB 0x00000000c4500000| Untracked 
|1022|0x00000000c4600000, 0x00000000c4700000, 0x00000000c4700000|100%|HC|  |TAMS 0x00000000c4600000| PB 0x00000000c4600000| Untracked 
|1023|0x00000000c4700000, 0x00000000c4800000, 0x00000000c4800000|100%|HC|  |TAMS 0x00000000c4700000| PB 0x00000000c4700000| Untracked 
|1024|0x00000000c4800000, 0x00000000c4900000, 0x00000000c4900000|100%|HC|  |TAMS 0x00000000c4800000| PB 0x00000000c4800000| Untracked 
|1025|0x00000000c4900000, 0x00000000c4a00000, 0x00000000c4a00000|100%|HC|  |TAMS 0x00000000c4900000| PB 0x00000000c4900000| Untracked 
|1026|0x00000000c4a00000, 0x00000000c4b00000, 0x00000000c4b00000|100%|HC|  |TAMS 0x00000000c4a00000| PB 0x00000000c4a00000| Untracked 
|1027|0x00000000c4b00000, 0x00000000c4c00000, 0x00000000c4c00000|100%|HC|  |TAMS 0x00000000c4b00000| PB 0x00000000c4b00000| Untracked 
|1028|0x00000000c4c00000, 0x00000000c4d00000, 0x00000000c4d00000|100%|HC|  |TAMS 0x00000000c4c00000| PB 0x00000000c4c00000| Untracked 
|1029|0x00000000c4d00000, 0x00000000c4e00000, 0x00000000c4e00000|100%|HC|  |TAMS 0x00000000c4d00000| PB 0x00000000c4d00000| Untracked 
|1030|0x00000000c4e00000, 0x00000000c4f00000, 0x00000000c4f00000|100%|HC|  |TAMS 0x00000000c4e00000| PB 0x00000000c4e00000| Untracked 
|1031|0x00000000c4f00000, 0x00000000c5000000, 0x00000000c5000000|100%|HC|  |TAMS 0x00000000c4f00000| PB 0x00000000c4f00000| Untracked 
|1032|0x00000000c5000000, 0x00000000c5100000, 0x00000000c5100000|100%|HC|  |TAMS 0x00000000c5000000| PB 0x00000000c5000000| Untracked 
|1033|0x00000000c5100000, 0x00000000c5200000, 0x00000000c5200000|100%|HC|  |TAMS 0x00000000c5100000| PB 0x00000000c5100000| Untracked 
|1034|0x00000000c5200000, 0x00000000c5300000, 0x00000000c5300000|100%|HS|  |TAMS 0x00000000c5200000| PB 0x00000000c5200000| Untracked 
|1035|0x00000000c5300000, 0x00000000c5400000, 0x00000000c5400000|100%|HC|  |TAMS 0x00000000c5300000| PB 0x00000000c5300000| Untracked 
|1036|0x00000000c5400000, 0x00000000c5500000, 0x00000000c5500000|100%|HC|  |TAMS 0x00000000c5400000| PB 0x00000000c5400000| Untracked 
|1037|0x00000000c5500000, 0x00000000c5600000, 0x00000000c5600000|100%|HC|  |TAMS 0x00000000c5500000| PB 0x00000000c5500000| Untracked 
|1038|0x00000000c5600000, 0x00000000c5700000, 0x00000000c5700000|100%|HC|  |TAMS 0x00000000c5600000| PB 0x00000000c5600000| Untracked 
|1039|0x00000000c5700000, 0x00000000c5800000, 0x00000000c5800000|100%|HC|  |TAMS 0x00000000c5700000| PB 0x00000000c5700000| Untracked 
|1040|0x00000000c5800000, 0x00000000c5900000, 0x00000000c5900000|100%|HC|  |TAMS 0x00000000c5800000| PB 0x00000000c5800000| Untracked 
|1041|0x00000000c5900000, 0x00000000c5a00000, 0x00000000c5a00000|100%|HC|  |TAMS 0x00000000c5900000| PB 0x00000000c5900000| Untracked 
|1042|0x00000000c5a00000, 0x00000000c5b00000, 0x00000000c5b00000|100%|HC|  |TAMS 0x00000000c5a00000| PB 0x00000000c5a00000| Untracked 
|1043|0x00000000c5b00000, 0x00000000c5c00000, 0x00000000c5c00000|100%|HC|  |TAMS 0x00000000c5b00000| PB 0x00000000c5b00000| Untracked 
|1044|0x00000000c5c00000, 0x00000000c5d00000, 0x00000000c5d00000|100%|HC|  |TAMS 0x00000000c5c00000| PB 0x00000000c5c00000| Untracked 
|1045|0x00000000c5d00000, 0x00000000c5e00000, 0x00000000c5e00000|100%|HC|  |TAMS 0x00000000c5d00000| PB 0x00000000c5d00000| Untracked 
|1046|0x00000000c5e00000, 0x00000000c5f00000, 0x00000000c5f00000|100%|HC|  |TAMS 0x00000000c5e00000| PB 0x00000000c5e00000| Untracked 
|1047|0x00000000c5f00000, 0x00000000c6000000, 0x00000000c6000000|100%|HS|  |TAMS 0x00000000c5f00000| PB 0x00000000c5f00000| Untracked 
|1048|0x00000000c6000000, 0x00000000c6100000, 0x00000000c6100000|100%|HC|  |TAMS 0x00000000c6000000| PB 0x00000000c6000000| Untracked 
|1049|0x00000000c6100000, 0x00000000c6200000, 0x00000000c6200000|100%|HC|  |TAMS 0x00000000c6100000| PB 0x00000000c6100000| Untracked 
|1050|0x00000000c6200000, 0x00000000c6300000, 0x00000000c6300000|100%|HC|  |TAMS 0x00000000c6200000| PB 0x00000000c6200000| Untracked 
|1051|0x00000000c6300000, 0x00000000c6400000, 0x00000000c6400000|100%|HC|  |TAMS 0x00000000c6300000| PB 0x00000000c6300000| Untracked 
|1052|0x00000000c6400000, 0x00000000c6500000, 0x00000000c6500000|100%|HC|  |TAMS 0x00000000c6400000| PB 0x00000000c6400000| Untracked 
|1053|0x00000000c6500000, 0x00000000c6600000, 0x00000000c6600000|100%|HC|  |TAMS 0x00000000c6500000| PB 0x00000000c6500000| Untracked 
|1054|0x00000000c6600000, 0x00000000c6700000, 0x00000000c6700000|100%|HC|  |TAMS 0x00000000c6600000| PB 0x00000000c6600000| Untracked 
|1055|0x00000000c6700000, 0x00000000c6800000, 0x00000000c6800000|100%|HC|  |TAMS 0x00000000c6700000| PB 0x00000000c6700000| Untracked 
|1056|0x00000000c6800000, 0x00000000c6900000, 0x00000000c6900000|100%|HC|  |TAMS 0x00000000c6800000| PB 0x00000000c6800000| Untracked 
|1057|0x00000000c6900000, 0x00000000c6a00000, 0x00000000c6a00000|100%|HC|  |TAMS 0x00000000c6900000| PB 0x00000000c6900000| Untracked 
|1058|0x00000000c6a00000, 0x00000000c6b00000, 0x00000000c6b00000|100%|HC|  |TAMS 0x00000000c6a00000| PB 0x00000000c6a00000| Untracked 
|1059|0x00000000c6b00000, 0x00000000c6c00000, 0x00000000c6c00000|100%|HC|  |TAMS 0x00000000c6b00000| PB 0x00000000c6b00000| Untracked 
|1060|0x00000000c6c00000, 0x00000000c6d00000, 0x00000000c6d00000|100%|HS|  |TAMS 0x00000000c6c00000| PB 0x00000000c6c00000| Untracked 
|1061|0x00000000c6d00000, 0x00000000c6e00000, 0x00000000c6e00000|100%|HC|  |TAMS 0x00000000c6d00000| PB 0x00000000c6d00000| Untracked 
|1062|0x00000000c6e00000, 0x00000000c6f00000, 0x00000000c6f00000|100%|HC|  |TAMS 0x00000000c6e00000| PB 0x00000000c6e00000| Untracked 
|1063|0x00000000c6f00000, 0x00000000c7000000, 0x00000000c7000000|100%|HC|  |TAMS 0x00000000c6f00000| PB 0x00000000c6f00000| Untracked 
|1064|0x00000000c7000000, 0x00000000c7100000, 0x00000000c7100000|100%|HC|  |TAMS 0x00000000c7000000| PB 0x00000000c7000000| Untracked 
|1065|0x00000000c7100000, 0x00000000c7200000, 0x00000000c7200000|100%|HC|  |TAMS 0x00000000c7100000| PB 0x00000000c7100000| Untracked 
|1066|0x00000000c7200000, 0x00000000c7300000, 0x00000000c7300000|100%|HC|  |TAMS 0x00000000c7200000| PB 0x00000000c7200000| Untracked 
|1067|0x00000000c7300000, 0x00000000c7400000, 0x00000000c7400000|100%|HC|  |TAMS 0x00000000c7300000| PB 0x00000000c7300000| Untracked 
|1068|0x00000000c7400000, 0x00000000c7500000, 0x00000000c7500000|100%|HC|  |TAMS 0x00000000c7400000| PB 0x00000000c7400000| Untracked 
|1069|0x00000000c7500000, 0x00000000c7600000, 0x00000000c7600000|100%|HC|  |TAMS 0x00000000c7500000| PB 0x00000000c7500000| Untracked 
|1070|0x00000000c7600000, 0x00000000c7700000, 0x00000000c7700000|100%|HC|  |TAMS 0x00000000c7600000| PB 0x00000000c7600000| Untracked 
|1071|0x00000000c7700000, 0x00000000c7800000, 0x00000000c7800000|100%|HC|  |TAMS 0x00000000c7700000| PB 0x00000000c7700000| Untracked 
|1072|0x00000000c7800000, 0x00000000c7900000, 0x00000000c7900000|100%|HC|  |TAMS 0x00000000c7800000| PB 0x00000000c7800000| Untracked 
|1073|0x00000000c7900000, 0x00000000c7a00000, 0x00000000c7a00000|100%|HS|  |TAMS 0x00000000c7900000| PB 0x00000000c7900000| Untracked 
|1074|0x00000000c7a00000, 0x00000000c7b00000, 0x00000000c7b00000|100%|HC|  |TAMS 0x00000000c7a00000| PB 0x00000000c7a00000| Untracked 
|1075|0x00000000c7b00000, 0x00000000c7c00000, 0x00000000c7c00000|100%|HC|  |TAMS 0x00000000c7b00000| PB 0x00000000c7b00000| Untracked 
|1076|0x00000000c7c00000, 0x00000000c7d00000, 0x00000000c7d00000|100%|HC|  |TAMS 0x00000000c7c00000| PB 0x00000000c7c00000| Untracked 
|1077|0x00000000c7d00000, 0x00000000c7e00000, 0x00000000c7e00000|100%|HC|  |TAMS 0x00000000c7d00000| PB 0x00000000c7d00000| Untracked 
|1078|0x00000000c7e00000, 0x00000000c7f00000, 0x00000000c7f00000|100%|HC|  |TAMS 0x00000000c7e00000| PB 0x00000000c7e00000| Untracked 
|1079|0x00000000c7f00000, 0x00000000c8000000, 0x00000000c8000000|100%|HC|  |TAMS 0x00000000c7f00000| PB 0x00000000c7f00000| Untracked 
|1080|0x00000000c8000000, 0x00000000c8100000, 0x00000000c8100000|100%|HC|  |TAMS 0x00000000c8000000| PB 0x00000000c8000000| Untracked 
|1081|0x00000000c8100000, 0x00000000c8200000, 0x00000000c8200000|100%|HC|  |TAMS 0x00000000c8100000| PB 0x00000000c8100000| Untracked 
|1082|0x00000000c8200000, 0x00000000c8300000, 0x00000000c8300000|100%|HC|  |TAMS 0x00000000c8200000| PB 0x00000000c8200000| Untracked 
|1083|0x00000000c8300000, 0x00000000c8400000, 0x00000000c8400000|100%|HC|  |TAMS 0x00000000c8300000| PB 0x00000000c8300000| Untracked 
|1084|0x00000000c8400000, 0x00000000c8500000, 0x00000000c8500000|100%|HC|  |TAMS 0x00000000c8400000| PB 0x00000000c8400000| Untracked 
|1085|0x00000000c8500000, 0x00000000c8600000, 0x00000000c8600000|100%|HC|  |TAMS 0x00000000c8500000| PB 0x00000000c8500000| Untracked 
|1086|0x00000000c8600000, 0x00000000c8700000, 0x00000000c8700000|100%|HS|  |TAMS 0x00000000c8600000| PB 0x00000000c8600000| Untracked 
|1087|0x00000000c8700000, 0x00000000c8800000, 0x00000000c8800000|100%|HC|  |TAMS 0x00000000c8700000| PB 0x00000000c8700000| Untracked 
|1088|0x00000000c8800000, 0x00000000c8900000, 0x00000000c8900000|100%|HC|  |TAMS 0x00000000c8800000| PB 0x00000000c8800000| Untracked 
|1089|0x00000000c8900000, 0x00000000c8a00000, 0x00000000c8a00000|100%|HC|  |TAMS 0x00000000c8900000| PB 0x00000000c8900000| Untracked 
|1090|0x00000000c8a00000, 0x00000000c8b00000, 0x00000000c8b00000|100%|HC|  |TAMS 0x00000000c8a00000| PB 0x00000000c8a00000| Untracked 
|1091|0x00000000c8b00000, 0x00000000c8c00000, 0x00000000c8c00000|100%|HC|  |TAMS 0x00000000c8b00000| PB 0x00000000c8b00000| Untracked 
|1092|0x00000000c8c00000, 0x00000000c8d00000, 0x00000000c8d00000|100%|HC|  |TAMS 0x00000000c8c00000| PB 0x00000000c8c00000| Untracked 
|1093|0x00000000c8d00000, 0x00000000c8e00000, 0x00000000c8e00000|100%|HC|  |TAMS 0x00000000c8d00000| PB 0x00000000c8d00000| Untracked 
|1094|0x00000000c8e00000, 0x00000000c8f00000, 0x00000000c8f00000|100%|HC|  |TAMS 0x00000000c8e00000| PB 0x00000000c8e00000| Untracked 
|1095|0x00000000c8f00000, 0x00000000c9000000, 0x00000000c9000000|100%|HC|  |TAMS 0x00000000c8f00000| PB 0x00000000c8f00000| Untracked 
|1096|0x00000000c9000000, 0x00000000c9100000, 0x00000000c9100000|100%|HC|  |TAMS 0x00000000c9000000| PB 0x00000000c9000000| Untracked 
|1097|0x00000000c9100000, 0x00000000c9200000, 0x00000000c9200000|100%|HC|  |TAMS 0x00000000c9100000| PB 0x00000000c9100000| Untracked 
|1098|0x00000000c9200000, 0x00000000c9300000, 0x00000000c9300000|100%|HC|  |TAMS 0x00000000c9200000| PB 0x00000000c9200000| Untracked 
|1099|0x00000000c9300000, 0x00000000c9400000, 0x00000000c9400000|100%|HS|  |TAMS 0x00000000c9300000| PB 0x00000000c9300000| Untracked 
|1100|0x00000000c9400000, 0x00000000c9500000, 0x00000000c9500000|100%|HC|  |TAMS 0x00000000c9400000| PB 0x00000000c9400000| Untracked 
|1101|0x00000000c9500000, 0x00000000c9600000, 0x00000000c9600000|100%|HC|  |TAMS 0x00000000c9500000| PB 0x00000000c9500000| Untracked 
|1102|0x00000000c9600000, 0x00000000c9700000, 0x00000000c9700000|100%|HC|  |TAMS 0x00000000c9600000| PB 0x00000000c9600000| Untracked 
|1103|0x00000000c9700000, 0x00000000c9800000, 0x00000000c9800000|100%|HC|  |TAMS 0x00000000c9700000| PB 0x00000000c9700000| Untracked 
|1104|0x00000000c9800000, 0x00000000c9900000, 0x00000000c9900000|100%|HC|  |TAMS 0x00000000c9800000| PB 0x00000000c9800000| Untracked 
|1105|0x00000000c9900000, 0x00000000c9a00000, 0x00000000c9a00000|100%|HC|  |TAMS 0x00000000c9900000| PB 0x00000000c9900000| Untracked 
|1106|0x00000000c9a00000, 0x00000000c9b00000, 0x00000000c9b00000|100%|HC|  |TAMS 0x00000000c9a00000| PB 0x00000000c9a00000| Untracked 
|1107|0x00000000c9b00000, 0x00000000c9c00000, 0x00000000c9c00000|100%|HC|  |TAMS 0x00000000c9b00000| PB 0x00000000c9b00000| Untracked 
|1108|0x00000000c9c00000, 0x00000000c9d00000, 0x00000000c9d00000|100%|HC|  |TAMS 0x00000000c9c00000| PB 0x00000000c9c00000| Untracked 
|1109|0x00000000c9d00000, 0x00000000c9e00000, 0x00000000c9e00000|100%|HC|  |TAMS 0x00000000c9d00000| PB 0x00000000c9d00000| Untracked 
|1110|0x00000000c9e00000, 0x00000000c9f00000, 0x00000000c9f00000|100%|HC|  |TAMS 0x00000000c9e00000| PB 0x00000000c9e00000| Untracked 
|1111|0x00000000c9f00000, 0x00000000ca000000, 0x00000000ca000000|100%|HC|  |TAMS 0x00000000c9f00000| PB 0x00000000c9f00000| Untracked 
|1112|0x00000000ca000000, 0x00000000ca100000, 0x00000000ca100000|100%|HS|  |TAMS 0x00000000ca000000| PB 0x00000000ca000000| Untracked 
|1113|0x00000000ca100000, 0x00000000ca200000, 0x00000000ca200000|100%|HC|  |TAMS 0x00000000ca100000| PB 0x00000000ca100000| Untracked 
|1114|0x00000000ca200000, 0x00000000ca300000, 0x00000000ca300000|100%|HC|  |TAMS 0x00000000ca200000| PB 0x00000000ca200000| Untracked 
|1115|0x00000000ca300000, 0x00000000ca400000, 0x00000000ca400000|100%|HC|  |TAMS 0x00000000ca300000| PB 0x00000000ca300000| Untracked 
|1116|0x00000000ca400000, 0x00000000ca500000, 0x00000000ca500000|100%|HC|  |TAMS 0x00000000ca400000| PB 0x00000000ca400000| Untracked 
|1117|0x00000000ca500000, 0x00000000ca600000, 0x00000000ca600000|100%|HC|  |TAMS 0x00000000ca500000| PB 0x00000000ca500000| Untracked 
|1118|0x00000000ca600000, 0x00000000ca700000, 0x00000000ca700000|100%|HC|  |TAMS 0x00000000ca600000| PB 0x00000000ca600000| Untracked 
|1119|0x00000000ca700000, 0x00000000ca800000, 0x00000000ca800000|100%|HC|  |TAMS 0x00000000ca700000| PB 0x00000000ca700000| Untracked 
|1120|0x00000000ca800000, 0x00000000ca900000, 0x00000000ca900000|100%|HC|  |TAMS 0x00000000ca800000| PB 0x00000000ca800000| Untracked 
|1121|0x00000000ca900000, 0x00000000caa00000, 0x00000000caa00000|100%|HC|  |TAMS 0x00000000ca900000| PB 0x00000000ca900000| Untracked 
|1122|0x00000000caa00000, 0x00000000cab00000, 0x00000000cab00000|100%|HC|  |TAMS 0x00000000caa00000| PB 0x00000000caa00000| Untracked 
|1123|0x00000000cab00000, 0x00000000cac00000, 0x00000000cac00000|100%|HC|  |TAMS 0x00000000cab00000| PB 0x00000000cab00000| Untracked 
|1124|0x00000000cac00000, 0x00000000cad00000, 0x00000000cad00000|100%|HC|  |TAMS 0x00000000cac00000| PB 0x00000000cac00000| Untracked 
|1125|0x00000000cad00000, 0x00000000cae00000, 0x00000000cae00000|100%|HS|  |TAMS 0x00000000cad00000| PB 0x00000000cad00000| Untracked 
|1126|0x00000000cae00000, 0x00000000caf00000, 0x00000000caf00000|100%|HC|  |TAMS 0x00000000cae00000| PB 0x00000000cae00000| Untracked 
|1127|0x00000000caf00000, 0x00000000cb000000, 0x00000000cb000000|100%|HC|  |TAMS 0x00000000caf00000| PB 0x00000000caf00000| Untracked 
|1128|0x00000000cb000000, 0x00000000cb100000, 0x00000000cb100000|100%|HC|  |TAMS 0x00000000cb000000| PB 0x00000000cb000000| Untracked 
|1129|0x00000000cb100000, 0x00000000cb200000, 0x00000000cb200000|100%|HC|  |TAMS 0x00000000cb100000| PB 0x00000000cb100000| Untracked 
|1130|0x00000000cb200000, 0x00000000cb300000, 0x00000000cb300000|100%|HC|  |TAMS 0x00000000cb200000| PB 0x00000000cb200000| Untracked 
|1131|0x00000000cb300000, 0x00000000cb400000, 0x00000000cb400000|100%|HC|  |TAMS 0x00000000cb300000| PB 0x00000000cb300000| Untracked 
|1132|0x00000000cb400000, 0x00000000cb500000, 0x00000000cb500000|100%|HC|  |TAMS 0x00000000cb400000| PB 0x00000000cb400000| Untracked 
|1133|0x00000000cb500000, 0x00000000cb600000, 0x00000000cb600000|100%|HC|  |TAMS 0x00000000cb500000| PB 0x00000000cb500000| Untracked 
|1134|0x00000000cb600000, 0x00000000cb700000, 0x00000000cb700000|100%|HC|  |TAMS 0x00000000cb600000| PB 0x00000000cb600000| Untracked 
|1135|0x00000000cb700000, 0x00000000cb800000, 0x00000000cb800000|100%|HC|  |TAMS 0x00000000cb700000| PB 0x00000000cb700000| Untracked 
|1136|0x00000000cb800000, 0x00000000cb900000, 0x00000000cb900000|100%|HC|  |TAMS 0x00000000cb800000| PB 0x00000000cb800000| Untracked 
|1137|0x00000000cb900000, 0x00000000cba00000, 0x00000000cba00000|100%|HC|  |TAMS 0x00000000cb900000| PB 0x00000000cb900000| Untracked 
|1138|0x00000000cba00000, 0x00000000cbb00000, 0x00000000cbb00000|100%|HS|  |TAMS 0x00000000cba00000| PB 0x00000000cba00000| Untracked 
|1139|0x00000000cbb00000, 0x00000000cbc00000, 0x00000000cbc00000|100%|HC|  |TAMS 0x00000000cbb00000| PB 0x00000000cbb00000| Untracked 
|1140|0x00000000cbc00000, 0x00000000cbd00000, 0x00000000cbd00000|100%|HC|  |TAMS 0x00000000cbc00000| PB 0x00000000cbc00000| Untracked 
|1141|0x00000000cbd00000, 0x00000000cbe00000, 0x00000000cbe00000|100%|HC|  |TAMS 0x00000000cbd00000| PB 0x00000000cbd00000| Untracked 
|1142|0x00000000cbe00000, 0x00000000cbf00000, 0x00000000cbf00000|100%|HC|  |TAMS 0x00000000cbe00000| PB 0x00000000cbe00000| Untracked 
|1143|0x00000000cbf00000, 0x00000000cc000000, 0x00000000cc000000|100%|HC|  |TAMS 0x00000000cbf00000| PB 0x00000000cbf00000| Untracked 
|1144|0x00000000cc000000, 0x00000000cc100000, 0x00000000cc100000|100%|HC|  |TAMS 0x00000000cc000000| PB 0x00000000cc000000| Untracked 
|1145|0x00000000cc100000, 0x00000000cc200000, 0x00000000cc200000|100%|HC|  |TAMS 0x00000000cc100000| PB 0x00000000cc100000| Untracked 
|1146|0x00000000cc200000, 0x00000000cc300000, 0x00000000cc300000|100%|HC|  |TAMS 0x00000000cc200000| PB 0x00000000cc200000| Untracked 
|1147|0x00000000cc300000, 0x00000000cc400000, 0x00000000cc400000|100%|HC|  |TAMS 0x00000000cc300000| PB 0x00000000cc300000| Untracked 
|1148|0x00000000cc400000, 0x00000000cc500000, 0x00000000cc500000|100%|HC|  |TAMS 0x00000000cc400000| PB 0x00000000cc400000| Untracked 
|1149|0x00000000cc500000, 0x00000000cc600000, 0x00000000cc600000|100%|HC|  |TAMS 0x00000000cc500000| PB 0x00000000cc500000| Untracked 
|1150|0x00000000cc600000, 0x00000000cc700000, 0x00000000cc700000|100%|HC|  |TAMS 0x00000000cc600000| PB 0x00000000cc600000| Untracked 
|1151|0x00000000cc700000, 0x00000000cc800000, 0x00000000cc800000|100%|HS|  |TAMS 0x00000000cc700000| PB 0x00000000cc700000| Untracked 
|1152|0x00000000cc800000, 0x00000000cc900000, 0x00000000cc900000|100%|HC|  |TAMS 0x00000000cc800000| PB 0x00000000cc800000| Untracked 
|1153|0x00000000cc900000, 0x00000000cca00000, 0x00000000cca00000|100%|HC|  |TAMS 0x00000000cc900000| PB 0x00000000cc900000| Untracked 
|1154|0x00000000cca00000, 0x00000000ccb00000, 0x00000000ccb00000|100%|HC|  |TAMS 0x00000000cca00000| PB 0x00000000cca00000| Untracked 
|1155|0x00000000ccb00000, 0x00000000ccc00000, 0x00000000ccc00000|100%|HC|  |TAMS 0x00000000ccb00000| PB 0x00000000ccb00000| Untracked 
|1156|0x00000000ccc00000, 0x00000000ccd00000, 0x00000000ccd00000|100%|HC|  |TAMS 0x00000000ccc00000| PB 0x00000000ccc00000| Untracked 
|1157|0x00000000ccd00000, 0x00000000cce00000, 0x00000000cce00000|100%|HC|  |TAMS 0x00000000ccd00000| PB 0x00000000ccd00000| Untracked 
|1158|0x00000000cce00000, 0x00000000ccf00000, 0x00000000ccf00000|100%|HC|  |TAMS 0x00000000cce00000| PB 0x00000000cce00000| Untracked 
|1159|0x00000000ccf00000, 0x00000000cd000000, 0x00000000cd000000|100%|HC|  |TAMS 0x00000000ccf00000| PB 0x00000000ccf00000| Untracked 
|1160|0x00000000cd000000, 0x00000000cd100000, 0x00000000cd100000|100%|HC|  |TAMS 0x00000000cd000000| PB 0x00000000cd000000| Untracked 
|1161|0x00000000cd100000, 0x00000000cd200000, 0x00000000cd200000|100%|HC|  |TAMS 0x00000000cd100000| PB 0x00000000cd100000| Untracked 
|1162|0x00000000cd200000, 0x00000000cd300000, 0x00000000cd300000|100%|HC|  |TAMS 0x00000000cd200000| PB 0x00000000cd200000| Untracked 
|1163|0x00000000cd300000, 0x00000000cd400000, 0x00000000cd400000|100%|HC|  |TAMS 0x00000000cd300000| PB 0x00000000cd300000| Untracked 
|1164|0x00000000cd400000, 0x00000000cd500000, 0x00000000cd500000|100%|HS|  |TAMS 0x00000000cd400000| PB 0x00000000cd400000| Untracked 
|1165|0x00000000cd500000, 0x00000000cd600000, 0x00000000cd600000|100%|HC|  |TAMS 0x00000000cd500000| PB 0x00000000cd500000| Untracked 
|1166|0x00000000cd600000, 0x00000000cd700000, 0x00000000cd700000|100%|HC|  |TAMS 0x00000000cd600000| PB 0x00000000cd600000| Untracked 
|1167|0x00000000cd700000, 0x00000000cd800000, 0x00000000cd800000|100%|HC|  |TAMS 0x00000000cd700000| PB 0x00000000cd700000| Untracked 
|1168|0x00000000cd800000, 0x00000000cd900000, 0x00000000cd900000|100%|HC|  |TAMS 0x00000000cd800000| PB 0x00000000cd800000| Untracked 
|1169|0x00000000cd900000, 0x00000000cda00000, 0x00000000cda00000|100%|HC|  |TAMS 0x00000000cd900000| PB 0x00000000cd900000| Untracked 
|1170|0x00000000cda00000, 0x00000000cdb00000, 0x00000000cdb00000|100%|HC|  |TAMS 0x00000000cda00000| PB 0x00000000cda00000| Untracked 
|1171|0x00000000cdb00000, 0x00000000cdc00000, 0x00000000cdc00000|100%|HC|  |TAMS 0x00000000cdb00000| PB 0x00000000cdb00000| Untracked 
|1172|0x00000000cdc00000, 0x00000000cdd00000, 0x00000000cdd00000|100%|HC|  |TAMS 0x00000000cdc00000| PB 0x00000000cdc00000| Untracked 
|1173|0x00000000cdd00000, 0x00000000cde00000, 0x00000000cde00000|100%|HC|  |TAMS 0x00000000cdd00000| PB 0x00000000cdd00000| Untracked 
|1174|0x00000000cde00000, 0x00000000cdf00000, 0x00000000cdf00000|100%|HC|  |TAMS 0x00000000cde00000| PB 0x00000000cde00000| Untracked 
|1175|0x00000000cdf00000, 0x00000000ce000000, 0x00000000ce000000|100%|HC|  |TAMS 0x00000000cdf00000| PB 0x00000000cdf00000| Untracked 
|1176|0x00000000ce000000, 0x00000000ce100000, 0x00000000ce100000|100%|HC|  |TAMS 0x00000000ce000000| PB 0x00000000ce000000| Untracked 
|1177|0x00000000ce100000, 0x00000000ce200000, 0x00000000ce200000|100%|HS|  |TAMS 0x00000000ce100000| PB 0x00000000ce100000| Untracked 
|1178|0x00000000ce200000, 0x00000000ce300000, 0x00000000ce300000|100%|HC|  |TAMS 0x00000000ce200000| PB 0x00000000ce200000| Untracked 
|1179|0x00000000ce300000, 0x00000000ce400000, 0x00000000ce400000|100%|HC|  |TAMS 0x00000000ce300000| PB 0x00000000ce300000| Untracked 
|1180|0x00000000ce400000, 0x00000000ce500000, 0x00000000ce500000|100%|HC|  |TAMS 0x00000000ce400000| PB 0x00000000ce400000| Untracked 
|1181|0x00000000ce500000, 0x00000000ce600000, 0x00000000ce600000|100%|HC|  |TAMS 0x00000000ce500000| PB 0x00000000ce500000| Untracked 
|1182|0x00000000ce600000, 0x00000000ce700000, 0x00000000ce700000|100%|HC|  |TAMS 0x00000000ce600000| PB 0x00000000ce600000| Untracked 
|1183|0x00000000ce700000, 0x00000000ce800000, 0x00000000ce800000|100%|HC|  |TAMS 0x00000000ce700000| PB 0x00000000ce700000| Untracked 
|1184|0x00000000ce800000, 0x00000000ce900000, 0x00000000ce900000|100%|HC|  |TAMS 0x00000000ce800000| PB 0x00000000ce800000| Untracked 
|1185|0x00000000ce900000, 0x00000000cea00000, 0x00000000cea00000|100%|HC|  |TAMS 0x00000000ce900000| PB 0x00000000ce900000| Untracked 
|1186|0x00000000cea00000, 0x00000000ceb00000, 0x00000000ceb00000|100%|HC|  |TAMS 0x00000000cea00000| PB 0x00000000cea00000| Untracked 
|1187|0x00000000ceb00000, 0x00000000cec00000, 0x00000000cec00000|100%|HC|  |TAMS 0x00000000ceb00000| PB 0x00000000ceb00000| Untracked 
|1188|0x00000000cec00000, 0x00000000ced00000, 0x00000000ced00000|100%|HC|  |TAMS 0x00000000cec00000| PB 0x00000000cec00000| Untracked 
|1189|0x00000000ced00000, 0x00000000cee00000, 0x00000000cee00000|100%|HC|  |TAMS 0x00000000ced00000| PB 0x00000000ced00000| Untracked 
|1190|0x00000000cee00000, 0x00000000cef00000, 0x00000000cef00000|100%|HS|  |TAMS 0x00000000cee00000| PB 0x00000000cee00000| Untracked 
|1191|0x00000000cef00000, 0x00000000cf000000, 0x00000000cf000000|100%|HC|  |TAMS 0x00000000cef00000| PB 0x00000000cef00000| Untracked 
|1192|0x00000000cf000000, 0x00000000cf100000, 0x00000000cf100000|100%|HC|  |TAMS 0x00000000cf000000| PB 0x00000000cf000000| Untracked 
|1193|0x00000000cf100000, 0x00000000cf200000, 0x00000000cf200000|100%|HC|  |TAMS 0x00000000cf100000| PB 0x00000000cf100000| Untracked 
|1194|0x00000000cf200000, 0x00000000cf300000, 0x00000000cf300000|100%|HC|  |TAMS 0x00000000cf200000| PB 0x00000000cf200000| Untracked 
|1195|0x00000000cf300000, 0x00000000cf400000, 0x00000000cf400000|100%|HC|  |TAMS 0x00000000cf300000| PB 0x00000000cf300000| Untracked 
|1196|0x00000000cf400000, 0x00000000cf500000, 0x00000000cf500000|100%|HC|  |TAMS 0x00000000cf400000| PB 0x00000000cf400000| Untracked 
|1197|0x00000000cf500000, 0x00000000cf600000, 0x00000000cf600000|100%|HC|  |TAMS 0x00000000cf500000| PB 0x00000000cf500000| Untracked 
|1198|0x00000000cf600000, 0x00000000cf700000, 0x00000000cf700000|100%|HC|  |TAMS 0x00000000cf600000| PB 0x00000000cf600000| Untracked 
|1199|0x00000000cf700000, 0x00000000cf800000, 0x00000000cf800000|100%|HC|  |TAMS 0x00000000cf700000| PB 0x00000000cf700000| Untracked 
|1200|0x00000000cf800000, 0x00000000cf900000, 0x00000000cf900000|100%|HC|  |TAMS 0x00000000cf800000| PB 0x00000000cf800000| Untracked 
|1201|0x00000000cf900000, 0x00000000cfa00000, 0x00000000cfa00000|100%|HC|  |TAMS 0x00000000cf900000| PB 0x00000000cf900000| Untracked 
|1202|0x00000000cfa00000, 0x00000000cfb00000, 0x00000000cfb00000|100%|HC|  |TAMS 0x00000000cfa00000| PB 0x00000000cfa00000| Untracked 
|1203|0x00000000cfb00000, 0x00000000cfc00000, 0x00000000cfc00000|100%|HS|  |TAMS 0x00000000cfb00000| PB 0x00000000cfb00000| Untracked 
|1204|0x00000000cfc00000, 0x00000000cfd00000, 0x00000000cfd00000|100%|HC|  |TAMS 0x00000000cfc00000| PB 0x00000000cfc00000| Untracked 
|1205|0x00000000cfd00000, 0x00000000cfe00000, 0x00000000cfe00000|100%|HC|  |TAMS 0x00000000cfd00000| PB 0x00000000cfd00000| Untracked 
|1206|0x00000000cfe00000, 0x00000000cff00000, 0x00000000cff00000|100%|HC|  |TAMS 0x00000000cfe00000| PB 0x00000000cfe00000| Untracked 
|1207|0x00000000cff00000, 0x00000000d0000000, 0x00000000d0000000|100%|HC|  |TAMS 0x00000000cff00000| PB 0x00000000cff00000| Untracked 
|1208|0x00000000d0000000, 0x00000000d0100000, 0x00000000d0100000|100%|HC|  |TAMS 0x00000000d0000000| PB 0x00000000d0000000| Untracked 
|1209|0x00000000d0100000, 0x00000000d0200000, 0x00000000d0200000|100%|HC|  |TAMS 0x00000000d0100000| PB 0x00000000d0100000| Untracked 
|1210|0x00000000d0200000, 0x00000000d0300000, 0x00000000d0300000|100%|HC|  |TAMS 0x00000000d0200000| PB 0x00000000d0200000| Untracked 
|1211|0x00000000d0300000, 0x00000000d0400000, 0x00000000d0400000|100%|HC|  |TAMS 0x00000000d0300000| PB 0x00000000d0300000| Untracked 
|1212|0x00000000d0400000, 0x00000000d0500000, 0x00000000d0500000|100%|HC|  |TAMS 0x00000000d0400000| PB 0x00000000d0400000| Untracked 
|1213|0x00000000d0500000, 0x00000000d0600000, 0x00000000d0600000|100%|HC|  |TAMS 0x00000000d0500000| PB 0x00000000d0500000| Untracked 
|1214|0x00000000d0600000, 0x00000000d0700000, 0x00000000d0700000|100%|HC|  |TAMS 0x00000000d0600000| PB 0x00000000d0600000| Untracked 
|1215|0x00000000d0700000, 0x00000000d0800000, 0x00000000d0800000|100%|HC|  |TAMS 0x00000000d0700000| PB 0x00000000d0700000| Untracked 
|1216|0x00000000d0800000, 0x00000000d0900000, 0x00000000d0900000|100%|HS|  |TAMS 0x00000000d0800000| PB 0x00000000d0800000| Untracked 
|1217|0x00000000d0900000, 0x00000000d0a00000, 0x00000000d0a00000|100%|HC|  |TAMS 0x00000000d0900000| PB 0x00000000d0900000| Untracked 
|1218|0x00000000d0a00000, 0x00000000d0b00000, 0x00000000d0b00000|100%|HC|  |TAMS 0x00000000d0a00000| PB 0x00000000d0a00000| Untracked 
|1219|0x00000000d0b00000, 0x00000000d0c00000, 0x00000000d0c00000|100%|HC|  |TAMS 0x00000000d0b00000| PB 0x00000000d0b00000| Untracked 
|1220|0x00000000d0c00000, 0x00000000d0d00000, 0x00000000d0d00000|100%|HC|  |TAMS 0x00000000d0c00000| PB 0x00000000d0c00000| Untracked 
|1221|0x00000000d0d00000, 0x00000000d0e00000, 0x00000000d0e00000|100%|HC|  |TAMS 0x00000000d0d00000| PB 0x00000000d0d00000| Untracked 
|1222|0x00000000d0e00000, 0x00000000d0f00000, 0x00000000d0f00000|100%|HC|  |TAMS 0x00000000d0e00000| PB 0x00000000d0e00000| Untracked 
|1223|0x00000000d0f00000, 0x00000000d1000000, 0x00000000d1000000|100%|HC|  |TAMS 0x00000000d0f00000| PB 0x00000000d0f00000| Untracked 
|1224|0x00000000d1000000, 0x00000000d1100000, 0x00000000d1100000|100%|HC|  |TAMS 0x00000000d1000000| PB 0x00000000d1000000| Untracked 
|1225|0x00000000d1100000, 0x00000000d1200000, 0x00000000d1200000|100%|HC|  |TAMS 0x00000000d1100000| PB 0x00000000d1100000| Untracked 
|1226|0x00000000d1200000, 0x00000000d1300000, 0x00000000d1300000|100%|HC|  |TAMS 0x00000000d1200000| PB 0x00000000d1200000| Untracked 
|1227|0x00000000d1300000, 0x00000000d1400000, 0x00000000d1400000|100%|HC|  |TAMS 0x00000000d1300000| PB 0x00000000d1300000| Untracked 
|1228|0x00000000d1400000, 0x00000000d1500000, 0x00000000d1500000|100%|HC|  |TAMS 0x00000000d1400000| PB 0x00000000d1400000| Untracked 
|1229|0x00000000d1500000, 0x00000000d1600000, 0x00000000d1600000|100%|HS|  |TAMS 0x00000000d1500000| PB 0x00000000d1500000| Untracked 
|1230|0x00000000d1600000, 0x00000000d1700000, 0x00000000d1700000|100%|HC|  |TAMS 0x00000000d1600000| PB 0x00000000d1600000| Untracked 
|1231|0x00000000d1700000, 0x00000000d1800000, 0x00000000d1800000|100%|HC|  |TAMS 0x00000000d1700000| PB 0x00000000d1700000| Untracked 
|1232|0x00000000d1800000, 0x00000000d1900000, 0x00000000d1900000|100%|HC|  |TAMS 0x00000000d1800000| PB 0x00000000d1800000| Untracked 
|1233|0x00000000d1900000, 0x00000000d1a00000, 0x00000000d1a00000|100%|HC|  |TAMS 0x00000000d1900000| PB 0x00000000d1900000| Untracked 
|1234|0x00000000d1a00000, 0x00000000d1b00000, 0x00000000d1b00000|100%|HC|  |TAMS 0x00000000d1a00000| PB 0x00000000d1a00000| Untracked 
|1235|0x00000000d1b00000, 0x00000000d1c00000, 0x00000000d1c00000|100%|HC|  |TAMS 0x00000000d1b00000| PB 0x00000000d1b00000| Untracked 
|1236|0x00000000d1c00000, 0x00000000d1d00000, 0x00000000d1d00000|100%|HC|  |TAMS 0x00000000d1c00000| PB 0x00000000d1c00000| Untracked 
|1237|0x00000000d1d00000, 0x00000000d1e00000, 0x00000000d1e00000|100%|HC|  |TAMS 0x00000000d1d00000| PB 0x00000000d1d00000| Untracked 
|1238|0x00000000d1e00000, 0x00000000d1f00000, 0x00000000d1f00000|100%|HC|  |TAMS 0x00000000d1e00000| PB 0x00000000d1e00000| Untracked 
|1239|0x00000000d1f00000, 0x00000000d2000000, 0x00000000d2000000|100%|HC|  |TAMS 0x00000000d1f00000| PB 0x00000000d1f00000| Untracked 
|1240|0x00000000d2000000, 0x00000000d2100000, 0x00000000d2100000|100%|HC|  |TAMS 0x00000000d2000000| PB 0x00000000d2000000| Untracked 
|1241|0x00000000d2100000, 0x00000000d2200000, 0x00000000d2200000|100%|HC|  |TAMS 0x00000000d2100000| PB 0x00000000d2100000| Untracked 
|1242|0x00000000d2200000, 0x00000000d2300000, 0x00000000d2300000|100%|HS|  |TAMS 0x00000000d2200000| PB 0x00000000d2200000| Untracked 
|1243|0x00000000d2300000, 0x00000000d2400000, 0x00000000d2400000|100%|HC|  |TAMS 0x00000000d2300000| PB 0x00000000d2300000| Untracked 
|1244|0x00000000d2400000, 0x00000000d2500000, 0x00000000d2500000|100%|HC|  |TAMS 0x00000000d2400000| PB 0x00000000d2400000| Untracked 
|1245|0x00000000d2500000, 0x00000000d2600000, 0x00000000d2600000|100%|HC|  |TAMS 0x00000000d2500000| PB 0x00000000d2500000| Untracked 
|1246|0x00000000d2600000, 0x00000000d2700000, 0x00000000d2700000|100%|HC|  |TAMS 0x00000000d2600000| PB 0x00000000d2600000| Untracked 
|1247|0x00000000d2700000, 0x00000000d2800000, 0x00000000d2800000|100%|HC|  |TAMS 0x00000000d2700000| PB 0x00000000d2700000| Untracked 
|1248|0x00000000d2800000, 0x00000000d2900000, 0x00000000d2900000|100%|HC|  |TAMS 0x00000000d2800000| PB 0x00000000d2800000| Untracked 
|1249|0x00000000d2900000, 0x00000000d2a00000, 0x00000000d2a00000|100%|HC|  |TAMS 0x00000000d2900000| PB 0x00000000d2900000| Untracked 
|1250|0x00000000d2a00000, 0x00000000d2b00000, 0x00000000d2b00000|100%|HC|  |TAMS 0x00000000d2a00000| PB 0x00000000d2a00000| Untracked 
|1251|0x00000000d2b00000, 0x00000000d2c00000, 0x00000000d2c00000|100%|HC|  |TAMS 0x00000000d2b00000| PB 0x00000000d2b00000| Untracked 
|1252|0x00000000d2c00000, 0x00000000d2d00000, 0x00000000d2d00000|100%|HC|  |TAMS 0x00000000d2c00000| PB 0x00000000d2c00000| Untracked 
|1253|0x00000000d2d00000, 0x00000000d2e00000, 0x00000000d2e00000|100%|HC|  |TAMS 0x00000000d2d00000| PB 0x00000000d2d00000| Untracked 
|1254|0x00000000d2e00000, 0x00000000d2f00000, 0x00000000d2f00000|100%|HC|  |TAMS 0x00000000d2e00000| PB 0x00000000d2e00000| Untracked 
|1255|0x00000000d2f00000, 0x00000000d3000000, 0x00000000d3000000|100%|HS|  |TAMS 0x00000000d2f00000| PB 0x00000000d2f00000| Untracked 
|1256|0x00000000d3000000, 0x00000000d3100000, 0x00000000d3100000|100%|HC|  |TAMS 0x00000000d3000000| PB 0x00000000d3000000| Untracked 
|1257|0x00000000d3100000, 0x00000000d3200000, 0x00000000d3200000|100%|HC|  |TAMS 0x00000000d3100000| PB 0x00000000d3100000| Untracked 
|1258|0x00000000d3200000, 0x00000000d3300000, 0x00000000d3300000|100%|HC|  |TAMS 0x00000000d3200000| PB 0x00000000d3200000| Untracked 
|1259|0x00000000d3300000, 0x00000000d3400000, 0x00000000d3400000|100%|HC|  |TAMS 0x00000000d3300000| PB 0x00000000d3300000| Untracked 
|1260|0x00000000d3400000, 0x00000000d3500000, 0x00000000d3500000|100%|HC|  |TAMS 0x00000000d3400000| PB 0x00000000d3400000| Untracked 
|1261|0x00000000d3500000, 0x00000000d3600000, 0x00000000d3600000|100%|HC|  |TAMS 0x00000000d3500000| PB 0x00000000d3500000| Untracked 
|1262|0x00000000d3600000, 0x00000000d3700000, 0x00000000d3700000|100%|HC|  |TAMS 0x00000000d3600000| PB 0x00000000d3600000| Untracked 
|1263|0x00000000d3700000, 0x00000000d3800000, 0x00000000d3800000|100%|HC|  |TAMS 0x00000000d3700000| PB 0x00000000d3700000| Untracked 
|1264|0x00000000d3800000, 0x00000000d3900000, 0x00000000d3900000|100%|HC|  |TAMS 0x00000000d3800000| PB 0x00000000d3800000| Untracked 
|1265|0x00000000d3900000, 0x00000000d3a00000, 0x00000000d3a00000|100%|HC|  |TAMS 0x00000000d3900000| PB 0x00000000d3900000| Untracked 
|1266|0x00000000d3a00000, 0x00000000d3b00000, 0x00000000d3b00000|100%|HC|  |TAMS 0x00000000d3a00000| PB 0x00000000d3a00000| Untracked 
|1267|0x00000000d3b00000, 0x00000000d3c00000, 0x00000000d3c00000|100%|HC|  |TAMS 0x00000000d3b00000| PB 0x00000000d3b00000| Untracked 
|1268|0x00000000d3c00000, 0x00000000d3d00000, 0x00000000d3d00000|100%|HS|  |TAMS 0x00000000d3c00000| PB 0x00000000d3c00000| Untracked 
|1269|0x00000000d3d00000, 0x00000000d3e00000, 0x00000000d3e00000|100%|HC|  |TAMS 0x00000000d3d00000| PB 0x00000000d3d00000| Untracked 
|1270|0x00000000d3e00000, 0x00000000d3f00000, 0x00000000d3f00000|100%|HC|  |TAMS 0x00000000d3e00000| PB 0x00000000d3e00000| Untracked 
|1271|0x00000000d3f00000, 0x00000000d4000000, 0x00000000d4000000|100%|HC|  |TAMS 0x00000000d3f00000| PB 0x00000000d3f00000| Untracked 
|1272|0x00000000d4000000, 0x00000000d4100000, 0x00000000d4100000|100%|HC|  |TAMS 0x00000000d4000000| PB 0x00000000d4000000| Untracked 
|1273|0x00000000d4100000, 0x00000000d4200000, 0x00000000d4200000|100%|HC|  |TAMS 0x00000000d4100000| PB 0x00000000d4100000| Untracked 
|1274|0x00000000d4200000, 0x00000000d4300000, 0x00000000d4300000|100%|HC|  |TAMS 0x00000000d4200000| PB 0x00000000d4200000| Untracked 
|1275|0x00000000d4300000, 0x00000000d4400000, 0x00000000d4400000|100%|HC|  |TAMS 0x00000000d4300000| PB 0x00000000d4300000| Untracked 
|1276|0x00000000d4400000, 0x00000000d4500000, 0x00000000d4500000|100%|HC|  |TAMS 0x00000000d4400000| PB 0x00000000d4400000| Untracked 
|1277|0x00000000d4500000, 0x00000000d4600000, 0x00000000d4600000|100%|HC|  |TAMS 0x00000000d4500000| PB 0x00000000d4500000| Untracked 
|1278|0x00000000d4600000, 0x00000000d4700000, 0x00000000d4700000|100%|HC|  |TAMS 0x00000000d4600000| PB 0x00000000d4600000| Untracked 
|1279|0x00000000d4700000, 0x00000000d4800000, 0x00000000d4800000|100%|HC|  |TAMS 0x00000000d4700000| PB 0x00000000d4700000| Untracked 
|1280|0x00000000d4800000, 0x00000000d4900000, 0x00000000d4900000|100%|HC|  |TAMS 0x00000000d4800000| PB 0x00000000d4800000| Untracked 
|1281|0x00000000d4900000, 0x00000000d4a00000, 0x00000000d4a00000|100%|HS|  |TAMS 0x00000000d4900000| PB 0x00000000d4900000| Untracked 
|1282|0x00000000d4a00000, 0x00000000d4b00000, 0x00000000d4b00000|100%|HC|  |TAMS 0x00000000d4a00000| PB 0x00000000d4a00000| Untracked 
|1283|0x00000000d4b00000, 0x00000000d4c00000, 0x00000000d4c00000|100%|HC|  |TAMS 0x00000000d4b00000| PB 0x00000000d4b00000| Untracked 
|1284|0x00000000d4c00000, 0x00000000d4d00000, 0x00000000d4d00000|100%|HC|  |TAMS 0x00000000d4c00000| PB 0x00000000d4c00000| Untracked 
|1285|0x00000000d4d00000, 0x00000000d4e00000, 0x00000000d4e00000|100%|HC|  |TAMS 0x00000000d4d00000| PB 0x00000000d4d00000| Untracked 
|1286|0x00000000d4e00000, 0x00000000d4f00000, 0x00000000d4f00000|100%|HC|  |TAMS 0x00000000d4e00000| PB 0x00000000d4e00000| Untracked 
|1287|0x00000000d4f00000, 0x00000000d5000000, 0x00000000d5000000|100%|HC|  |TAMS 0x00000000d4f00000| PB 0x00000000d4f00000| Untracked 
|1288|0x00000000d5000000, 0x00000000d5100000, 0x00000000d5100000|100%|HC|  |TAMS 0x00000000d5000000| PB 0x00000000d5000000| Untracked 
|1289|0x00000000d5100000, 0x00000000d5200000, 0x00000000d5200000|100%|HC|  |TAMS 0x00000000d5100000| PB 0x00000000d5100000| Untracked 
|1290|0x00000000d5200000, 0x00000000d5300000, 0x00000000d5300000|100%|HC|  |TAMS 0x00000000d5200000| PB 0x00000000d5200000| Untracked 
|1291|0x00000000d5300000, 0x00000000d5400000, 0x00000000d5400000|100%|HC|  |TAMS 0x00000000d5300000| PB 0x00000000d5300000| Untracked 
|1292|0x00000000d5400000, 0x00000000d5500000, 0x00000000d5500000|100%|HC|  |TAMS 0x00000000d5400000| PB 0x00000000d5400000| Untracked 
|1293|0x00000000d5500000, 0x00000000d5600000, 0x00000000d5600000|100%|HC|  |TAMS 0x00000000d5500000| PB 0x00000000d5500000| Untracked 
|1294|0x00000000d5600000, 0x00000000d5700000, 0x00000000d5700000|100%|HS|  |TAMS 0x00000000d5600000| PB 0x00000000d5600000| Untracked 
|1295|0x00000000d5700000, 0x00000000d5800000, 0x00000000d5800000|100%|HC|  |TAMS 0x00000000d5700000| PB 0x00000000d5700000| Untracked 
|1296|0x00000000d5800000, 0x00000000d5900000, 0x00000000d5900000|100%|HC|  |TAMS 0x00000000d5800000| PB 0x00000000d5800000| Untracked 
|1297|0x00000000d5900000, 0x00000000d5a00000, 0x00000000d5a00000|100%|HC|  |TAMS 0x00000000d5900000| PB 0x00000000d5900000| Untracked 
|1298|0x00000000d5a00000, 0x00000000d5b00000, 0x00000000d5b00000|100%|HC|  |TAMS 0x00000000d5a00000| PB 0x00000000d5a00000| Untracked 
|1299|0x00000000d5b00000, 0x00000000d5c00000, 0x00000000d5c00000|100%|HC|  |TAMS 0x00000000d5b00000| PB 0x00000000d5b00000| Untracked 
|1300|0x00000000d5c00000, 0x00000000d5d00000, 0x00000000d5d00000|100%|HC|  |TAMS 0x00000000d5c00000| PB 0x00000000d5c00000| Untracked 
|1301|0x00000000d5d00000, 0x00000000d5e00000, 0x00000000d5e00000|100%|HC|  |TAMS 0x00000000d5d00000| PB 0x00000000d5d00000| Untracked 
|1302|0x00000000d5e00000, 0x00000000d5f00000, 0x00000000d5f00000|100%|HC|  |TAMS 0x00000000d5e00000| PB 0x00000000d5e00000| Untracked 
|1303|0x00000000d5f00000, 0x00000000d6000000, 0x00000000d6000000|100%|HC|  |TAMS 0x00000000d5f00000| PB 0x00000000d5f00000| Untracked 
|1304|0x00000000d6000000, 0x00000000d6100000, 0x00000000d6100000|100%|HC|  |TAMS 0x00000000d6000000| PB 0x00000000d6000000| Untracked 
|1305|0x00000000d6100000, 0x00000000d6200000, 0x00000000d6200000|100%|HC|  |TAMS 0x00000000d6100000| PB 0x00000000d6100000| Untracked 
|1306|0x00000000d6200000, 0x00000000d6300000, 0x00000000d6300000|100%|HC|  |TAMS 0x00000000d6200000| PB 0x00000000d6200000| Untracked 
|1307|0x00000000d6300000, 0x00000000d6400000, 0x00000000d6400000|100%|HS|  |TAMS 0x00000000d6300000| PB 0x00000000d6300000| Untracked 
|1308|0x00000000d6400000, 0x00000000d6500000, 0x00000000d6500000|100%|HC|  |TAMS 0x00000000d6400000| PB 0x00000000d6400000| Untracked 
|1309|0x00000000d6500000, 0x00000000d6600000, 0x00000000d6600000|100%|HC|  |TAMS 0x00000000d6500000| PB 0x00000000d6500000| Untracked 
|1310|0x00000000d6600000, 0x00000000d6700000, 0x00000000d6700000|100%|HC|  |TAMS 0x00000000d6600000| PB 0x00000000d6600000| Untracked 
|1311|0x00000000d6700000, 0x00000000d6800000, 0x00000000d6800000|100%|HC|  |TAMS 0x00000000d6700000| PB 0x00000000d6700000| Untracked 
|1312|0x00000000d6800000, 0x00000000d6900000, 0x00000000d6900000|100%|HC|  |TAMS 0x00000000d6800000| PB 0x00000000d6800000| Untracked 
|1313|0x00000000d6900000, 0x00000000d6a00000, 0x00000000d6a00000|100%|HC|  |TAMS 0x00000000d6900000| PB 0x00000000d6900000| Untracked 
|1314|0x00000000d6a00000, 0x00000000d6b00000, 0x00000000d6b00000|100%|HC|  |TAMS 0x00000000d6a00000| PB 0x00000000d6a00000| Untracked 
|1315|0x00000000d6b00000, 0x00000000d6c00000, 0x00000000d6c00000|100%|HC|  |TAMS 0x00000000d6b00000| PB 0x00000000d6b00000| Untracked 
|1316|0x00000000d6c00000, 0x00000000d6d00000, 0x00000000d6d00000|100%|HC|  |TAMS 0x00000000d6c00000| PB 0x00000000d6c00000| Untracked 
|1317|0x00000000d6d00000, 0x00000000d6e00000, 0x00000000d6e00000|100%|HC|  |TAMS 0x00000000d6d00000| PB 0x00000000d6d00000| Untracked 
|1318|0x00000000d6e00000, 0x00000000d6f00000, 0x00000000d6f00000|100%|HC|  |TAMS 0x00000000d6e00000| PB 0x00000000d6e00000| Untracked 
|1319|0x00000000d6f00000, 0x00000000d7000000, 0x00000000d7000000|100%|HC|  |TAMS 0x00000000d6f00000| PB 0x00000000d6f00000| Untracked 
|1320|0x00000000d7000000, 0x00000000d7100000, 0x00000000d7100000|100%|HS|  |TAMS 0x00000000d7000000| PB 0x00000000d7000000| Untracked 
|1321|0x00000000d7100000, 0x00000000d7200000, 0x00000000d7200000|100%|HC|  |TAMS 0x00000000d7100000| PB 0x00000000d7100000| Untracked 
|1322|0x00000000d7200000, 0x00000000d7300000, 0x00000000d7300000|100%|HC|  |TAMS 0x00000000d7200000| PB 0x00000000d7200000| Untracked 
|1323|0x00000000d7300000, 0x00000000d7400000, 0x00000000d7400000|100%|HC|  |TAMS 0x00000000d7300000| PB 0x00000000d7300000| Untracked 
|1324|0x00000000d7400000, 0x00000000d7500000, 0x00000000d7500000|100%|HC|  |TAMS 0x00000000d7400000| PB 0x00000000d7400000| Untracked 
|1325|0x00000000d7500000, 0x00000000d7600000, 0x00000000d7600000|100%|HC|  |TAMS 0x00000000d7500000| PB 0x00000000d7500000| Untracked 
|1326|0x00000000d7600000, 0x00000000d7700000, 0x00000000d7700000|100%|HC|  |TAMS 0x00000000d7600000| PB 0x00000000d7600000| Untracked 
|1327|0x00000000d7700000, 0x00000000d7800000, 0x00000000d7800000|100%|HC|  |TAMS 0x00000000d7700000| PB 0x00000000d7700000| Untracked 
|1328|0x00000000d7800000, 0x00000000d7900000, 0x00000000d7900000|100%|HC|  |TAMS 0x00000000d7800000| PB 0x00000000d7800000| Untracked 
|1329|0x00000000d7900000, 0x00000000d7a00000, 0x00000000d7a00000|100%|HC|  |TAMS 0x00000000d7900000| PB 0x00000000d7900000| Untracked 
|1330|0x00000000d7a00000, 0x00000000d7b00000, 0x00000000d7b00000|100%|HC|  |TAMS 0x00000000d7a00000| PB 0x00000000d7a00000| Untracked 
|1331|0x00000000d7b00000, 0x00000000d7c00000, 0x00000000d7c00000|100%|HC|  |TAMS 0x00000000d7b00000| PB 0x00000000d7b00000| Untracked 
|1332|0x00000000d7c00000, 0x00000000d7d00000, 0x00000000d7d00000|100%|HC|  |TAMS 0x00000000d7c00000| PB 0x00000000d7c00000| Untracked 
|1333|0x00000000d7d00000, 0x00000000d7e00000, 0x00000000d7e00000|100%|HS|  |TAMS 0x00000000d7d00000| PB 0x00000000d7d00000| Untracked 
|1334|0x00000000d7e00000, 0x00000000d7f00000, 0x00000000d7f00000|100%|HC|  |TAMS 0x00000000d7e00000| PB 0x00000000d7e00000| Untracked 
|1335|0x00000000d7f00000, 0x00000000d8000000, 0x00000000d8000000|100%|HC|  |TAMS 0x00000000d7f00000| PB 0x00000000d7f00000| Untracked 
|1336|0x00000000d8000000, 0x00000000d8100000, 0x00000000d8100000|100%|HC|  |TAMS 0x00000000d8000000| PB 0x00000000d8000000| Untracked 
|1337|0x00000000d8100000, 0x00000000d8200000, 0x00000000d8200000|100%|HC|  |TAMS 0x00000000d8100000| PB 0x00000000d8100000| Untracked 
|1338|0x00000000d8200000, 0x00000000d8300000, 0x00000000d8300000|100%|HC|  |TAMS 0x00000000d8200000| PB 0x00000000d8200000| Untracked 
|1339|0x00000000d8300000, 0x00000000d8400000, 0x00000000d8400000|100%|HC|  |TAMS 0x00000000d8300000| PB 0x00000000d8300000| Untracked 
|1340|0x00000000d8400000, 0x00000000d8500000, 0x00000000d8500000|100%|HC|  |TAMS 0x00000000d8400000| PB 0x00000000d8400000| Untracked 
|1341|0x00000000d8500000, 0x00000000d8600000, 0x00000000d8600000|100%|HC|  |TAMS 0x00000000d8500000| PB 0x00000000d8500000| Untracked 
|1342|0x00000000d8600000, 0x00000000d8700000, 0x00000000d8700000|100%|HC|  |TAMS 0x00000000d8600000| PB 0x00000000d8600000| Untracked 
|1343|0x00000000d8700000, 0x00000000d8800000, 0x00000000d8800000|100%|HC|  |TAMS 0x00000000d8700000| PB 0x00000000d8700000| Untracked 
|1344|0x00000000d8800000, 0x00000000d8900000, 0x00000000d8900000|100%|HC|  |TAMS 0x00000000d8800000| PB 0x00000000d8800000| Untracked 
|1345|0x00000000d8900000, 0x00000000d8a00000, 0x00000000d8a00000|100%|HC|  |TAMS 0x00000000d8900000| PB 0x00000000d8900000| Untracked 
|1346|0x00000000d8a00000, 0x00000000d8b00000, 0x00000000d8b00000|100%|HS|  |TAMS 0x00000000d8a00000| PB 0x00000000d8a00000| Untracked 
|1347|0x00000000d8b00000, 0x00000000d8c00000, 0x00000000d8c00000|100%|HC|  |TAMS 0x00000000d8b00000| PB 0x00000000d8b00000| Untracked 
|1348|0x00000000d8c00000, 0x00000000d8d00000, 0x00000000d8d00000|100%|HC|  |TAMS 0x00000000d8c00000| PB 0x00000000d8c00000| Untracked 
|1349|0x00000000d8d00000, 0x00000000d8e00000, 0x00000000d8e00000|100%|HC|  |TAMS 0x00000000d8d00000| PB 0x00000000d8d00000| Untracked 
|1350|0x00000000d8e00000, 0x00000000d8f00000, 0x00000000d8f00000|100%|HC|  |TAMS 0x00000000d8e00000| PB 0x00000000d8e00000| Untracked 
|1351|0x00000000d8f00000, 0x00000000d9000000, 0x00000000d9000000|100%|HC|  |TAMS 0x00000000d8f00000| PB 0x00000000d8f00000| Untracked 
|1352|0x00000000d9000000, 0x00000000d9100000, 0x00000000d9100000|100%|HC|  |TAMS 0x00000000d9000000| PB 0x00000000d9000000| Untracked 
|1353|0x00000000d9100000, 0x00000000d9200000, 0x00000000d9200000|100%|HC|  |TAMS 0x00000000d9100000| PB 0x00000000d9100000| Untracked 
|1354|0x00000000d9200000, 0x00000000d9300000, 0x00000000d9300000|100%|HC|  |TAMS 0x00000000d9200000| PB 0x00000000d9200000| Untracked 
|1355|0x00000000d9300000, 0x00000000d9400000, 0x00000000d9400000|100%|HC|  |TAMS 0x00000000d9300000| PB 0x00000000d9300000| Untracked 
|1356|0x00000000d9400000, 0x00000000d9500000, 0x00000000d9500000|100%|HC|  |TAMS 0x00000000d9400000| PB 0x00000000d9400000| Untracked 
|1357|0x00000000d9500000, 0x00000000d9600000, 0x00000000d9600000|100%|HC|  |TAMS 0x00000000d9500000| PB 0x00000000d9500000| Untracked 
|1358|0x00000000d9600000, 0x00000000d9700000, 0x00000000d9700000|100%|HC|  |TAMS 0x00000000d9600000| PB 0x00000000d9600000| Untracked 
|1359|0x00000000d9700000, 0x00000000d9800000, 0x00000000d9800000|100%|HS|  |TAMS 0x00000000d9700000| PB 0x00000000d9700000| Untracked 
|1360|0x00000000d9800000, 0x00000000d9900000, 0x00000000d9900000|100%|HC|  |TAMS 0x00000000d9800000| PB 0x00000000d9800000| Untracked 
|1361|0x00000000d9900000, 0x00000000d9a00000, 0x00000000d9a00000|100%|HC|  |TAMS 0x00000000d9900000| PB 0x00000000d9900000| Untracked 
|1362|0x00000000d9a00000, 0x00000000d9b00000, 0x00000000d9b00000|100%|HC|  |TAMS 0x00000000d9a00000| PB 0x00000000d9a00000| Untracked 
|1363|0x00000000d9b00000, 0x00000000d9c00000, 0x00000000d9c00000|100%|HC|  |TAMS 0x00000000d9b00000| PB 0x00000000d9b00000| Untracked 
|1364|0x00000000d9c00000, 0x00000000d9d00000, 0x00000000d9d00000|100%|HC|  |TAMS 0x00000000d9c00000| PB 0x00000000d9c00000| Untracked 
|1365|0x00000000d9d00000, 0x00000000d9e00000, 0x00000000d9e00000|100%|HC|  |TAMS 0x00000000d9d00000| PB 0x00000000d9d00000| Untracked 
|1366|0x00000000d9e00000, 0x00000000d9f00000, 0x00000000d9f00000|100%|HC|  |TAMS 0x00000000d9e00000| PB 0x00000000d9e00000| Untracked 
|1367|0x00000000d9f00000, 0x00000000da000000, 0x00000000da000000|100%|HC|  |TAMS 0x00000000d9f00000| PB 0x00000000d9f00000| Untracked 
|1368|0x00000000da000000, 0x00000000da100000, 0x00000000da100000|100%|HC|  |TAMS 0x00000000da000000| PB 0x00000000da000000| Untracked 
|1369|0x00000000da100000, 0x00000000da200000, 0x00000000da200000|100%|HC|  |TAMS 0x00000000da100000| PB 0x00000000da100000| Untracked 
|1370|0x00000000da200000, 0x00000000da300000, 0x00000000da300000|100%|HC|  |TAMS 0x00000000da200000| PB 0x00000000da200000| Untracked 
|1371|0x00000000da300000, 0x00000000da400000, 0x00000000da400000|100%|HC|  |TAMS 0x00000000da300000| PB 0x00000000da300000| Untracked 
|1372|0x00000000da400000, 0x00000000da500000, 0x00000000da500000|100%|HS|  |TAMS 0x00000000da400000| PB 0x00000000da400000| Untracked 
|1373|0x00000000da500000, 0x00000000da600000, 0x00000000da600000|100%|HC|  |TAMS 0x00000000da500000| PB 0x00000000da500000| Untracked 
|1374|0x00000000da600000, 0x00000000da700000, 0x00000000da700000|100%|HC|  |TAMS 0x00000000da600000| PB 0x00000000da600000| Untracked 
|1375|0x00000000da700000, 0x00000000da800000, 0x00000000da800000|100%|HC|  |TAMS 0x00000000da700000| PB 0x00000000da700000| Untracked 
|1376|0x00000000da800000, 0x00000000da900000, 0x00000000da900000|100%|HC|  |TAMS 0x00000000da800000| PB 0x00000000da800000| Untracked 
|1377|0x00000000da900000, 0x00000000daa00000, 0x00000000daa00000|100%|HC|  |TAMS 0x00000000da900000| PB 0x00000000da900000| Untracked 
|1378|0x00000000daa00000, 0x00000000dab00000, 0x00000000dab00000|100%|HC|  |TAMS 0x00000000daa00000| PB 0x00000000daa00000| Untracked 
|1379|0x00000000dab00000, 0x00000000dac00000, 0x00000000dac00000|100%|HC|  |TAMS 0x00000000dab00000| PB 0x00000000dab00000| Untracked 
|1380|0x00000000dac00000, 0x00000000dad00000, 0x00000000dad00000|100%|HC|  |TAMS 0x00000000dac00000| PB 0x00000000dac00000| Untracked 
|1381|0x00000000dad00000, 0x00000000dae00000, 0x00000000dae00000|100%|HC|  |TAMS 0x00000000dad00000| PB 0x00000000dad00000| Untracked 
|1382|0x00000000dae00000, 0x00000000daf00000, 0x00000000daf00000|100%|HC|  |TAMS 0x00000000dae00000| PB 0x00000000dae00000| Untracked 
|1383|0x00000000daf00000, 0x00000000db000000, 0x00000000db000000|100%|HC|  |TAMS 0x00000000daf00000| PB 0x00000000daf00000| Untracked 
|1384|0x00000000db000000, 0x00000000db100000, 0x00000000db100000|100%|HC|  |TAMS 0x00000000db000000| PB 0x00000000db000000| Untracked 
|1385|0x00000000db100000, 0x00000000db200000, 0x00000000db200000|100%|HS|  |TAMS 0x00000000db100000| PB 0x00000000db100000| Untracked 
|1386|0x00000000db200000, 0x00000000db300000, 0x00000000db300000|100%|HC|  |TAMS 0x00000000db200000| PB 0x00000000db200000| Untracked 
|1387|0x00000000db300000, 0x00000000db400000, 0x00000000db400000|100%|HC|  |TAMS 0x00000000db300000| PB 0x00000000db300000| Untracked 
|1388|0x00000000db400000, 0x00000000db500000, 0x00000000db500000|100%|HC|  |TAMS 0x00000000db400000| PB 0x00000000db400000| Untracked 
|1389|0x00000000db500000, 0x00000000db600000, 0x00000000db600000|100%|HC|  |TAMS 0x00000000db500000| PB 0x00000000db500000| Untracked 
|1390|0x00000000db600000, 0x00000000db700000, 0x00000000db700000|100%|HC|  |TAMS 0x00000000db600000| PB 0x00000000db600000| Untracked 
|1391|0x00000000db700000, 0x00000000db800000, 0x00000000db800000|100%|HC|  |TAMS 0x00000000db700000| PB 0x00000000db700000| Untracked 
|1392|0x00000000db800000, 0x00000000db900000, 0x00000000db900000|100%|HC|  |TAMS 0x00000000db800000| PB 0x00000000db800000| Untracked 
|1393|0x00000000db900000, 0x00000000dba00000, 0x00000000dba00000|100%|HC|  |TAMS 0x00000000db900000| PB 0x00000000db900000| Untracked 
|1394|0x00000000dba00000, 0x00000000dbb00000, 0x00000000dbb00000|100%|HC|  |TAMS 0x00000000dba00000| PB 0x00000000dba00000| Untracked 
|1395|0x00000000dbb00000, 0x00000000dbc00000, 0x00000000dbc00000|100%|HC|  |TAMS 0x00000000dbb00000| PB 0x00000000dbb00000| Untracked 
|1396|0x00000000dbc00000, 0x00000000dbd00000, 0x00000000dbd00000|100%|HC|  |TAMS 0x00000000dbc00000| PB 0x00000000dbc00000| Untracked 
|1397|0x00000000dbd00000, 0x00000000dbe00000, 0x00000000dbe00000|100%|HC|  |TAMS 0x00000000dbd00000| PB 0x00000000dbd00000| Untracked 
|1398|0x00000000dbe00000, 0x00000000dbf00000, 0x00000000dbf00000|100%|HS|  |TAMS 0x00000000dbe00000| PB 0x00000000dbe00000| Untracked 
|1399|0x00000000dbf00000, 0x00000000dc000000, 0x00000000dc000000|100%|HC|  |TAMS 0x00000000dbf00000| PB 0x00000000dbf00000| Untracked 
|1400|0x00000000dc000000, 0x00000000dc100000, 0x00000000dc100000|100%|HC|  |TAMS 0x00000000dc000000| PB 0x00000000dc000000| Untracked 
|1401|0x00000000dc100000, 0x00000000dc200000, 0x00000000dc200000|100%|HC|  |TAMS 0x00000000dc100000| PB 0x00000000dc100000| Untracked 
|1402|0x00000000dc200000, 0x00000000dc300000, 0x00000000dc300000|100%|HC|  |TAMS 0x00000000dc200000| PB 0x00000000dc200000| Untracked 
|1403|0x00000000dc300000, 0x00000000dc400000, 0x00000000dc400000|100%|HC|  |TAMS 0x00000000dc300000| PB 0x00000000dc300000| Untracked 
|1404|0x00000000dc400000, 0x00000000dc500000, 0x00000000dc500000|100%|HC|  |TAMS 0x00000000dc400000| PB 0x00000000dc400000| Untracked 
|1405|0x00000000dc500000, 0x00000000dc600000, 0x00000000dc600000|100%|HC|  |TAMS 0x00000000dc500000| PB 0x00000000dc500000| Untracked 
|1406|0x00000000dc600000, 0x00000000dc700000, 0x00000000dc700000|100%|HC|  |TAMS 0x00000000dc600000| PB 0x00000000dc600000| Untracked 
|1407|0x00000000dc700000, 0x00000000dc800000, 0x00000000dc800000|100%|HC|  |TAMS 0x00000000dc700000| PB 0x00000000dc700000| Untracked 
|1408|0x00000000dc800000, 0x00000000dc900000, 0x00000000dc900000|100%|HC|  |TAMS 0x00000000dc800000| PB 0x00000000dc800000| Untracked 
|1409|0x00000000dc900000, 0x00000000dca00000, 0x00000000dca00000|100%|HC|  |TAMS 0x00000000dc900000| PB 0x00000000dc900000| Untracked 
|1410|0x00000000dca00000, 0x00000000dcb00000, 0x00000000dcb00000|100%|HC|  |TAMS 0x00000000dca00000| PB 0x00000000dca00000| Untracked 
|1411|0x00000000dcb00000, 0x00000000dcc00000, 0x00000000dcc00000|100%|HS|  |TAMS 0x00000000dcb00000| PB 0x00000000dcb00000| Untracked 
|1412|0x00000000dcc00000, 0x00000000dcd00000, 0x00000000dcd00000|100%|HC|  |TAMS 0x00000000dcc00000| PB 0x00000000dcc00000| Untracked 
|1413|0x00000000dcd00000, 0x00000000dce00000, 0x00000000dce00000|100%|HC|  |TAMS 0x00000000dcd00000| PB 0x00000000dcd00000| Untracked 
|1414|0x00000000dce00000, 0x00000000dcf00000, 0x00000000dcf00000|100%|HC|  |TAMS 0x00000000dce00000| PB 0x00000000dce00000| Untracked 
|1415|0x00000000dcf00000, 0x00000000dd000000, 0x00000000dd000000|100%|HC|  |TAMS 0x00000000dcf00000| PB 0x00000000dcf00000| Untracked 
|1416|0x00000000dd000000, 0x00000000dd100000, 0x00000000dd100000|100%|HC|  |TAMS 0x00000000dd000000| PB 0x00000000dd000000| Untracked 
|1417|0x00000000dd100000, 0x00000000dd200000, 0x00000000dd200000|100%|HC|  |TAMS 0x00000000dd100000| PB 0x00000000dd100000| Untracked 
|1418|0x00000000dd200000, 0x00000000dd300000, 0x00000000dd300000|100%|HC|  |TAMS 0x00000000dd200000| PB 0x00000000dd200000| Untracked 
|1419|0x00000000dd300000, 0x00000000dd400000, 0x00000000dd400000|100%|HC|  |TAMS 0x00000000dd300000| PB 0x00000000dd300000| Untracked 
|1420|0x00000000dd400000, 0x00000000dd500000, 0x00000000dd500000|100%|HC|  |TAMS 0x00000000dd400000| PB 0x00000000dd400000| Untracked 
|1421|0x00000000dd500000, 0x00000000dd600000, 0x00000000dd600000|100%|HC|  |TAMS 0x00000000dd500000| PB 0x00000000dd500000| Untracked 
|1422|0x00000000dd600000, 0x00000000dd700000, 0x00000000dd700000|100%|HC|  |TAMS 0x00000000dd600000| PB 0x00000000dd600000| Untracked 
|1423|0x00000000dd700000, 0x00000000dd800000, 0x00000000dd800000|100%|HC|  |TAMS 0x00000000dd700000| PB 0x00000000dd700000| Untracked 
|1424|0x00000000dd800000, 0x00000000dd900000, 0x00000000dd900000|100%|HS|  |TAMS 0x00000000dd800000| PB 0x00000000dd800000| Untracked 
|1425|0x00000000dd900000, 0x00000000dda00000, 0x00000000dda00000|100%|HC|  |TAMS 0x00000000dd900000| PB 0x00000000dd900000| Untracked 
|1426|0x00000000dda00000, 0x00000000ddb00000, 0x00000000ddb00000|100%|HC|  |TAMS 0x00000000dda00000| PB 0x00000000dda00000| Untracked 
|1427|0x00000000ddb00000, 0x00000000ddc00000, 0x00000000ddc00000|100%|HC|  |TAMS 0x00000000ddb00000| PB 0x00000000ddb00000| Untracked 
|1428|0x00000000ddc00000, 0x00000000ddd00000, 0x00000000ddd00000|100%|HC|  |TAMS 0x00000000ddc00000| PB 0x00000000ddc00000| Untracked 
|1429|0x00000000ddd00000, 0x00000000dde00000, 0x00000000dde00000|100%|HC|  |TAMS 0x00000000ddd00000| PB 0x00000000ddd00000| Untracked 
|1430|0x00000000dde00000, 0x00000000ddf00000, 0x00000000ddf00000|100%|HC|  |TAMS 0x00000000dde00000| PB 0x00000000dde00000| Untracked 
|1431|0x00000000ddf00000, 0x00000000de000000, 0x00000000de000000|100%|HC|  |TAMS 0x00000000ddf00000| PB 0x00000000ddf00000| Untracked 
|1432|0x00000000de000000, 0x00000000de100000, 0x00000000de100000|100%|HC|  |TAMS 0x00000000de000000| PB 0x00000000de000000| Untracked 
|1433|0x00000000de100000, 0x00000000de200000, 0x00000000de200000|100%|HC|  |TAMS 0x00000000de100000| PB 0x00000000de100000| Untracked 
|1434|0x00000000de200000, 0x00000000de300000, 0x00000000de300000|100%|HC|  |TAMS 0x00000000de200000| PB 0x00000000de200000| Untracked 
|1435|0x00000000de300000, 0x00000000de400000, 0x00000000de400000|100%|HC|  |TAMS 0x00000000de300000| PB 0x00000000de300000| Untracked 
|1436|0x00000000de400000, 0x00000000de500000, 0x00000000de500000|100%|HC|  |TAMS 0x00000000de400000| PB 0x00000000de400000| Untracked 
|1437|0x00000000de500000, 0x00000000de600000, 0x00000000de600000|100%|HS|  |TAMS 0x00000000de500000| PB 0x00000000de500000| Untracked 
|1438|0x00000000de600000, 0x00000000de700000, 0x00000000de700000|100%|HC|  |TAMS 0x00000000de600000| PB 0x00000000de600000| Untracked 
|1439|0x00000000de700000, 0x00000000de800000, 0x00000000de800000|100%|HC|  |TAMS 0x00000000de700000| PB 0x00000000de700000| Untracked 
|1440|0x00000000de800000, 0x00000000de900000, 0x00000000de900000|100%|HC|  |TAMS 0x00000000de800000| PB 0x00000000de800000| Untracked 
|1441|0x00000000de900000, 0x00000000dea00000, 0x00000000dea00000|100%|HC|  |TAMS 0x00000000de900000| PB 0x00000000de900000| Untracked 
|1442|0x00000000dea00000, 0x00000000deb00000, 0x00000000deb00000|100%|HC|  |TAMS 0x00000000dea00000| PB 0x00000000dea00000| Untracked 
|1443|0x00000000deb00000, 0x00000000dec00000, 0x00000000dec00000|100%|HC|  |TAMS 0x00000000deb00000| PB 0x00000000deb00000| Untracked 
|1444|0x00000000dec00000, 0x00000000ded00000, 0x00000000ded00000|100%|HC|  |TAMS 0x00000000dec00000| PB 0x00000000dec00000| Untracked 
|1445|0x00000000ded00000, 0x00000000dee00000, 0x00000000dee00000|100%|HC|  |TAMS 0x00000000ded00000| PB 0x00000000ded00000| Untracked 
|1446|0x00000000dee00000, 0x00000000def00000, 0x00000000def00000|100%|HC|  |TAMS 0x00000000dee00000| PB 0x00000000dee00000| Untracked 
|1447|0x00000000def00000, 0x00000000df000000, 0x00000000df000000|100%|HC|  |TAMS 0x00000000def00000| PB 0x00000000def00000| Untracked 
|1448|0x00000000df000000, 0x00000000df100000, 0x00000000df100000|100%|HC|  |TAMS 0x00000000df000000| PB 0x00000000df000000| Untracked 
|1449|0x00000000df100000, 0x00000000df200000, 0x00000000df200000|100%|HC|  |TAMS 0x00000000df100000| PB 0x00000000df100000| Untracked 
|1450|0x00000000df200000, 0x00000000df300000, 0x00000000df300000|100%|HS|  |TAMS 0x00000000df200000| PB 0x00000000df200000| Untracked 
|1451|0x00000000df300000, 0x00000000df400000, 0x00000000df400000|100%|HC|  |TAMS 0x00000000df300000| PB 0x00000000df300000| Untracked 
|1452|0x00000000df400000, 0x00000000df500000, 0x00000000df500000|100%|HC|  |TAMS 0x00000000df400000| PB 0x00000000df400000| Untracked 
|1453|0x00000000df500000, 0x00000000df600000, 0x00000000df600000|100%|HC|  |TAMS 0x00000000df500000| PB 0x00000000df500000| Untracked 
|1454|0x00000000df600000, 0x00000000df700000, 0x00000000df700000|100%|HC|  |TAMS 0x00000000df600000| PB 0x00000000df600000| Untracked 
|1455|0x00000000df700000, 0x00000000df800000, 0x00000000df800000|100%|HC|  |TAMS 0x00000000df700000| PB 0x00000000df700000| Untracked 
|1456|0x00000000df800000, 0x00000000df900000, 0x00000000df900000|100%|HC|  |TAMS 0x00000000df800000| PB 0x00000000df800000| Untracked 
|1457|0x00000000df900000, 0x00000000dfa00000, 0x00000000dfa00000|100%|HC|  |TAMS 0x00000000df900000| PB 0x00000000df900000| Untracked 
|1458|0x00000000dfa00000, 0x00000000dfb00000, 0x00000000dfb00000|100%|HC|  |TAMS 0x00000000dfa00000| PB 0x00000000dfa00000| Untracked 
|1459|0x00000000dfb00000, 0x00000000dfc00000, 0x00000000dfc00000|100%|HC|  |TAMS 0x00000000dfb00000| PB 0x00000000dfb00000| Untracked 
|1460|0x00000000dfc00000, 0x00000000dfd00000, 0x00000000dfd00000|100%|HC|  |TAMS 0x00000000dfc00000| PB 0x00000000dfc00000| Untracked 
|1461|0x00000000dfd00000, 0x00000000dfe00000, 0x00000000dfe00000|100%|HC|  |TAMS 0x00000000dfd00000| PB 0x00000000dfd00000| Untracked 
|1462|0x00000000dfe00000, 0x00000000dff00000, 0x00000000dff00000|100%|HC|  |TAMS 0x00000000dfe00000| PB 0x00000000dfe00000| Untracked 
|1463|0x00000000dff00000, 0x00000000e0000000, 0x00000000e0000000|100%|HS|  |TAMS 0x00000000dff00000| PB 0x00000000dff00000| Untracked 
|1464|0x00000000e0000000, 0x00000000e0100000, 0x00000000e0100000|100%|HC|  |TAMS 0x00000000e0000000| PB 0x00000000e0000000| Untracked 
|1465|0x00000000e0100000, 0x00000000e0200000, 0x00000000e0200000|100%|HC|  |TAMS 0x00000000e0100000| PB 0x00000000e0100000| Untracked 
|1466|0x00000000e0200000, 0x00000000e0300000, 0x00000000e0300000|100%|HC|  |TAMS 0x00000000e0200000| PB 0x00000000e0200000| Untracked 
|1467|0x00000000e0300000, 0x00000000e0400000, 0x00000000e0400000|100%|HC|  |TAMS 0x00000000e0300000| PB 0x00000000e0300000| Untracked 
|1468|0x00000000e0400000, 0x00000000e0500000, 0x00000000e0500000|100%|HC|  |TAMS 0x00000000e0400000| PB 0x00000000e0400000| Untracked 
|1469|0x00000000e0500000, 0x00000000e0600000, 0x00000000e0600000|100%|HC|  |TAMS 0x00000000e0500000| PB 0x00000000e0500000| Untracked 
|1470|0x00000000e0600000, 0x00000000e0700000, 0x00000000e0700000|100%|HC|  |TAMS 0x00000000e0600000| PB 0x00000000e0600000| Untracked 
|1471|0x00000000e0700000, 0x00000000e0800000, 0x00000000e0800000|100%|HC|  |TAMS 0x00000000e0700000| PB 0x00000000e0700000| Untracked 
|1472|0x00000000e0800000, 0x00000000e0900000, 0x00000000e0900000|100%|HC|  |TAMS 0x00000000e0800000| PB 0x00000000e0800000| Untracked 
|1473|0x00000000e0900000, 0x00000000e0a00000, 0x00000000e0a00000|100%|HC|  |TAMS 0x00000000e0900000| PB 0x00000000e0900000| Untracked 
|1474|0x00000000e0a00000, 0x00000000e0b00000, 0x00000000e0b00000|100%|HC|  |TAMS 0x00000000e0a00000| PB 0x00000000e0a00000| Untracked 
|1475|0x00000000e0b00000, 0x00000000e0c00000, 0x00000000e0c00000|100%|HC|  |TAMS 0x00000000e0b00000| PB 0x00000000e0b00000| Untracked 
|1476|0x00000000e0c00000, 0x00000000e0d00000, 0x00000000e0d00000|100%|HS|  |TAMS 0x00000000e0c00000| PB 0x00000000e0c00000| Untracked 
|1477|0x00000000e0d00000, 0x00000000e0e00000, 0x00000000e0e00000|100%|HC|  |TAMS 0x00000000e0d00000| PB 0x00000000e0d00000| Untracked 
|1478|0x00000000e0e00000, 0x00000000e0f00000, 0x00000000e0f00000|100%|HC|  |TAMS 0x00000000e0e00000| PB 0x00000000e0e00000| Untracked 
|1479|0x00000000e0f00000, 0x00000000e1000000, 0x00000000e1000000|100%|HC|  |TAMS 0x00000000e0f00000| PB 0x00000000e0f00000| Untracked 
|1480|0x00000000e1000000, 0x00000000e1100000, 0x00000000e1100000|100%|HC|  |TAMS 0x00000000e1000000| PB 0x00000000e1000000| Untracked 
|1481|0x00000000e1100000, 0x00000000e1200000, 0x00000000e1200000|100%|HC|  |TAMS 0x00000000e1100000| PB 0x00000000e1100000| Untracked 
|1482|0x00000000e1200000, 0x00000000e1300000, 0x00000000e1300000|100%|HC|  |TAMS 0x00000000e1200000| PB 0x00000000e1200000| Untracked 
|1483|0x00000000e1300000, 0x00000000e1400000, 0x00000000e1400000|100%|HC|  |TAMS 0x00000000e1300000| PB 0x00000000e1300000| Untracked 
|1484|0x00000000e1400000, 0x00000000e1500000, 0x00000000e1500000|100%|HC|  |TAMS 0x00000000e1400000| PB 0x00000000e1400000| Untracked 
|1485|0x00000000e1500000, 0x00000000e1600000, 0x00000000e1600000|100%|HC|  |TAMS 0x00000000e1500000| PB 0x00000000e1500000| Untracked 
|1486|0x00000000e1600000, 0x00000000e1700000, 0x00000000e1700000|100%|HC|  |TAMS 0x00000000e1600000| PB 0x00000000e1600000| Untracked 
|1487|0x00000000e1700000, 0x00000000e1800000, 0x00000000e1800000|100%|HC|  |TAMS 0x00000000e1700000| PB 0x00000000e1700000| Untracked 
|1488|0x00000000e1800000, 0x00000000e1900000, 0x00000000e1900000|100%|HC|  |TAMS 0x00000000e1800000| PB 0x00000000e1800000| Untracked 
|1489|0x00000000e1900000, 0x00000000e1a00000, 0x00000000e1a00000|100%|HS|  |TAMS 0x00000000e1900000| PB 0x00000000e1900000| Untracked 
|1490|0x00000000e1a00000, 0x00000000e1b00000, 0x00000000e1b00000|100%|HC|  |TAMS 0x00000000e1a00000| PB 0x00000000e1a00000| Untracked 
|1491|0x00000000e1b00000, 0x00000000e1c00000, 0x00000000e1c00000|100%|HC|  |TAMS 0x00000000e1b00000| PB 0x00000000e1b00000| Untracked 
|1492|0x00000000e1c00000, 0x00000000e1d00000, 0x00000000e1d00000|100%|HC|  |TAMS 0x00000000e1c00000| PB 0x00000000e1c00000| Untracked 
|1493|0x00000000e1d00000, 0x00000000e1e00000, 0x00000000e1e00000|100%|HC|  |TAMS 0x00000000e1d00000| PB 0x00000000e1d00000| Untracked 
|1494|0x00000000e1e00000, 0x00000000e1f00000, 0x00000000e1f00000|100%|HC|  |TAMS 0x00000000e1e00000| PB 0x00000000e1e00000| Untracked 
|1495|0x00000000e1f00000, 0x00000000e2000000, 0x00000000e2000000|100%|HC|  |TAMS 0x00000000e1f00000| PB 0x00000000e1f00000| Untracked 
|1496|0x00000000e2000000, 0x00000000e2100000, 0x00000000e2100000|100%|HC|  |TAMS 0x00000000e2000000| PB 0x00000000e2000000| Untracked 
|1497|0x00000000e2100000, 0x00000000e2200000, 0x00000000e2200000|100%|HC|  |TAMS 0x00000000e2100000| PB 0x00000000e2100000| Untracked 
|1498|0x00000000e2200000, 0x00000000e2300000, 0x00000000e2300000|100%|HC|  |TAMS 0x00000000e2200000| PB 0x00000000e2200000| Untracked 
|1499|0x00000000e2300000, 0x00000000e2400000, 0x00000000e2400000|100%|HC|  |TAMS 0x00000000e2300000| PB 0x00000000e2300000| Untracked 
|1500|0x00000000e2400000, 0x00000000e2500000, 0x00000000e2500000|100%|HC|  |TAMS 0x00000000e2400000| PB 0x00000000e2400000| Untracked 
|1501|0x00000000e2500000, 0x00000000e2600000, 0x00000000e2600000|100%|HC|  |TAMS 0x00000000e2500000| PB 0x00000000e2500000| Untracked 
|1502|0x00000000e2600000, 0x00000000e2700000, 0x00000000e2700000|100%|HS|  |TAMS 0x00000000e2600000| PB 0x00000000e2600000| Untracked 
|1503|0x00000000e2700000, 0x00000000e2800000, 0x00000000e2800000|100%|HC|  |TAMS 0x00000000e2700000| PB 0x00000000e2700000| Untracked 
|1504|0x00000000e2800000, 0x00000000e2900000, 0x00000000e2900000|100%|HC|  |TAMS 0x00000000e2800000| PB 0x00000000e2800000| Untracked 
|1505|0x00000000e2900000, 0x00000000e2a00000, 0x00000000e2a00000|100%|HC|  |TAMS 0x00000000e2900000| PB 0x00000000e2900000| Untracked 
|1506|0x00000000e2a00000, 0x00000000e2b00000, 0x00000000e2b00000|100%|HC|  |TAMS 0x00000000e2a00000| PB 0x00000000e2a00000| Untracked 
|1507|0x00000000e2b00000, 0x00000000e2c00000, 0x00000000e2c00000|100%|HC|  |TAMS 0x00000000e2b00000| PB 0x00000000e2b00000| Untracked 
|1508|0x00000000e2c00000, 0x00000000e2d00000, 0x00000000e2d00000|100%|HC|  |TAMS 0x00000000e2c00000| PB 0x00000000e2c00000| Untracked 
|1509|0x00000000e2d00000, 0x00000000e2e00000, 0x00000000e2e00000|100%|HC|  |TAMS 0x00000000e2d00000| PB 0x00000000e2d00000| Untracked 
|1510|0x00000000e2e00000, 0x00000000e2f00000, 0x00000000e2f00000|100%|HC|  |TAMS 0x00000000e2e00000| PB 0x00000000e2e00000| Untracked 
|1511|0x00000000e2f00000, 0x00000000e3000000, 0x00000000e3000000|100%|HC|  |TAMS 0x00000000e2f00000| PB 0x00000000e2f00000| Untracked 
|1512|0x00000000e3000000, 0x00000000e3100000, 0x00000000e3100000|100%|HC|  |TAMS 0x00000000e3000000| PB 0x00000000e3000000| Untracked 
|1513|0x00000000e3100000, 0x00000000e3200000, 0x00000000e3200000|100%|HC|  |TAMS 0x00000000e3100000| PB 0x00000000e3100000| Untracked 
|1514|0x00000000e3200000, 0x00000000e3300000, 0x00000000e3300000|100%|HC|  |TAMS 0x00000000e3200000| PB 0x00000000e3200000| Untracked 
|1515|0x00000000e3300000, 0x00000000e3400000, 0x00000000e3400000|100%|HS|  |TAMS 0x00000000e3300000| PB 0x00000000e3300000| Untracked 
|1516|0x00000000e3400000, 0x00000000e3500000, 0x00000000e3500000|100%|HC|  |TAMS 0x00000000e3400000| PB 0x00000000e3400000| Untracked 
|1517|0x00000000e3500000, 0x00000000e3600000, 0x00000000e3600000|100%|HC|  |TAMS 0x00000000e3500000| PB 0x00000000e3500000| Untracked 
|1518|0x00000000e3600000, 0x00000000e3700000, 0x00000000e3700000|100%|HC|  |TAMS 0x00000000e3600000| PB 0x00000000e3600000| Untracked 
|1519|0x00000000e3700000, 0x00000000e3800000, 0x00000000e3800000|100%|HC|  |TAMS 0x00000000e3700000| PB 0x00000000e3700000| Untracked 
|1520|0x00000000e3800000, 0x00000000e3900000, 0x00000000e3900000|100%|HC|  |TAMS 0x00000000e3800000| PB 0x00000000e3800000| Untracked 
|1521|0x00000000e3900000, 0x00000000e3a00000, 0x00000000e3a00000|100%|HC|  |TAMS 0x00000000e3900000| PB 0x00000000e3900000| Untracked 
|1522|0x00000000e3a00000, 0x00000000e3b00000, 0x00000000e3b00000|100%|HC|  |TAMS 0x00000000e3a00000| PB 0x00000000e3a00000| Untracked 
|1523|0x00000000e3b00000, 0x00000000e3c00000, 0x00000000e3c00000|100%|HC|  |TAMS 0x00000000e3b00000| PB 0x00000000e3b00000| Untracked 
|1524|0x00000000e3c00000, 0x00000000e3d00000, 0x00000000e3d00000|100%|HC|  |TAMS 0x00000000e3c00000| PB 0x00000000e3c00000| Untracked 
|1525|0x00000000e3d00000, 0x00000000e3e00000, 0x00000000e3e00000|100%|HC|  |TAMS 0x00000000e3d00000| PB 0x00000000e3d00000| Untracked 
|1526|0x00000000e3e00000, 0x00000000e3f00000, 0x00000000e3f00000|100%|HC|  |TAMS 0x00000000e3e00000| PB 0x00000000e3e00000| Untracked 
|1527|0x00000000e3f00000, 0x00000000e4000000, 0x00000000e4000000|100%|HC|  |TAMS 0x00000000e3f00000| PB 0x00000000e3f00000| Untracked 
|1528|0x00000000e4000000, 0x00000000e4100000, 0x00000000e4100000|100%|HS|  |TAMS 0x00000000e4000000| PB 0x00000000e4000000| Untracked 
|1529|0x00000000e4100000, 0x00000000e4200000, 0x00000000e4200000|100%|HC|  |TAMS 0x00000000e4100000| PB 0x00000000e4100000| Untracked 
|1530|0x00000000e4200000, 0x00000000e4300000, 0x00000000e4300000|100%|HC|  |TAMS 0x00000000e4200000| PB 0x00000000e4200000| Untracked 
|1531|0x00000000e4300000, 0x00000000e4400000, 0x00000000e4400000|100%|HC|  |TAMS 0x00000000e4300000| PB 0x00000000e4300000| Untracked 
|1532|0x00000000e4400000, 0x00000000e4500000, 0x00000000e4500000|100%|HC|  |TAMS 0x00000000e4400000| PB 0x00000000e4400000| Untracked 
|1533|0x00000000e4500000, 0x00000000e4600000, 0x00000000e4600000|100%|HC|  |TAMS 0x00000000e4500000| PB 0x00000000e4500000| Untracked 
|1534|0x00000000e4600000, 0x00000000e4700000, 0x00000000e4700000|100%|HC|  |TAMS 0x00000000e4600000| PB 0x00000000e4600000| Untracked 
|1535|0x00000000e4700000, 0x00000000e4800000, 0x00000000e4800000|100%|HC|  |TAMS 0x00000000e4700000| PB 0x00000000e4700000| Untracked 
|1536|0x00000000e4800000, 0x00000000e4900000, 0x00000000e4900000|100%|HC|  |TAMS 0x00000000e4800000| PB 0x00000000e4800000| Untracked 
|1537|0x00000000e4900000, 0x00000000e4a00000, 0x00000000e4a00000|100%|HC|  |TAMS 0x00000000e4900000| PB 0x00000000e4900000| Untracked 
|1538|0x00000000e4a00000, 0x00000000e4b00000, 0x00000000e4b00000|100%|HC|  |TAMS 0x00000000e4a00000| PB 0x00000000e4a00000| Untracked 
|1539|0x00000000e4b00000, 0x00000000e4c00000, 0x00000000e4c00000|100%|HC|  |TAMS 0x00000000e4b00000| PB 0x00000000e4b00000| Untracked 
|1540|0x00000000e4c00000, 0x00000000e4d00000, 0x00000000e4d00000|100%|HC|  |TAMS 0x00000000e4c00000| PB 0x00000000e4c00000| Untracked 
|1541|0x00000000e4d00000, 0x00000000e4e00000, 0x00000000e4e00000|100%|HS|  |TAMS 0x00000000e4d00000| PB 0x00000000e4d00000| Untracked 
|1542|0x00000000e4e00000, 0x00000000e4f00000, 0x00000000e4f00000|100%|HC|  |TAMS 0x00000000e4e00000| PB 0x00000000e4e00000| Untracked 
|1543|0x00000000e4f00000, 0x00000000e5000000, 0x00000000e5000000|100%|HC|  |TAMS 0x00000000e4f00000| PB 0x00000000e4f00000| Untracked 
|1544|0x00000000e5000000, 0x00000000e5100000, 0x00000000e5100000|100%|HC|  |TAMS 0x00000000e5000000| PB 0x00000000e5000000| Untracked 
|1545|0x00000000e5100000, 0x00000000e5200000, 0x00000000e5200000|100%|HC|  |TAMS 0x00000000e5100000| PB 0x00000000e5100000| Untracked 
|1546|0x00000000e5200000, 0x00000000e5300000, 0x00000000e5300000|100%|HC|  |TAMS 0x00000000e5200000| PB 0x00000000e5200000| Untracked 
|1547|0x00000000e5300000, 0x00000000e5400000, 0x00000000e5400000|100%|HC|  |TAMS 0x00000000e5300000| PB 0x00000000e5300000| Untracked 
|1548|0x00000000e5400000, 0x00000000e5500000, 0x00000000e5500000|100%|HC|  |TAMS 0x00000000e5400000| PB 0x00000000e5400000| Untracked 
|1549|0x00000000e5500000, 0x00000000e5600000, 0x00000000e5600000|100%|HC|  |TAMS 0x00000000e5500000| PB 0x00000000e5500000| Untracked 
|1550|0x00000000e5600000, 0x00000000e5700000, 0x00000000e5700000|100%|HC|  |TAMS 0x00000000e5600000| PB 0x00000000e5600000| Untracked 
|1551|0x00000000e5700000, 0x00000000e5800000, 0x00000000e5800000|100%|HC|  |TAMS 0x00000000e5700000| PB 0x00000000e5700000| Untracked 
|1552|0x00000000e5800000, 0x00000000e5900000, 0x00000000e5900000|100%|HC|  |TAMS 0x00000000e5800000| PB 0x00000000e5800000| Untracked 
|1553|0x00000000e5900000, 0x00000000e5a00000, 0x00000000e5a00000|100%|HC|  |TAMS 0x00000000e5900000| PB 0x00000000e5900000| Untracked 
|1554|0x00000000e5a00000, 0x00000000e5b00000, 0x00000000e5b00000|100%|HS|  |TAMS 0x00000000e5a00000| PB 0x00000000e5a00000| Untracked 
|1555|0x00000000e5b00000, 0x00000000e5c00000, 0x00000000e5c00000|100%|HC|  |TAMS 0x00000000e5b00000| PB 0x00000000e5b00000| Untracked 
|1556|0x00000000e5c00000, 0x00000000e5d00000, 0x00000000e5d00000|100%|HC|  |TAMS 0x00000000e5c00000| PB 0x00000000e5c00000| Untracked 
|1557|0x00000000e5d00000, 0x00000000e5e00000, 0x00000000e5e00000|100%|HC|  |TAMS 0x00000000e5d00000| PB 0x00000000e5d00000| Untracked 
|1558|0x00000000e5e00000, 0x00000000e5f00000, 0x00000000e5f00000|100%|HC|  |TAMS 0x00000000e5e00000| PB 0x00000000e5e00000| Untracked 
|1559|0x00000000e5f00000, 0x00000000e6000000, 0x00000000e6000000|100%|HC|  |TAMS 0x00000000e5f00000| PB 0x00000000e5f00000| Untracked 
|1560|0x00000000e6000000, 0x00000000e6100000, 0x00000000e6100000|100%|HC|  |TAMS 0x00000000e6000000| PB 0x00000000e6000000| Untracked 
|1561|0x00000000e6100000, 0x00000000e6200000, 0x00000000e6200000|100%|HC|  |TAMS 0x00000000e6100000| PB 0x00000000e6100000| Untracked 
|1562|0x00000000e6200000, 0x00000000e6300000, 0x00000000e6300000|100%|HC|  |TAMS 0x00000000e6200000| PB 0x00000000e6200000| Untracked 
|1563|0x00000000e6300000, 0x00000000e6400000, 0x00000000e6400000|100%|HC|  |TAMS 0x00000000e6300000| PB 0x00000000e6300000| Untracked 
|1564|0x00000000e6400000, 0x00000000e6500000, 0x00000000e6500000|100%|HC|  |TAMS 0x00000000e6400000| PB 0x00000000e6400000| Untracked 
|1565|0x00000000e6500000, 0x00000000e6600000, 0x00000000e6600000|100%|HC|  |TAMS 0x00000000e6500000| PB 0x00000000e6500000| Untracked 
|1566|0x00000000e6600000, 0x00000000e6700000, 0x00000000e6700000|100%|HC|  |TAMS 0x00000000e6600000| PB 0x00000000e6600000| Untracked 
|1567|0x00000000e6700000, 0x00000000e6800000, 0x00000000e6800000|100%|HS|  |TAMS 0x00000000e6700000| PB 0x00000000e6700000| Untracked 
|1568|0x00000000e6800000, 0x00000000e6900000, 0x00000000e6900000|100%|HC|  |TAMS 0x00000000e6800000| PB 0x00000000e6800000| Untracked 
|1569|0x00000000e6900000, 0x00000000e6a00000, 0x00000000e6a00000|100%|HC|  |TAMS 0x00000000e6900000| PB 0x00000000e6900000| Untracked 
|1570|0x00000000e6a00000, 0x00000000e6b00000, 0x00000000e6b00000|100%|HC|  |TAMS 0x00000000e6a00000| PB 0x00000000e6a00000| Untracked 
|1571|0x00000000e6b00000, 0x00000000e6c00000, 0x00000000e6c00000|100%|HC|  |TAMS 0x00000000e6b00000| PB 0x00000000e6b00000| Untracked 
|1572|0x00000000e6c00000, 0x00000000e6d00000, 0x00000000e6d00000|100%|HC|  |TAMS 0x00000000e6c00000| PB 0x00000000e6c00000| Untracked 
|1573|0x00000000e6d00000, 0x00000000e6e00000, 0x00000000e6e00000|100%|HC|  |TAMS 0x00000000e6d00000| PB 0x00000000e6d00000| Untracked 
|1574|0x00000000e6e00000, 0x00000000e6f00000, 0x00000000e6f00000|100%|HC|  |TAMS 0x00000000e6e00000| PB 0x00000000e6e00000| Untracked 
|1575|0x00000000e6f00000, 0x00000000e7000000, 0x00000000e7000000|100%|HC|  |TAMS 0x00000000e6f00000| PB 0x00000000e6f00000| Untracked 
|1576|0x00000000e7000000, 0x00000000e7100000, 0x00000000e7100000|100%|HC|  |TAMS 0x00000000e7000000| PB 0x00000000e7000000| Untracked 
|1577|0x00000000e7100000, 0x00000000e7200000, 0x00000000e7200000|100%|HC|  |TAMS 0x00000000e7100000| PB 0x00000000e7100000| Untracked 
|1578|0x00000000e7200000, 0x00000000e7300000, 0x00000000e7300000|100%|HC|  |TAMS 0x00000000e7200000| PB 0x00000000e7200000| Untracked 
|1579|0x00000000e7300000, 0x00000000e7400000, 0x00000000e7400000|100%|HC|  |TAMS 0x00000000e7300000| PB 0x00000000e7300000| Untracked 
|1580|0x00000000e7400000, 0x00000000e7500000, 0x00000000e7500000|100%|HS|  |TAMS 0x00000000e7400000| PB 0x00000000e7400000| Untracked 
|1581|0x00000000e7500000, 0x00000000e7600000, 0x00000000e7600000|100%|HC|  |TAMS 0x00000000e7500000| PB 0x00000000e7500000| Untracked 
|1582|0x00000000e7600000, 0x00000000e7700000, 0x00000000e7700000|100%|HC|  |TAMS 0x00000000e7600000| PB 0x00000000e7600000| Untracked 
|1583|0x00000000e7700000, 0x00000000e7800000, 0x00000000e7800000|100%|HC|  |TAMS 0x00000000e7700000| PB 0x00000000e7700000| Untracked 
|1584|0x00000000e7800000, 0x00000000e7900000, 0x00000000e7900000|100%|HC|  |TAMS 0x00000000e7800000| PB 0x00000000e7800000| Untracked 
|1585|0x00000000e7900000, 0x00000000e7a00000, 0x00000000e7a00000|100%|HC|  |TAMS 0x00000000e7900000| PB 0x00000000e7900000| Untracked 
|1586|0x00000000e7a00000, 0x00000000e7b00000, 0x00000000e7b00000|100%|HC|  |TAMS 0x00000000e7a00000| PB 0x00000000e7a00000| Untracked 
|1587|0x00000000e7b00000, 0x00000000e7c00000, 0x00000000e7c00000|100%|HC|  |TAMS 0x00000000e7b00000| PB 0x00000000e7b00000| Untracked 
|1588|0x00000000e7c00000, 0x00000000e7d00000, 0x00000000e7d00000|100%|HC|  |TAMS 0x00000000e7c00000| PB 0x00000000e7c00000| Untracked 
|1589|0x00000000e7d00000, 0x00000000e7e00000, 0x00000000e7e00000|100%|HC|  |TAMS 0x00000000e7d00000| PB 0x00000000e7d00000| Untracked 
|1590|0x00000000e7e00000, 0x00000000e7f00000, 0x00000000e7f00000|100%|HC|  |TAMS 0x00000000e7e00000| PB 0x00000000e7e00000| Untracked 
|1591|0x00000000e7f00000, 0x00000000e8000000, 0x00000000e8000000|100%|HC|  |TAMS 0x00000000e7f00000| PB 0x00000000e7f00000| Untracked 
|1592|0x00000000e8000000, 0x00000000e8100000, 0x00000000e8100000|100%|HC|  |TAMS 0x00000000e8000000| PB 0x00000000e8000000| Untracked 
|1593|0x00000000e8100000, 0x00000000e8200000, 0x00000000e8200000|100%|HS|  |TAMS 0x00000000e8100000| PB 0x00000000e8100000| Untracked 
|1594|0x00000000e8200000, 0x00000000e8300000, 0x00000000e8300000|100%|HC|  |TAMS 0x00000000e8200000| PB 0x00000000e8200000| Untracked 
|1595|0x00000000e8300000, 0x00000000e8400000, 0x00000000e8400000|100%|HC|  |TAMS 0x00000000e8300000| PB 0x00000000e8300000| Untracked 
|1596|0x00000000e8400000, 0x00000000e8500000, 0x00000000e8500000|100%|HC|  |TAMS 0x00000000e8400000| PB 0x00000000e8400000| Untracked 
|1597|0x00000000e8500000, 0x00000000e8600000, 0x00000000e8600000|100%|HC|  |TAMS 0x00000000e8500000| PB 0x00000000e8500000| Untracked 
|1598|0x00000000e8600000, 0x00000000e8700000, 0x00000000e8700000|100%|HC|  |TAMS 0x00000000e8600000| PB 0x00000000e8600000| Untracked 
|1599|0x00000000e8700000, 0x00000000e8800000, 0x00000000e8800000|100%|HC|  |TAMS 0x00000000e8700000| PB 0x00000000e8700000| Untracked 
|1600|0x00000000e8800000, 0x00000000e8900000, 0x00000000e8900000|100%|HC|  |TAMS 0x00000000e8800000| PB 0x00000000e8800000| Untracked 
|1601|0x00000000e8900000, 0x00000000e8a00000, 0x00000000e8a00000|100%|HC|  |TAMS 0x00000000e8900000| PB 0x00000000e8900000| Untracked 
|1602|0x00000000e8a00000, 0x00000000e8b00000, 0x00000000e8b00000|100%|HC|  |TAMS 0x00000000e8a00000| PB 0x00000000e8a00000| Untracked 
|1603|0x00000000e8b00000, 0x00000000e8c00000, 0x00000000e8c00000|100%|HC|  |TAMS 0x00000000e8b00000| PB 0x00000000e8b00000| Untracked 
|1604|0x00000000e8c00000, 0x00000000e8d00000, 0x00000000e8d00000|100%|HC|  |TAMS 0x00000000e8c00000| PB 0x00000000e8c00000| Untracked 
|1605|0x00000000e8d00000, 0x00000000e8e00000, 0x00000000e8e00000|100%|HC|  |TAMS 0x00000000e8d00000| PB 0x00000000e8d00000| Untracked 
|1606|0x00000000e8e00000, 0x00000000e8f00000, 0x00000000e8f00000|100%|HS|  |TAMS 0x00000000e8e00000| PB 0x00000000e8e00000| Untracked 
|1607|0x00000000e8f00000, 0x00000000e9000000, 0x00000000e9000000|100%|HC|  |TAMS 0x00000000e8f00000| PB 0x00000000e8f00000| Untracked 
|1608|0x00000000e9000000, 0x00000000e9100000, 0x00000000e9100000|100%|HC|  |TAMS 0x00000000e9000000| PB 0x00000000e9000000| Untracked 
|1609|0x00000000e9100000, 0x00000000e9200000, 0x00000000e9200000|100%|HC|  |TAMS 0x00000000e9100000| PB 0x00000000e9100000| Untracked 
|1610|0x00000000e9200000, 0x00000000e9300000, 0x00000000e9300000|100%|HC|  |TAMS 0x00000000e9200000| PB 0x00000000e9200000| Untracked 
|1611|0x00000000e9300000, 0x00000000e9400000, 0x00000000e9400000|100%|HC|  |TAMS 0x00000000e9300000| PB 0x00000000e9300000| Untracked 
|1612|0x00000000e9400000, 0x00000000e9500000, 0x00000000e9500000|100%|HC|  |TAMS 0x00000000e9400000| PB 0x00000000e9400000| Untracked 
|1613|0x00000000e9500000, 0x00000000e9600000, 0x00000000e9600000|100%|HC|  |TAMS 0x00000000e9500000| PB 0x00000000e9500000| Untracked 
|1614|0x00000000e9600000, 0x00000000e9700000, 0x00000000e9700000|100%|HC|  |TAMS 0x00000000e9600000| PB 0x00000000e9600000| Untracked 
|1615|0x00000000e9700000, 0x00000000e9800000, 0x00000000e9800000|100%|HC|  |TAMS 0x00000000e9700000| PB 0x00000000e9700000| Untracked 
|1616|0x00000000e9800000, 0x00000000e9900000, 0x00000000e9900000|100%|HC|  |TAMS 0x00000000e9800000| PB 0x00000000e9800000| Untracked 
|1617|0x00000000e9900000, 0x00000000e9a00000, 0x00000000e9a00000|100%|HC|  |TAMS 0x00000000e9900000| PB 0x00000000e9900000| Untracked 
|1618|0x00000000e9a00000, 0x00000000e9b00000, 0x00000000e9b00000|100%|HC|  |TAMS 0x00000000e9a00000| PB 0x00000000e9a00000| Untracked 
|1619|0x00000000e9b00000, 0x00000000e9c00000, 0x00000000e9c00000|100%|HS|  |TAMS 0x00000000e9b00000| PB 0x00000000e9b00000| Untracked 
|1620|0x00000000e9c00000, 0x00000000e9d00000, 0x00000000e9d00000|100%|HC|  |TAMS 0x00000000e9c00000| PB 0x00000000e9c00000| Untracked 
|1621|0x00000000e9d00000, 0x00000000e9e00000, 0x00000000e9e00000|100%|HC|  |TAMS 0x00000000e9d00000| PB 0x00000000e9d00000| Untracked 
|1622|0x00000000e9e00000, 0x00000000e9f00000, 0x00000000e9f00000|100%|HC|  |TAMS 0x00000000e9e00000| PB 0x00000000e9e00000| Untracked 
|1623|0x00000000e9f00000, 0x00000000ea000000, 0x00000000ea000000|100%|HC|  |TAMS 0x00000000e9f00000| PB 0x00000000e9f00000| Untracked 
|1624|0x00000000ea000000, 0x00000000ea100000, 0x00000000ea100000|100%|HC|  |TAMS 0x00000000ea000000| PB 0x00000000ea000000| Untracked 
|1625|0x00000000ea100000, 0x00000000ea200000, 0x00000000ea200000|100%|HC|  |TAMS 0x00000000ea100000| PB 0x00000000ea100000| Untracked 
|1626|0x00000000ea200000, 0x00000000ea300000, 0x00000000ea300000|100%|HC|  |TAMS 0x00000000ea200000| PB 0x00000000ea200000| Untracked 
|1627|0x00000000ea300000, 0x00000000ea400000, 0x00000000ea400000|100%|HC|  |TAMS 0x00000000ea300000| PB 0x00000000ea300000| Untracked 
|1628|0x00000000ea400000, 0x00000000ea500000, 0x00000000ea500000|100%|HC|  |TAMS 0x00000000ea400000| PB 0x00000000ea400000| Untracked 
|1629|0x00000000ea500000, 0x00000000ea600000, 0x00000000ea600000|100%|HC|  |TAMS 0x00000000ea500000| PB 0x00000000ea500000| Untracked 
|1630|0x00000000ea600000, 0x00000000ea700000, 0x00000000ea700000|100%|HC|  |TAMS 0x00000000ea600000| PB 0x00000000ea600000| Untracked 
|1631|0x00000000ea700000, 0x00000000ea800000, 0x00000000ea800000|100%|HC|  |TAMS 0x00000000ea700000| PB 0x00000000ea700000| Untracked 
|1632|0x00000000ea800000, 0x00000000ea900000, 0x00000000ea900000|100%|HS|  |TAMS 0x00000000ea800000| PB 0x00000000ea800000| Untracked 
|1633|0x00000000ea900000, 0x00000000eaa00000, 0x00000000eaa00000|100%|HC|  |TAMS 0x00000000ea900000| PB 0x00000000ea900000| Untracked 
|1634|0x00000000eaa00000, 0x00000000eab00000, 0x00000000eab00000|100%|HC|  |TAMS 0x00000000eaa00000| PB 0x00000000eaa00000| Untracked 
|1635|0x00000000eab00000, 0x00000000eac00000, 0x00000000eac00000|100%|HC|  |TAMS 0x00000000eab00000| PB 0x00000000eab00000| Untracked 
|1636|0x00000000eac00000, 0x00000000ead00000, 0x00000000ead00000|100%|HC|  |TAMS 0x00000000eac00000| PB 0x00000000eac00000| Untracked 
|1637|0x00000000ead00000, 0x00000000eae00000, 0x00000000eae00000|100%|HC|  |TAMS 0x00000000ead00000| PB 0x00000000ead00000| Untracked 
|1638|0x00000000eae00000, 0x00000000eaf00000, 0x00000000eaf00000|100%|HC|  |TAMS 0x00000000eae00000| PB 0x00000000eae00000| Untracked 
|1639|0x00000000eaf00000, 0x00000000eb000000, 0x00000000eb000000|100%|HC|  |TAMS 0x00000000eaf00000| PB 0x00000000eaf00000| Untracked 
|1640|0x00000000eb000000, 0x00000000eb100000, 0x00000000eb100000|100%|HC|  |TAMS 0x00000000eb000000| PB 0x00000000eb000000| Untracked 
|1641|0x00000000eb100000, 0x00000000eb200000, 0x00000000eb200000|100%|HC|  |TAMS 0x00000000eb100000| PB 0x00000000eb100000| Untracked 
|1642|0x00000000eb200000, 0x00000000eb300000, 0x00000000eb300000|100%|HC|  |TAMS 0x00000000eb200000| PB 0x00000000eb200000| Untracked 
|1643|0x00000000eb300000, 0x00000000eb400000, 0x00000000eb400000|100%|HC|  |TAMS 0x00000000eb300000| PB 0x00000000eb300000| Untracked 
|1644|0x00000000eb400000, 0x00000000eb500000, 0x00000000eb500000|100%|HC|  |TAMS 0x00000000eb400000| PB 0x00000000eb400000| Untracked 
|1645|0x00000000eb500000, 0x00000000eb600000, 0x00000000eb600000|100%|HS|  |TAMS 0x00000000eb500000| PB 0x00000000eb500000| Untracked 
|1646|0x00000000eb600000, 0x00000000eb700000, 0x00000000eb700000|100%|HC|  |TAMS 0x00000000eb600000| PB 0x00000000eb600000| Untracked 
|1647|0x00000000eb700000, 0x00000000eb800000, 0x00000000eb800000|100%|HC|  |TAMS 0x00000000eb700000| PB 0x00000000eb700000| Untracked 
|1648|0x00000000eb800000, 0x00000000eb900000, 0x00000000eb900000|100%|HC|  |TAMS 0x00000000eb800000| PB 0x00000000eb800000| Untracked 
|1649|0x00000000eb900000, 0x00000000eba00000, 0x00000000eba00000|100%|HC|  |TAMS 0x00000000eb900000| PB 0x00000000eb900000| Untracked 
|1650|0x00000000eba00000, 0x00000000ebb00000, 0x00000000ebb00000|100%|HC|  |TAMS 0x00000000eba00000| PB 0x00000000eba00000| Untracked 
|1651|0x00000000ebb00000, 0x00000000ebc00000, 0x00000000ebc00000|100%|HC|  |TAMS 0x00000000ebb00000| PB 0x00000000ebb00000| Untracked 
|1652|0x00000000ebc00000, 0x00000000ebd00000, 0x00000000ebd00000|100%|HC|  |TAMS 0x00000000ebc00000| PB 0x00000000ebc00000| Untracked 
|1653|0x00000000ebd00000, 0x00000000ebe00000, 0x00000000ebe00000|100%|HC|  |TAMS 0x00000000ebd00000| PB 0x00000000ebd00000| Untracked 
|1654|0x00000000ebe00000, 0x00000000ebf00000, 0x00000000ebf00000|100%|HC|  |TAMS 0x00000000ebe00000| PB 0x00000000ebe00000| Untracked 
|1655|0x00000000ebf00000, 0x00000000ec000000, 0x00000000ec000000|100%|HC|  |TAMS 0x00000000ebf00000| PB 0x00000000ebf00000| Untracked 
|1656|0x00000000ec000000, 0x00000000ec100000, 0x00000000ec100000|100%|HC|  |TAMS 0x00000000ec000000| PB 0x00000000ec000000| Untracked 
|1657|0x00000000ec100000, 0x00000000ec200000, 0x00000000ec200000|100%|HC|  |TAMS 0x00000000ec100000| PB 0x00000000ec100000| Untracked 
|1658|0x00000000ec200000, 0x00000000ec300000, 0x00000000ec300000|100%|HS|  |TAMS 0x00000000ec200000| PB 0x00000000ec200000| Untracked 
|1659|0x00000000ec300000, 0x00000000ec400000, 0x00000000ec400000|100%|HC|  |TAMS 0x00000000ec300000| PB 0x00000000ec300000| Untracked 
|1660|0x00000000ec400000, 0x00000000ec500000, 0x00000000ec500000|100%|HC|  |TAMS 0x00000000ec400000| PB 0x00000000ec400000| Untracked 
|1661|0x00000000ec500000, 0x00000000ec600000, 0x00000000ec600000|100%|HC|  |TAMS 0x00000000ec500000| PB 0x00000000ec500000| Untracked 
|1662|0x00000000ec600000, 0x00000000ec700000, 0x00000000ec700000|100%|HC|  |TAMS 0x00000000ec600000| PB 0x00000000ec600000| Untracked 
|1663|0x00000000ec700000, 0x00000000ec800000, 0x00000000ec800000|100%|HC|  |TAMS 0x00000000ec700000| PB 0x00000000ec700000| Untracked 
|1664|0x00000000ec800000, 0x00000000ec900000, 0x00000000ec900000|100%|HC|  |TAMS 0x00000000ec800000| PB 0x00000000ec800000| Untracked 
|1665|0x00000000ec900000, 0x00000000eca00000, 0x00000000eca00000|100%|HC|  |TAMS 0x00000000ec900000| PB 0x00000000ec900000| Untracked 
|1666|0x00000000eca00000, 0x00000000ecb00000, 0x00000000ecb00000|100%|HC|  |TAMS 0x00000000eca00000| PB 0x00000000eca00000| Untracked 
|1667|0x00000000ecb00000, 0x00000000ecc00000, 0x00000000ecc00000|100%|HC|  |TAMS 0x00000000ecb00000| PB 0x00000000ecb00000| Untracked 
|1668|0x00000000ecc00000, 0x00000000ecd00000, 0x00000000ecd00000|100%|HC|  |TAMS 0x00000000ecc00000| PB 0x00000000ecc00000| Untracked 
|1669|0x00000000ecd00000, 0x00000000ece00000, 0x00000000ece00000|100%|HC|  |TAMS 0x00000000ecd00000| PB 0x00000000ecd00000| Untracked 
|1670|0x00000000ece00000, 0x00000000ecf00000, 0x00000000ecf00000|100%|HC|  |TAMS 0x00000000ece00000| PB 0x00000000ece00000| Untracked 
|1671|0x00000000ecf00000, 0x00000000ed000000, 0x00000000ed000000|100%|HS|  |TAMS 0x00000000ecf00000| PB 0x00000000ecf00000| Untracked 
|1672|0x00000000ed000000, 0x00000000ed100000, 0x00000000ed100000|100%|HC|  |TAMS 0x00000000ed000000| PB 0x00000000ed000000| Untracked 
|1673|0x00000000ed100000, 0x00000000ed200000, 0x00000000ed200000|100%|HC|  |TAMS 0x00000000ed100000| PB 0x00000000ed100000| Untracked 
|1674|0x00000000ed200000, 0x00000000ed300000, 0x00000000ed300000|100%|HC|  |TAMS 0x00000000ed200000| PB 0x00000000ed200000| Untracked 
|1675|0x00000000ed300000, 0x00000000ed400000, 0x00000000ed400000|100%|HC|  |TAMS 0x00000000ed300000| PB 0x00000000ed300000| Untracked 
|1676|0x00000000ed400000, 0x00000000ed500000, 0x00000000ed500000|100%|HC|  |TAMS 0x00000000ed400000| PB 0x00000000ed400000| Untracked 
|1677|0x00000000ed500000, 0x00000000ed600000, 0x00000000ed600000|100%|HC|  |TAMS 0x00000000ed500000| PB 0x00000000ed500000| Untracked 
|1678|0x00000000ed600000, 0x00000000ed700000, 0x00000000ed700000|100%|HC|  |TAMS 0x00000000ed600000| PB 0x00000000ed600000| Untracked 
|1679|0x00000000ed700000, 0x00000000ed800000, 0x00000000ed800000|100%|HC|  |TAMS 0x00000000ed700000| PB 0x00000000ed700000| Untracked 
|1680|0x00000000ed800000, 0x00000000ed900000, 0x00000000ed900000|100%|HC|  |TAMS 0x00000000ed800000| PB 0x00000000ed800000| Untracked 
|1681|0x00000000ed900000, 0x00000000eda00000, 0x00000000eda00000|100%|HC|  |TAMS 0x00000000ed900000| PB 0x00000000ed900000| Untracked 
|1682|0x00000000eda00000, 0x00000000edb00000, 0x00000000edb00000|100%|HC|  |TAMS 0x00000000eda00000| PB 0x00000000eda00000| Untracked 
|1683|0x00000000edb00000, 0x00000000edc00000, 0x00000000edc00000|100%|HC|  |TAMS 0x00000000edb00000| PB 0x00000000edb00000| Untracked 
|1684|0x00000000edc00000, 0x00000000edd00000, 0x00000000edd00000|100%|HS|  |TAMS 0x00000000edc00000| PB 0x00000000edc00000| Untracked 
|1685|0x00000000edd00000, 0x00000000ede00000, 0x00000000ede00000|100%|HC|  |TAMS 0x00000000edd00000| PB 0x00000000edd00000| Untracked 
|1686|0x00000000ede00000, 0x00000000edf00000, 0x00000000edf00000|100%|HC|  |TAMS 0x00000000ede00000| PB 0x00000000ede00000| Untracked 
|1687|0x00000000edf00000, 0x00000000ee000000, 0x00000000ee000000|100%|HC|  |TAMS 0x00000000edf00000| PB 0x00000000edf00000| Untracked 
|1688|0x00000000ee000000, 0x00000000ee100000, 0x00000000ee100000|100%|HC|  |TAMS 0x00000000ee000000| PB 0x00000000ee000000| Untracked 
|1689|0x00000000ee100000, 0x00000000ee200000, 0x00000000ee200000|100%|HC|  |TAMS 0x00000000ee100000| PB 0x00000000ee100000| Untracked 
|1690|0x00000000ee200000, 0x00000000ee300000, 0x00000000ee300000|100%|HC|  |TAMS 0x00000000ee200000| PB 0x00000000ee200000| Untracked 
|1691|0x00000000ee300000, 0x00000000ee400000, 0x00000000ee400000|100%|HC|  |TAMS 0x00000000ee300000| PB 0x00000000ee300000| Untracked 
|1692|0x00000000ee400000, 0x00000000ee500000, 0x00000000ee500000|100%|HC|  |TAMS 0x00000000ee400000| PB 0x00000000ee400000| Untracked 
|1693|0x00000000ee500000, 0x00000000ee600000, 0x00000000ee600000|100%|HC|  |TAMS 0x00000000ee500000| PB 0x00000000ee500000| Untracked 
|1694|0x00000000ee600000, 0x00000000ee700000, 0x00000000ee700000|100%|HC|  |TAMS 0x00000000ee600000| PB 0x00000000ee600000| Untracked 
|1695|0x00000000ee700000, 0x00000000ee800000, 0x00000000ee800000|100%|HC|  |TAMS 0x00000000ee700000| PB 0x00000000ee700000| Untracked 
|1696|0x00000000ee800000, 0x00000000ee900000, 0x00000000ee900000|100%|HC|  |TAMS 0x00000000ee800000| PB 0x00000000ee800000| Untracked 
|1697|0x00000000ee900000, 0x00000000eea00000, 0x00000000eea00000|100%|HS|  |TAMS 0x00000000ee900000| PB 0x00000000ee900000| Untracked 
|1698|0x00000000eea00000, 0x00000000eeb00000, 0x00000000eeb00000|100%|HC|  |TAMS 0x00000000eea00000| PB 0x00000000eea00000| Untracked 
|1699|0x00000000eeb00000, 0x00000000eec00000, 0x00000000eec00000|100%|HC|  |TAMS 0x00000000eeb00000| PB 0x00000000eeb00000| Untracked 
|1700|0x00000000eec00000, 0x00000000eed00000, 0x00000000eed00000|100%|HC|  |TAMS 0x00000000eec00000| PB 0x00000000eec00000| Untracked 
|1701|0x00000000eed00000, 0x00000000eee00000, 0x00000000eee00000|100%|HC|  |TAMS 0x00000000eed00000| PB 0x00000000eed00000| Untracked 
|1702|0x00000000eee00000, 0x00000000eef00000, 0x00000000eef00000|100%|HC|  |TAMS 0x00000000eee00000| PB 0x00000000eee00000| Untracked 
|1703|0x00000000eef00000, 0x00000000ef000000, 0x00000000ef000000|100%|HC|  |TAMS 0x00000000eef00000| PB 0x00000000eef00000| Untracked 
|1704|0x00000000ef000000, 0x00000000ef100000, 0x00000000ef100000|100%|HC|  |TAMS 0x00000000ef000000| PB 0x00000000ef000000| Untracked 
|1705|0x00000000ef100000, 0x00000000ef200000, 0x00000000ef200000|100%|HC|  |TAMS 0x00000000ef100000| PB 0x00000000ef100000| Untracked 
|1706|0x00000000ef200000, 0x00000000ef300000, 0x00000000ef300000|100%|HC|  |TAMS 0x00000000ef200000| PB 0x00000000ef200000| Untracked 
|1707|0x00000000ef300000, 0x00000000ef400000, 0x00000000ef400000|100%|HC|  |TAMS 0x00000000ef300000| PB 0x00000000ef300000| Untracked 
|1708|0x00000000ef400000, 0x00000000ef500000, 0x00000000ef500000|100%|HC|  |TAMS 0x00000000ef400000| PB 0x00000000ef400000| Untracked 
|1709|0x00000000ef500000, 0x00000000ef600000, 0x00000000ef600000|100%|HC|  |TAMS 0x00000000ef500000| PB 0x00000000ef500000| Untracked 
|1710|0x00000000ef600000, 0x00000000ef700000, 0x00000000ef700000|100%|HS|  |TAMS 0x00000000ef600000| PB 0x00000000ef600000| Untracked 
|1711|0x00000000ef700000, 0x00000000ef800000, 0x00000000ef800000|100%|HC|  |TAMS 0x00000000ef700000| PB 0x00000000ef700000| Untracked 
|1712|0x00000000ef800000, 0x00000000ef900000, 0x00000000ef900000|100%|HC|  |TAMS 0x00000000ef800000| PB 0x00000000ef800000| Untracked 
|1713|0x00000000ef900000, 0x00000000efa00000, 0x00000000efa00000|100%|HC|  |TAMS 0x00000000ef900000| PB 0x00000000ef900000| Untracked 
|1714|0x00000000efa00000, 0x00000000efb00000, 0x00000000efb00000|100%|HC|  |TAMS 0x00000000efa00000| PB 0x00000000efa00000| Untracked 
|1715|0x00000000efb00000, 0x00000000efc00000, 0x00000000efc00000|100%|HC|  |TAMS 0x00000000efb00000| PB 0x00000000efb00000| Untracked 
|1716|0x00000000efc00000, 0x00000000efd00000, 0x00000000efd00000|100%|HC|  |TAMS 0x00000000efc00000| PB 0x00000000efc00000| Untracked 
|1717|0x00000000efd00000, 0x00000000efe00000, 0x00000000efe00000|100%|HC|  |TAMS 0x00000000efd00000| PB 0x00000000efd00000| Untracked 
|1718|0x00000000efe00000, 0x00000000eff00000, 0x00000000eff00000|100%|HC|  |TAMS 0x00000000efe00000| PB 0x00000000efe00000| Untracked 
|1719|0x00000000eff00000, 0x00000000f0000000, 0x00000000f0000000|100%|HC|  |TAMS 0x00000000eff00000| PB 0x00000000eff00000| Untracked 
|1720|0x00000000f0000000, 0x00000000f0100000, 0x00000000f0100000|100%|HC|  |TAMS 0x00000000f0000000| PB 0x00000000f0000000| Untracked 
|1721|0x00000000f0100000, 0x00000000f0200000, 0x00000000f0200000|100%|HC|  |TAMS 0x00000000f0100000| PB 0x00000000f0100000| Untracked 
|1722|0x00000000f0200000, 0x00000000f0300000, 0x00000000f0300000|100%|HC|  |TAMS 0x00000000f0200000| PB 0x00000000f0200000| Untracked 
|1723|0x00000000f0300000, 0x00000000f0400000, 0x00000000f0400000|100%|HS|  |TAMS 0x00000000f0300000| PB 0x00000000f0300000| Untracked 
|1724|0x00000000f0400000, 0x00000000f0500000, 0x00000000f0500000|100%|HC|  |TAMS 0x00000000f0400000| PB 0x00000000f0400000| Untracked 
|1725|0x00000000f0500000, 0x00000000f0600000, 0x00000000f0600000|100%|HC|  |TAMS 0x00000000f0500000| PB 0x00000000f0500000| Untracked 
|1726|0x00000000f0600000, 0x00000000f0700000, 0x00000000f0700000|100%|HC|  |TAMS 0x00000000f0600000| PB 0x00000000f0600000| Untracked 
|1727|0x00000000f0700000, 0x00000000f0800000, 0x00000000f0800000|100%|HC|  |TAMS 0x00000000f0700000| PB 0x00000000f0700000| Untracked 
|1728|0x00000000f0800000, 0x00000000f0900000, 0x00000000f0900000|100%|HC|  |TAMS 0x00000000f0800000| PB 0x00000000f0800000| Untracked 
|1729|0x00000000f0900000, 0x00000000f0a00000, 0x00000000f0a00000|100%|HC|  |TAMS 0x00000000f0900000| PB 0x00000000f0900000| Untracked 
|1730|0x00000000f0a00000, 0x00000000f0b00000, 0x00000000f0b00000|100%|HC|  |TAMS 0x00000000f0a00000| PB 0x00000000f0a00000| Untracked 
|1731|0x00000000f0b00000, 0x00000000f0c00000, 0x00000000f0c00000|100%|HC|  |TAMS 0x00000000f0b00000| PB 0x00000000f0b00000| Untracked 
|1732|0x00000000f0c00000, 0x00000000f0d00000, 0x00000000f0d00000|100%|HC|  |TAMS 0x00000000f0c00000| PB 0x00000000f0c00000| Untracked 
|1733|0x00000000f0d00000, 0x00000000f0e00000, 0x00000000f0e00000|100%|HC|  |TAMS 0x00000000f0d00000| PB 0x00000000f0d00000| Untracked 
|1734|0x00000000f0e00000, 0x00000000f0f00000, 0x00000000f0f00000|100%|HC|  |TAMS 0x00000000f0e00000| PB 0x00000000f0e00000| Untracked 
|1735|0x00000000f0f00000, 0x00000000f1000000, 0x00000000f1000000|100%|HC|  |TAMS 0x00000000f0f00000| PB 0x00000000f0f00000| Untracked 
|1736|0x00000000f1000000, 0x00000000f1100000, 0x00000000f1100000|100%|HS|  |TAMS 0x00000000f1000000| PB 0x00000000f1000000| Untracked 
|1737|0x00000000f1100000, 0x00000000f1200000, 0x00000000f1200000|100%|HC|  |TAMS 0x00000000f1100000| PB 0x00000000f1100000| Untracked 
|1738|0x00000000f1200000, 0x00000000f1300000, 0x00000000f1300000|100%|HC|  |TAMS 0x00000000f1200000| PB 0x00000000f1200000| Untracked 
|1739|0x00000000f1300000, 0x00000000f1400000, 0x00000000f1400000|100%|HC|  |TAMS 0x00000000f1300000| PB 0x00000000f1300000| Untracked 
|1740|0x00000000f1400000, 0x00000000f1500000, 0x00000000f1500000|100%|HC|  |TAMS 0x00000000f1400000| PB 0x00000000f1400000| Untracked 
|1741|0x00000000f1500000, 0x00000000f1600000, 0x00000000f1600000|100%|HC|  |TAMS 0x00000000f1500000| PB 0x00000000f1500000| Untracked 
|1742|0x00000000f1600000, 0x00000000f1700000, 0x00000000f1700000|100%|HC|  |TAMS 0x00000000f1600000| PB 0x00000000f1600000| Untracked 
|1743|0x00000000f1700000, 0x00000000f1800000, 0x00000000f1800000|100%|HC|  |TAMS 0x00000000f1700000| PB 0x00000000f1700000| Untracked 
|1744|0x00000000f1800000, 0x00000000f1900000, 0x00000000f1900000|100%|HC|  |TAMS 0x00000000f1800000| PB 0x00000000f1800000| Untracked 
|1745|0x00000000f1900000, 0x00000000f1a00000, 0x00000000f1a00000|100%|HC|  |TAMS 0x00000000f1900000| PB 0x00000000f1900000| Untracked 
|1746|0x00000000f1a00000, 0x00000000f1b00000, 0x00000000f1b00000|100%|HC|  |TAMS 0x00000000f1a00000| PB 0x00000000f1a00000| Untracked 
|1747|0x00000000f1b00000, 0x00000000f1c00000, 0x00000000f1c00000|100%|HC|  |TAMS 0x00000000f1b00000| PB 0x00000000f1b00000| Untracked 
|1748|0x00000000f1c00000, 0x00000000f1d00000, 0x00000000f1d00000|100%|HC|  |TAMS 0x00000000f1c00000| PB 0x00000000f1c00000| Untracked 
|1749|0x00000000f1d00000, 0x00000000f1e00000, 0x00000000f1e00000|100%|HS|  |TAMS 0x00000000f1d00000| PB 0x00000000f1d00000| Untracked 
|1750|0x00000000f1e00000, 0x00000000f1f00000, 0x00000000f1f00000|100%|HC|  |TAMS 0x00000000f1e00000| PB 0x00000000f1e00000| Untracked 
|1751|0x00000000f1f00000, 0x00000000f2000000, 0x00000000f2000000|100%|HC|  |TAMS 0x00000000f1f00000| PB 0x00000000f1f00000| Untracked 
|1752|0x00000000f2000000, 0x00000000f2100000, 0x00000000f2100000|100%|HC|  |TAMS 0x00000000f2000000| PB 0x00000000f2000000| Untracked 
|1753|0x00000000f2100000, 0x00000000f2200000, 0x00000000f2200000|100%|HC|  |TAMS 0x00000000f2100000| PB 0x00000000f2100000| Untracked 
|1754|0x00000000f2200000, 0x00000000f2300000, 0x00000000f2300000|100%|HC|  |TAMS 0x00000000f2200000| PB 0x00000000f2200000| Untracked 
|1755|0x00000000f2300000, 0x00000000f2400000, 0x00000000f2400000|100%|HC|  |TAMS 0x00000000f2300000| PB 0x00000000f2300000| Untracked 
|1756|0x00000000f2400000, 0x00000000f2500000, 0x00000000f2500000|100%|HC|  |TAMS 0x00000000f2400000| PB 0x00000000f2400000| Untracked 
|1757|0x00000000f2500000, 0x00000000f2600000, 0x00000000f2600000|100%|HC|  |TAMS 0x00000000f2500000| PB 0x00000000f2500000| Untracked 
|1758|0x00000000f2600000, 0x00000000f2700000, 0x00000000f2700000|100%|HC|  |TAMS 0x00000000f2600000| PB 0x00000000f2600000| Untracked 
|1759|0x00000000f2700000, 0x00000000f2800000, 0x00000000f2800000|100%|HC|  |TAMS 0x00000000f2700000| PB 0x00000000f2700000| Untracked 
|1760|0x00000000f2800000, 0x00000000f2900000, 0x00000000f2900000|100%|HC|  |TAMS 0x00000000f2800000| PB 0x00000000f2800000| Untracked 
|1761|0x00000000f2900000, 0x00000000f2a00000, 0x00000000f2a00000|100%|HC|  |TAMS 0x00000000f2900000| PB 0x00000000f2900000| Untracked 
|1762|0x00000000f2a00000, 0x00000000f2b00000, 0x00000000f2b00000|100%|HS|  |TAMS 0x00000000f2a00000| PB 0x00000000f2a00000| Untracked 
|1763|0x00000000f2b00000, 0x00000000f2c00000, 0x00000000f2c00000|100%|HC|  |TAMS 0x00000000f2b00000| PB 0x00000000f2b00000| Untracked 
|1764|0x00000000f2c00000, 0x00000000f2d00000, 0x00000000f2d00000|100%|HC|  |TAMS 0x00000000f2c00000| PB 0x00000000f2c00000| Untracked 
|1765|0x00000000f2d00000, 0x00000000f2e00000, 0x00000000f2e00000|100%|HC|  |TAMS 0x00000000f2d00000| PB 0x00000000f2d00000| Untracked 
|1766|0x00000000f2e00000, 0x00000000f2f00000, 0x00000000f2f00000|100%|HC|  |TAMS 0x00000000f2e00000| PB 0x00000000f2e00000| Untracked 
|1767|0x00000000f2f00000, 0x00000000f3000000, 0x00000000f3000000|100%|HC|  |TAMS 0x00000000f2f00000| PB 0x00000000f2f00000| Untracked 
|1768|0x00000000f3000000, 0x00000000f3100000, 0x00000000f3100000|100%|HC|  |TAMS 0x00000000f3000000| PB 0x00000000f3000000| Untracked 
|1769|0x00000000f3100000, 0x00000000f3200000, 0x00000000f3200000|100%|HC|  |TAMS 0x00000000f3100000| PB 0x00000000f3100000| Untracked 
|1770|0x00000000f3200000, 0x00000000f3300000, 0x00000000f3300000|100%|HC|  |TAMS 0x00000000f3200000| PB 0x00000000f3200000| Untracked 
|1771|0x00000000f3300000, 0x00000000f3400000, 0x00000000f3400000|100%|HC|  |TAMS 0x00000000f3300000| PB 0x00000000f3300000| Untracked 
|1772|0x00000000f3400000, 0x00000000f3500000, 0x00000000f3500000|100%|HC|  |TAMS 0x00000000f3400000| PB 0x00000000f3400000| Untracked 
|1773|0x00000000f3500000, 0x00000000f3600000, 0x00000000f3600000|100%|HC|  |TAMS 0x00000000f3500000| PB 0x00000000f3500000| Untracked 
|1774|0x00000000f3600000, 0x00000000f3700000, 0x00000000f3700000|100%|HC|  |TAMS 0x00000000f3600000| PB 0x00000000f3600000| Untracked 
|1775|0x00000000f3700000, 0x00000000f3800000, 0x00000000f3800000|100%|HS|  |TAMS 0x00000000f3700000| PB 0x00000000f3700000| Untracked 
|1776|0x00000000f3800000, 0x00000000f3900000, 0x00000000f3900000|100%|HC|  |TAMS 0x00000000f3800000| PB 0x00000000f3800000| Untracked 
|1777|0x00000000f3900000, 0x00000000f3a00000, 0x00000000f3a00000|100%|HC|  |TAMS 0x00000000f3900000| PB 0x00000000f3900000| Untracked 
|1778|0x00000000f3a00000, 0x00000000f3b00000, 0x00000000f3b00000|100%|HC|  |TAMS 0x00000000f3a00000| PB 0x00000000f3a00000| Untracked 
|1779|0x00000000f3b00000, 0x00000000f3c00000, 0x00000000f3c00000|100%|HC|  |TAMS 0x00000000f3b00000| PB 0x00000000f3b00000| Untracked 
|1780|0x00000000f3c00000, 0x00000000f3d00000, 0x00000000f3d00000|100%|HC|  |TAMS 0x00000000f3c00000| PB 0x00000000f3c00000| Untracked 
|1781|0x00000000f3d00000, 0x00000000f3e00000, 0x00000000f3e00000|100%|HC|  |TAMS 0x00000000f3d00000| PB 0x00000000f3d00000| Untracked 
|1782|0x00000000f3e00000, 0x00000000f3f00000, 0x00000000f3f00000|100%|HC|  |TAMS 0x00000000f3e00000| PB 0x00000000f3e00000| Untracked 
|1783|0x00000000f3f00000, 0x00000000f4000000, 0x00000000f4000000|100%|HC|  |TAMS 0x00000000f3f00000| PB 0x00000000f3f00000| Untracked 
|1784|0x00000000f4000000, 0x00000000f4100000, 0x00000000f4100000|100%|HC|  |TAMS 0x00000000f4000000| PB 0x00000000f4000000| Untracked 
|1785|0x00000000f4100000, 0x00000000f4200000, 0x00000000f4200000|100%|HC|  |TAMS 0x00000000f4100000| PB 0x00000000f4100000| Untracked 
|1786|0x00000000f4200000, 0x00000000f4300000, 0x00000000f4300000|100%|HC|  |TAMS 0x00000000f4200000| PB 0x00000000f4200000| Untracked 
|1787|0x00000000f4300000, 0x00000000f4400000, 0x00000000f4400000|100%|HC|  |TAMS 0x00000000f4300000| PB 0x00000000f4300000| Untracked 
|1788|0x00000000f4400000, 0x00000000f4500000, 0x00000000f4500000|100%|HS|  |TAMS 0x00000000f4400000| PB 0x00000000f4400000| Untracked 
|1789|0x00000000f4500000, 0x00000000f4600000, 0x00000000f4600000|100%|HC|  |TAMS 0x00000000f4500000| PB 0x00000000f4500000| Untracked 
|1790|0x00000000f4600000, 0x00000000f4700000, 0x00000000f4700000|100%|HC|  |TAMS 0x00000000f4600000| PB 0x00000000f4600000| Untracked 
|1791|0x00000000f4700000, 0x00000000f4800000, 0x00000000f4800000|100%|HC|  |TAMS 0x00000000f4700000| PB 0x00000000f4700000| Untracked 
|1792|0x00000000f4800000, 0x00000000f4900000, 0x00000000f4900000|100%|HC|  |TAMS 0x00000000f4800000| PB 0x00000000f4800000| Untracked 
|1793|0x00000000f4900000, 0x00000000f4a00000, 0x00000000f4a00000|100%|HC|  |TAMS 0x00000000f4900000| PB 0x00000000f4900000| Untracked 
|1794|0x00000000f4a00000, 0x00000000f4b00000, 0x00000000f4b00000|100%|HC|  |TAMS 0x00000000f4a00000| PB 0x00000000f4a00000| Untracked 
|1795|0x00000000f4b00000, 0x00000000f4c00000, 0x00000000f4c00000|100%|HC|  |TAMS 0x00000000f4b00000| PB 0x00000000f4b00000| Untracked 
|1796|0x00000000f4c00000, 0x00000000f4d00000, 0x00000000f4d00000|100%|HC|  |TAMS 0x00000000f4c00000| PB 0x00000000f4c00000| Untracked 
|1797|0x00000000f4d00000, 0x00000000f4e00000, 0x00000000f4e00000|100%|HC|  |TAMS 0x00000000f4d00000| PB 0x00000000f4d00000| Untracked 
|1798|0x00000000f4e00000, 0x00000000f4f00000, 0x00000000f4f00000|100%|HC|  |TAMS 0x00000000f4e00000| PB 0x00000000f4e00000| Untracked 
|1799|0x00000000f4f00000, 0x00000000f5000000, 0x00000000f5000000|100%|HC|  |TAMS 0x00000000f4f00000| PB 0x00000000f4f00000| Untracked 
|1800|0x00000000f5000000, 0x00000000f5100000, 0x00000000f5100000|100%|HC|  |TAMS 0x00000000f5000000| PB 0x00000000f5000000| Untracked 
|1801|0x00000000f5100000, 0x00000000f5200000, 0x00000000f5200000|100%|HS|  |TAMS 0x00000000f5100000| PB 0x00000000f5100000| Untracked 
|1802|0x00000000f5200000, 0x00000000f5300000, 0x00000000f5300000|100%|HC|  |TAMS 0x00000000f5200000| PB 0x00000000f5200000| Untracked 
|1803|0x00000000f5300000, 0x00000000f5400000, 0x00000000f5400000|100%|HC|  |TAMS 0x00000000f5300000| PB 0x00000000f5300000| Untracked 
|1804|0x00000000f5400000, 0x00000000f5500000, 0x00000000f5500000|100%|HC|  |TAMS 0x00000000f5400000| PB 0x00000000f5400000| Untracked 
|1805|0x00000000f5500000, 0x00000000f5600000, 0x00000000f5600000|100%|HC|  |TAMS 0x00000000f5500000| PB 0x00000000f5500000| Untracked 
|1806|0x00000000f5600000, 0x00000000f5700000, 0x00000000f5700000|100%|HC|  |TAMS 0x00000000f5600000| PB 0x00000000f5600000| Untracked 
|1807|0x00000000f5700000, 0x00000000f5800000, 0x00000000f5800000|100%|HC|  |TAMS 0x00000000f5700000| PB 0x00000000f5700000| Untracked 
|1808|0x00000000f5800000, 0x00000000f5900000, 0x00000000f5900000|100%|HC|  |TAMS 0x00000000f5800000| PB 0x00000000f5800000| Untracked 
|1809|0x00000000f5900000, 0x00000000f5a00000, 0x00000000f5a00000|100%|HC|  |TAMS 0x00000000f5900000| PB 0x00000000f5900000| Untracked 
|1810|0x00000000f5a00000, 0x00000000f5b00000, 0x00000000f5b00000|100%|HC|  |TAMS 0x00000000f5a00000| PB 0x00000000f5a00000| Untracked 
|1811|0x00000000f5b00000, 0x00000000f5c00000, 0x00000000f5c00000|100%|HC|  |TAMS 0x00000000f5b00000| PB 0x00000000f5b00000| Untracked 
|1812|0x00000000f5c00000, 0x00000000f5d00000, 0x00000000f5d00000|100%|HC|  |TAMS 0x00000000f5c00000| PB 0x00000000f5c00000| Untracked 
|1813|0x00000000f5d00000, 0x00000000f5e00000, 0x00000000f5e00000|100%|HC|  |TAMS 0x00000000f5d00000| PB 0x00000000f5d00000| Untracked 
|1814|0x00000000f5e00000, 0x00000000f5f00000, 0x00000000f5f00000|100%|HS|  |TAMS 0x00000000f5e00000| PB 0x00000000f5e00000| Untracked 
|1815|0x00000000f5f00000, 0x00000000f6000000, 0x00000000f6000000|100%|HC|  |TAMS 0x00000000f5f00000| PB 0x00000000f5f00000| Untracked 
|1816|0x00000000f6000000, 0x00000000f6100000, 0x00000000f6100000|100%|HC|  |TAMS 0x00000000f6000000| PB 0x00000000f6000000| Untracked 
|1817|0x00000000f6100000, 0x00000000f6200000, 0x00000000f6200000|100%|HC|  |TAMS 0x00000000f6100000| PB 0x00000000f6100000| Untracked 
|1818|0x00000000f6200000, 0x00000000f6300000, 0x00000000f6300000|100%|HC|  |TAMS 0x00000000f6200000| PB 0x00000000f6200000| Untracked 
|1819|0x00000000f6300000, 0x00000000f6400000, 0x00000000f6400000|100%|HC|  |TAMS 0x00000000f6300000| PB 0x00000000f6300000| Untracked 
|1820|0x00000000f6400000, 0x00000000f6500000, 0x00000000f6500000|100%|HC|  |TAMS 0x00000000f6400000| PB 0x00000000f6400000| Untracked 
|1821|0x00000000f6500000, 0x00000000f6600000, 0x00000000f6600000|100%|HC|  |TAMS 0x00000000f6500000| PB 0x00000000f6500000| Untracked 
|1822|0x00000000f6600000, 0x00000000f6700000, 0x00000000f6700000|100%|HC|  |TAMS 0x00000000f6600000| PB 0x00000000f6600000| Untracked 
|1823|0x00000000f6700000, 0x00000000f6800000, 0x00000000f6800000|100%|HC|  |TAMS 0x00000000f6700000| PB 0x00000000f6700000| Untracked 
|1824|0x00000000f6800000, 0x00000000f6900000, 0x00000000f6900000|100%|HC|  |TAMS 0x00000000f6800000| PB 0x00000000f6800000| Untracked 
|1825|0x00000000f6900000, 0x00000000f6a00000, 0x00000000f6a00000|100%|HC|  |TAMS 0x00000000f6900000| PB 0x00000000f6900000| Untracked 
|1826|0x00000000f6a00000, 0x00000000f6b00000, 0x00000000f6b00000|100%|HC|  |TAMS 0x00000000f6a00000| PB 0x00000000f6a00000| Untracked 
|1827|0x00000000f6b00000, 0x00000000f6c00000, 0x00000000f6c00000|100%|HS|  |TAMS 0x00000000f6b00000| PB 0x00000000f6b00000| Untracked 
|1828|0x00000000f6c00000, 0x00000000f6d00000, 0x00000000f6d00000|100%|HC|  |TAMS 0x00000000f6c00000| PB 0x00000000f6c00000| Untracked 
|1829|0x00000000f6d00000, 0x00000000f6e00000, 0x00000000f6e00000|100%|HC|  |TAMS 0x00000000f6d00000| PB 0x00000000f6d00000| Untracked 
|1830|0x00000000f6e00000, 0x00000000f6f00000, 0x00000000f6f00000|100%|HC|  |TAMS 0x00000000f6e00000| PB 0x00000000f6e00000| Untracked 
|1831|0x00000000f6f00000, 0x00000000f7000000, 0x00000000f7000000|100%|HC|  |TAMS 0x00000000f6f00000| PB 0x00000000f6f00000| Untracked 
|1832|0x00000000f7000000, 0x00000000f7100000, 0x00000000f7100000|100%|HC|  |TAMS 0x00000000f7000000| PB 0x00000000f7000000| Untracked 
|1833|0x00000000f7100000, 0x00000000f7200000, 0x00000000f7200000|100%|HC|  |TAMS 0x00000000f7100000| PB 0x00000000f7100000| Untracked 
|1834|0x00000000f7200000, 0x00000000f7300000, 0x00000000f7300000|100%|HC|  |TAMS 0x00000000f7200000| PB 0x00000000f7200000| Untracked 
|1835|0x00000000f7300000, 0x00000000f7400000, 0x00000000f7400000|100%|HC|  |TAMS 0x00000000f7300000| PB 0x00000000f7300000| Untracked 
|1836|0x00000000f7400000, 0x00000000f7500000, 0x00000000f7500000|100%|HC|  |TAMS 0x00000000f7400000| PB 0x00000000f7400000| Untracked 
|1837|0x00000000f7500000, 0x00000000f7600000, 0x00000000f7600000|100%|HC|  |TAMS 0x00000000f7500000| PB 0x00000000f7500000| Untracked 
|1838|0x00000000f7600000, 0x00000000f7700000, 0x00000000f7700000|100%|HC|  |TAMS 0x00000000f7600000| PB 0x00000000f7600000| Untracked 
|1839|0x00000000f7700000, 0x00000000f7800000, 0x00000000f7800000|100%|HC|  |TAMS 0x00000000f7700000| PB 0x00000000f7700000| Untracked 
|1840|0x00000000f7800000, 0x00000000f7900000, 0x00000000f7900000|100%|HS|  |TAMS 0x00000000f7800000| PB 0x00000000f7800000| Untracked 
|1841|0x00000000f7900000, 0x00000000f7a00000, 0x00000000f7a00000|100%|HC|  |TAMS 0x00000000f7900000| PB 0x00000000f7900000| Untracked 
|1842|0x00000000f7a00000, 0x00000000f7b00000, 0x00000000f7b00000|100%|HC|  |TAMS 0x00000000f7a00000| PB 0x00000000f7a00000| Untracked 
|1843|0x00000000f7b00000, 0x00000000f7c00000, 0x00000000f7c00000|100%|HC|  |TAMS 0x00000000f7b00000| PB 0x00000000f7b00000| Untracked 
|1844|0x00000000f7c00000, 0x00000000f7d00000, 0x00000000f7d00000|100%|HC|  |TAMS 0x00000000f7c00000| PB 0x00000000f7c00000| Untracked 
|1845|0x00000000f7d00000, 0x00000000f7e00000, 0x00000000f7e00000|100%|HC|  |TAMS 0x00000000f7d00000| PB 0x00000000f7d00000| Untracked 
|1846|0x00000000f7e00000, 0x00000000f7f00000, 0x00000000f7f00000|100%|HC|  |TAMS 0x00000000f7e00000| PB 0x00000000f7e00000| Untracked 
|1847|0x00000000f7f00000, 0x00000000f8000000, 0x00000000f8000000|100%|HC|  |TAMS 0x00000000f7f00000| PB 0x00000000f7f00000| Untracked 
|1848|0x00000000f8000000, 0x00000000f8100000, 0x00000000f8100000|100%|HC|  |TAMS 0x00000000f8000000| PB 0x00000000f8000000| Untracked 
|1849|0x00000000f8100000, 0x00000000f8200000, 0x00000000f8200000|100%|HC|  |TAMS 0x00000000f8100000| PB 0x00000000f8100000| Untracked 
|1850|0x00000000f8200000, 0x00000000f8300000, 0x00000000f8300000|100%|HC|  |TAMS 0x00000000f8200000| PB 0x00000000f8200000| Untracked 
|1851|0x00000000f8300000, 0x00000000f8400000, 0x00000000f8400000|100%|HC|  |TAMS 0x00000000f8300000| PB 0x00000000f8300000| Untracked 
|1852|0x00000000f8400000, 0x00000000f8500000, 0x00000000f8500000|100%|HC|  |TAMS 0x00000000f8400000| PB 0x00000000f8400000| Untracked 
|1853|0x00000000f8500000, 0x00000000f8600000, 0x00000000f8600000|100%|HS|  |TAMS 0x00000000f8500000| PB 0x00000000f8500000| Untracked 
|1854|0x00000000f8600000, 0x00000000f8700000, 0x00000000f8700000|100%|HC|  |TAMS 0x00000000f8600000| PB 0x00000000f8600000| Untracked 
|1855|0x00000000f8700000, 0x00000000f8800000, 0x00000000f8800000|100%|HC|  |TAMS 0x00000000f8700000| PB 0x00000000f8700000| Untracked 
|1856|0x00000000f8800000, 0x00000000f8900000, 0x00000000f8900000|100%|HC|  |TAMS 0x00000000f8800000| PB 0x00000000f8800000| Untracked 
|1857|0x00000000f8900000, 0x00000000f8a00000, 0x00000000f8a00000|100%|HC|  |TAMS 0x00000000f8900000| PB 0x00000000f8900000| Untracked 
|1858|0x00000000f8a00000, 0x00000000f8b00000, 0x00000000f8b00000|100%|HC|  |TAMS 0x00000000f8a00000| PB 0x00000000f8a00000| Untracked 
|1859|0x00000000f8b00000, 0x00000000f8c00000, 0x00000000f8c00000|100%|HC|  |TAMS 0x00000000f8b00000| PB 0x00000000f8b00000| Untracked 
|1860|0x00000000f8c00000, 0x00000000f8d00000, 0x00000000f8d00000|100%|HC|  |TAMS 0x00000000f8c00000| PB 0x00000000f8c00000| Untracked 
|1861|0x00000000f8d00000, 0x00000000f8e00000, 0x00000000f8e00000|100%|HC|  |TAMS 0x00000000f8d00000| PB 0x00000000f8d00000| Untracked 
|1862|0x00000000f8e00000, 0x00000000f8f00000, 0x00000000f8f00000|100%|HC|  |TAMS 0x00000000f8e00000| PB 0x00000000f8e00000| Untracked 
|1863|0x00000000f8f00000, 0x00000000f9000000, 0x00000000f9000000|100%|HC|  |TAMS 0x00000000f8f00000| PB 0x00000000f8f00000| Untracked 
|1864|0x00000000f9000000, 0x00000000f9100000, 0x00000000f9100000|100%|HC|  |TAMS 0x00000000f9000000| PB 0x00000000f9000000| Untracked 
|1865|0x00000000f9100000, 0x00000000f9200000, 0x00000000f9200000|100%|HC|  |TAMS 0x00000000f9100000| PB 0x00000000f9100000| Untracked 
|1866|0x00000000f9200000, 0x00000000f9300000, 0x00000000f9300000|100%|HS|  |TAMS 0x00000000f9200000| PB 0x00000000f9200000| Untracked 
|1867|0x00000000f9300000, 0x00000000f9400000, 0x00000000f9400000|100%|HC|  |TAMS 0x00000000f9300000| PB 0x00000000f9300000| Untracked 
|1868|0x00000000f9400000, 0x00000000f9500000, 0x00000000f9500000|100%|HC|  |TAMS 0x00000000f9400000| PB 0x00000000f9400000| Untracked 
|1869|0x00000000f9500000, 0x00000000f9600000, 0x00000000f9600000|100%|HC|  |TAMS 0x00000000f9500000| PB 0x00000000f9500000| Untracked 
|1870|0x00000000f9600000, 0x00000000f9700000, 0x00000000f9700000|100%|HC|  |TAMS 0x00000000f9600000| PB 0x00000000f9600000| Untracked 
|1871|0x00000000f9700000, 0x00000000f9800000, 0x00000000f9800000|100%|HC|  |TAMS 0x00000000f9700000| PB 0x00000000f9700000| Untracked 
|1872|0x00000000f9800000, 0x00000000f9900000, 0x00000000f9900000|100%|HC|  |TAMS 0x00000000f9800000| PB 0x00000000f9800000| Untracked 
|1873|0x00000000f9900000, 0x00000000f9a00000, 0x00000000f9a00000|100%|HC|  |TAMS 0x00000000f9900000| PB 0x00000000f9900000| Untracked 
|1874|0x00000000f9a00000, 0x00000000f9b00000, 0x00000000f9b00000|100%|HC|  |TAMS 0x00000000f9a00000| PB 0x00000000f9a00000| Untracked 
|1875|0x00000000f9b00000, 0x00000000f9c00000, 0x00000000f9c00000|100%|HC|  |TAMS 0x00000000f9b00000| PB 0x00000000f9b00000| Untracked 
|1876|0x00000000f9c00000, 0x00000000f9d00000, 0x00000000f9d00000|100%|HC|  |TAMS 0x00000000f9c00000| PB 0x00000000f9c00000| Untracked 
|1877|0x00000000f9d00000, 0x00000000f9e00000, 0x00000000f9e00000|100%|HC|  |TAMS 0x00000000f9d00000| PB 0x00000000f9d00000| Untracked 
|1878|0x00000000f9e00000, 0x00000000f9f00000, 0x00000000f9f00000|100%|HC|  |TAMS 0x00000000f9e00000| PB 0x00000000f9e00000| Untracked 
|1879|0x00000000f9f00000, 0x00000000fa000000, 0x00000000fa000000|100%|HS|  |TAMS 0x00000000f9f00000| PB 0x00000000f9f00000| Untracked 
|1880|0x00000000fa000000, 0x00000000fa100000, 0x00000000fa100000|100%|HC|  |TAMS 0x00000000fa000000| PB 0x00000000fa000000| Untracked 
|1881|0x00000000fa100000, 0x00000000fa200000, 0x00000000fa200000|100%|HC|  |TAMS 0x00000000fa100000| PB 0x00000000fa100000| Untracked 
|1882|0x00000000fa200000, 0x00000000fa300000, 0x00000000fa300000|100%|HC|  |TAMS 0x00000000fa200000| PB 0x00000000fa200000| Untracked 
|1883|0x00000000fa300000, 0x00000000fa400000, 0x00000000fa400000|100%|HC|  |TAMS 0x00000000fa300000| PB 0x00000000fa300000| Untracked 
|1884|0x00000000fa400000, 0x00000000fa500000, 0x00000000fa500000|100%|HC|  |TAMS 0x00000000fa400000| PB 0x00000000fa400000| Untracked 
|1885|0x00000000fa500000, 0x00000000fa600000, 0x00000000fa600000|100%|HC|  |TAMS 0x00000000fa500000| PB 0x00000000fa500000| Untracked 
|1886|0x00000000fa600000, 0x00000000fa700000, 0x00000000fa700000|100%|HC|  |TAMS 0x00000000fa600000| PB 0x00000000fa600000| Untracked 
|1887|0x00000000fa700000, 0x00000000fa800000, 0x00000000fa800000|100%|HC|  |TAMS 0x00000000fa700000| PB 0x00000000fa700000| Untracked 
|1888|0x00000000fa800000, 0x00000000fa900000, 0x00000000fa900000|100%|HC|  |TAMS 0x00000000fa800000| PB 0x00000000fa800000| Untracked 
|1889|0x00000000fa900000, 0x00000000faa00000, 0x00000000faa00000|100%|HC|  |TAMS 0x00000000fa900000| PB 0x00000000fa900000| Untracked 
|1890|0x00000000faa00000, 0x00000000fab00000, 0x00000000fab00000|100%|HC|  |TAMS 0x00000000faa00000| PB 0x00000000faa00000| Untracked 
|1891|0x00000000fab00000, 0x00000000fac00000, 0x00000000fac00000|100%|HC|  |TAMS 0x00000000fab00000| PB 0x00000000fab00000| Untracked 
|1892|0x00000000fac00000, 0x00000000fad00000, 0x00000000fad00000|100%|HS|  |TAMS 0x00000000fac00000| PB 0x00000000fac00000| Untracked 
|1893|0x00000000fad00000, 0x00000000fae00000, 0x00000000fae00000|100%|HC|  |TAMS 0x00000000fad00000| PB 0x00000000fad00000| Untracked 
|1894|0x00000000fae00000, 0x00000000faf00000, 0x00000000faf00000|100%|HC|  |TAMS 0x00000000fae00000| PB 0x00000000fae00000| Untracked 
|1895|0x00000000faf00000, 0x00000000fb000000, 0x00000000fb000000|100%|HC|  |TAMS 0x00000000faf00000| PB 0x00000000faf00000| Untracked 
|1896|0x00000000fb000000, 0x00000000fb100000, 0x00000000fb100000|100%|HC|  |TAMS 0x00000000fb000000| PB 0x00000000fb000000| Untracked 
|1897|0x00000000fb100000, 0x00000000fb200000, 0x00000000fb200000|100%|HC|  |TAMS 0x00000000fb100000| PB 0x00000000fb100000| Untracked 
|1898|0x00000000fb200000, 0x00000000fb300000, 0x00000000fb300000|100%|HC|  |TAMS 0x00000000fb200000| PB 0x00000000fb200000| Untracked 
|1899|0x00000000fb300000, 0x00000000fb400000, 0x00000000fb400000|100%|HC|  |TAMS 0x00000000fb300000| PB 0x00000000fb300000| Untracked 
|1900|0x00000000fb400000, 0x00000000fb500000, 0x00000000fb500000|100%|HC|  |TAMS 0x00000000fb400000| PB 0x00000000fb400000| Untracked 
|1901|0x00000000fb500000, 0x00000000fb600000, 0x00000000fb600000|100%|HC|  |TAMS 0x00000000fb500000| PB 0x00000000fb500000| Untracked 
|1902|0x00000000fb600000, 0x00000000fb700000, 0x00000000fb700000|100%|HC|  |TAMS 0x00000000fb600000| PB 0x00000000fb600000| Untracked 
|1903|0x00000000fb700000, 0x00000000fb800000, 0x00000000fb800000|100%|HC|  |TAMS 0x00000000fb700000| PB 0x00000000fb700000| Untracked 
|1904|0x00000000fb800000, 0x00000000fb900000, 0x00000000fb900000|100%|HC|  |TAMS 0x00000000fb800000| PB 0x00000000fb800000| Untracked 
|1905|0x00000000fb900000, 0x00000000fba00000, 0x00000000fba00000|100%|HS|  |TAMS 0x00000000fb900000| PB 0x00000000fb900000| Untracked 
|1906|0x00000000fba00000, 0x00000000fbb00000, 0x00000000fbb00000|100%|HC|  |TAMS 0x00000000fba00000| PB 0x00000000fba00000| Untracked 
|1907|0x00000000fbb00000, 0x00000000fbc00000, 0x00000000fbc00000|100%|HC|  |TAMS 0x00000000fbb00000| PB 0x00000000fbb00000| Untracked 
|1908|0x00000000fbc00000, 0x00000000fbd00000, 0x00000000fbd00000|100%|HC|  |TAMS 0x00000000fbc00000| PB 0x00000000fbc00000| Untracked 
|1909|0x00000000fbd00000, 0x00000000fbe00000, 0x00000000fbe00000|100%|HC|  |TAMS 0x00000000fbd00000| PB 0x00000000fbd00000| Untracked 
|1910|0x00000000fbe00000, 0x00000000fbf00000, 0x00000000fbf00000|100%|HC|  |TAMS 0x00000000fbe00000| PB 0x00000000fbe00000| Untracked 
|1911|0x00000000fbf00000, 0x00000000fc000000, 0x00000000fc000000|100%|HC|  |TAMS 0x00000000fbf00000| PB 0x00000000fbf00000| Untracked 
|1912|0x00000000fc000000, 0x00000000fc100000, 0x00000000fc100000|100%|HC|  |TAMS 0x00000000fc000000| PB 0x00000000fc000000| Untracked 
|1913|0x00000000fc100000, 0x00000000fc200000, 0x00000000fc200000|100%|HC|  |TAMS 0x00000000fc100000| PB 0x00000000fc100000| Untracked 
|1914|0x00000000fc200000, 0x00000000fc300000, 0x00000000fc300000|100%|HC|  |TAMS 0x00000000fc200000| PB 0x00000000fc200000| Untracked 
|1915|0x00000000fc300000, 0x00000000fc400000, 0x00000000fc400000|100%|HC|  |TAMS 0x00000000fc300000| PB 0x00000000fc300000| Untracked 
|1916|0x00000000fc400000, 0x00000000fc500000, 0x00000000fc500000|100%|HC|  |TAMS 0x00000000fc400000| PB 0x00000000fc400000| Untracked 
|1917|0x00000000fc500000, 0x00000000fc600000, 0x00000000fc600000|100%|HC|  |TAMS 0x00000000fc500000| PB 0x00000000fc500000| Untracked 
|1918|0x00000000fc600000, 0x00000000fc700000, 0x00000000fc700000|100%|HS|  |TAMS 0x00000000fc600000| PB 0x00000000fc600000| Untracked 
|1919|0x00000000fc700000, 0x00000000fc800000, 0x00000000fc800000|100%|HC|  |TAMS 0x00000000fc700000| PB 0x00000000fc700000| Untracked 
|1920|0x00000000fc800000, 0x00000000fc900000, 0x00000000fc900000|100%|HC|  |TAMS 0x00000000fc800000| PB 0x00000000fc800000| Untracked 
|1921|0x00000000fc900000, 0x00000000fca00000, 0x00000000fca00000|100%|HC|  |TAMS 0x00000000fc900000| PB 0x00000000fc900000| Untracked 
|1922|0x00000000fca00000, 0x00000000fcb00000, 0x00000000fcb00000|100%|HC|  |TAMS 0x00000000fca00000| PB 0x00000000fca00000| Untracked 
|1923|0x00000000fcb00000, 0x00000000fcc00000, 0x00000000fcc00000|100%|HC|  |TAMS 0x00000000fcb00000| PB 0x00000000fcb00000| Untracked 
|1924|0x00000000fcc00000, 0x00000000fcd00000, 0x00000000fcd00000|100%|HC|  |TAMS 0x00000000fcc00000| PB 0x00000000fcc00000| Untracked 
|1925|0x00000000fcd00000, 0x00000000fce00000, 0x00000000fce00000|100%|HC|  |TAMS 0x00000000fcd00000| PB 0x00000000fcd00000| Untracked 
|1926|0x00000000fce00000, 0x00000000fcf00000, 0x00000000fcf00000|100%|HC|  |TAMS 0x00000000fce00000| PB 0x00000000fce00000| Untracked 
|1927|0x00000000fcf00000, 0x00000000fd000000, 0x00000000fd000000|100%|HC|  |TAMS 0x00000000fcf00000| PB 0x00000000fcf00000| Untracked 
|1928|0x00000000fd000000, 0x00000000fd100000, 0x00000000fd100000|100%|HC|  |TAMS 0x00000000fd000000| PB 0x00000000fd000000| Untracked 
|1929|0x00000000fd100000, 0x00000000fd200000, 0x00000000fd200000|100%|HC|  |TAMS 0x00000000fd100000| PB 0x00000000fd100000| Untracked 
|1930|0x00000000fd200000, 0x00000000fd300000, 0x00000000fd300000|100%|HC|  |TAMS 0x00000000fd200000| PB 0x00000000fd200000| Untracked 
|1931|0x00000000fd300000, 0x00000000fd400000, 0x00000000fd400000|100%|HS|  |TAMS 0x00000000fd300000| PB 0x00000000fd300000| Untracked 
|1932|0x00000000fd400000, 0x00000000fd500000, 0x00000000fd500000|100%|HC|  |TAMS 0x00000000fd400000| PB 0x00000000fd400000| Untracked 
|1933|0x00000000fd500000, 0x00000000fd600000, 0x00000000fd600000|100%|HC|  |TAMS 0x00000000fd500000| PB 0x00000000fd500000| Untracked 
|1934|0x00000000fd600000, 0x00000000fd700000, 0x00000000fd700000|100%|HC|  |TAMS 0x00000000fd600000| PB 0x00000000fd600000| Untracked 
|1935|0x00000000fd700000, 0x00000000fd800000, 0x00000000fd800000|100%|HC|  |TAMS 0x00000000fd700000| PB 0x00000000fd700000| Untracked 
|1936|0x00000000fd800000, 0x00000000fd900000, 0x00000000fd900000|100%|HC|  |TAMS 0x00000000fd800000| PB 0x00000000fd800000| Untracked 
|1937|0x00000000fd900000, 0x00000000fda00000, 0x00000000fda00000|100%|HC|  |TAMS 0x00000000fd900000| PB 0x00000000fd900000| Untracked 
|1938|0x00000000fda00000, 0x00000000fdb00000, 0x00000000fdb00000|100%|HC|  |TAMS 0x00000000fda00000| PB 0x00000000fda00000| Untracked 
|1939|0x00000000fdb00000, 0x00000000fdc00000, 0x00000000fdc00000|100%|HC|  |TAMS 0x00000000fdb00000| PB 0x00000000fdb00000| Untracked 
|1940|0x00000000fdc00000, 0x00000000fdd00000, 0x00000000fdd00000|100%|HC|  |TAMS 0x00000000fdc00000| PB 0x00000000fdc00000| Untracked 
|1941|0x00000000fdd00000, 0x00000000fde00000, 0x00000000fde00000|100%|HC|  |TAMS 0x00000000fdd00000| PB 0x00000000fdd00000| Untracked 
|1942|0x00000000fde00000, 0x00000000fdf00000, 0x00000000fdf00000|100%|HC|  |TAMS 0x00000000fde00000| PB 0x00000000fde00000| Untracked 
|1943|0x00000000fdf00000, 0x00000000fe000000, 0x00000000fe000000|100%|HC|  |TAMS 0x00000000fdf00000| PB 0x00000000fdf00000| Untracked 
|1944|0x00000000fe000000, 0x00000000fe100000, 0x00000000fe100000|100%|HS|  |TAMS 0x00000000fe000000| PB 0x00000000fe000000| Untracked 
|1945|0x00000000fe100000, 0x00000000fe200000, 0x00000000fe200000|100%|HC|  |TAMS 0x00000000fe100000| PB 0x00000000fe100000| Untracked 
|1946|0x00000000fe200000, 0x00000000fe300000, 0x00000000fe300000|100%|HC|  |TAMS 0x00000000fe200000| PB 0x00000000fe200000| Untracked 
|1947|0x00000000fe300000, 0x00000000fe400000, 0x00000000fe400000|100%|HC|  |TAMS 0x00000000fe300000| PB 0x00000000fe300000| Untracked 
|1948|0x00000000fe400000, 0x00000000fe500000, 0x00000000fe500000|100%|HC|  |TAMS 0x00000000fe400000| PB 0x00000000fe400000| Untracked 
|1949|0x00000000fe500000, 0x00000000fe600000, 0x00000000fe600000|100%|HC|  |TAMS 0x00000000fe500000| PB 0x00000000fe500000| Untracked 
|1950|0x00000000fe600000, 0x00000000fe700000, 0x00000000fe700000|100%|HC|  |TAMS 0x00000000fe600000| PB 0x00000000fe600000| Untracked 
|1951|0x00000000fe700000, 0x00000000fe800000, 0x00000000fe800000|100%|HC|  |TAMS 0x00000000fe700000| PB 0x00000000fe700000| Untracked 
|1952|0x00000000fe800000, 0x00000000fe900000, 0x00000000fe900000|100%|HC|  |TAMS 0x00000000fe800000| PB 0x00000000fe800000| Untracked 
|1953|0x00000000fe900000, 0x00000000fea00000, 0x00000000fea00000|100%|HC|  |TAMS 0x00000000fe900000| PB 0x00000000fe900000| Untracked 
|1954|0x00000000fea00000, 0x00000000feb00000, 0x00000000feb00000|100%|HC|  |TAMS 0x00000000fea00000| PB 0x00000000fea00000| Untracked 
|1955|0x00000000feb00000, 0x00000000fec00000, 0x00000000fec00000|100%|HC|  |TAMS 0x00000000feb00000| PB 0x00000000feb00000| Untracked 
|1956|0x00000000fec00000, 0x00000000fed00000, 0x00000000fed00000|100%|HC|  |TAMS 0x00000000fec00000| PB 0x00000000fec00000| Untracked 
|1957|0x00000000fed00000, 0x00000000fee00000, 0x00000000fee00000|100%|HS|  |TAMS 0x00000000fed00000| PB 0x00000000fed00000| Untracked 
|1958|0x00000000fee00000, 0x00000000fef00000, 0x00000000fef00000|100%|HC|  |TAMS 0x00000000fee00000| PB 0x00000000fee00000| Untracked 
|1959|0x00000000fef00000, 0x00000000ff000000, 0x00000000ff000000|100%|HC|  |TAMS 0x00000000fef00000| PB 0x00000000fef00000| Untracked 
|1960|0x00000000ff000000, 0x00000000ff100000, 0x00000000ff100000|100%|HC|  |TAMS 0x00000000ff000000| PB 0x00000000ff000000| Untracked 
|1961|0x00000000ff100000, 0x00000000ff200000, 0x00000000ff200000|100%|HC|  |TAMS 0x00000000ff100000| PB 0x00000000ff100000| Untracked 
|1962|0x00000000ff200000, 0x00000000ff300000, 0x00000000ff300000|100%|HC|  |TAMS 0x00000000ff200000| PB 0x00000000ff200000| Untracked 
|1963|0x00000000ff300000, 0x00000000ff400000, 0x00000000ff400000|100%|HC|  |TAMS 0x00000000ff300000| PB 0x00000000ff300000| Untracked 
|1964|0x00000000ff400000, 0x00000000ff500000, 0x00000000ff500000|100%|HC|  |TAMS 0x00000000ff400000| PB 0x00000000ff400000| Untracked 
|1965|0x00000000ff500000, 0x00000000ff600000, 0x00000000ff600000|100%|HC|  |TAMS 0x00000000ff500000| PB 0x00000000ff500000| Untracked 
|1966|0x00000000ff600000, 0x00000000ff700000, 0x00000000ff700000|100%|HC|  |TAMS 0x00000000ff600000| PB 0x00000000ff600000| Untracked 
|1967|0x00000000ff700000, 0x00000000ff800000, 0x00000000ff800000|100%|HC|  |TAMS 0x00000000ff700000| PB 0x00000000ff700000| Untracked 
|1968|0x00000000ff800000, 0x00000000ff900000, 0x00000000ff900000|100%|HC|  |TAMS 0x00000000ff800000| PB 0x00000000ff800000| Untracked 
|1969|0x00000000ff900000, 0x00000000ffa00000, 0x00000000ffa00000|100%|HC|  |TAMS 0x00000000ff900000| PB 0x00000000ff900000| Untracked 
|1970|0x00000000ffa00000, 0x00000000ffaffff0, 0x00000000ffb00000| 99%| O|  |TAMS 0x00000000ffa00000| PB 0x00000000ffa00000| Untracked 
|1971|0x00000000ffb00000, 0x00000000ffbff618, 0x00000000ffc00000| 99%| O|  |TAMS 0x00000000ffb00000| PB 0x00000000ffb00000| Untracked 
|1972|0x00000000ffc00000, 0x00000000ffcffe68, 0x00000000ffd00000| 99%| O|  |TAMS 0x00000000ffc00000| PB 0x00000000ffc00000| Untracked 
|1973|0x00000000ffd00000, 0x00000000ffe00000, 0x00000000ffe00000|100%| O|  |TAMS 0x00000000ffd00000| PB 0x00000000ffd00000| Untracked 
|1974|0x00000000ffe00000, 0x00000000ffeffff8, 0x00000000fff00000| 99%| O|  |TAMS 0x00000000ffe00000| PB 0x00000000ffe00000| Untracked 
|1975|0x00000000fff00000, 0x00000000fff04e98, 0x0000000100000000|  1%| O|  |TAMS 0x00000000fff00000| PB 0x00000000fff00000| Untracked 

Card table byte_map: [0x000001ed7af80000,0x000001ed7b360000] _byte_map_base: 0x000001ed7ab5c000

Marking Bits: (CMBitMap*) 0x000001ed7a5e3620
 Bits: [0x000001ed7b360000, 0x000001ed7d240000)

Polling page: 0x000001ed78440000

Metaspace:

Usage:
  Non-class:     19.08 MB used.
      Class:      2.93 MB used.
       Both:     22.01 MB used.

Virtual space:
  Non-class space:       64.00 MB reserved,      19.25 MB ( 30%) committed,  1 nodes.
      Class space:        1.00 GB reserved,       3.12 MB ( <1%) committed,  1 nodes.
             Both:        1.06 GB reserved,      22.38 MB (  2%) committed. 

Chunk freelists:
   Non-Class:  12.39 MB
       Class:  12.95 MB
        Both:  25.33 MB

MaxMetaspaceSize: unlimited
CompressedClassSpaceSize: 1.00 GB
Initial GC threshold: 21.00 MB
Current GC threshold: 37.19 MB
CDS: on
 - commit_granule_bytes: 65536.
 - commit_granule_words: 8192.
 - virtual_space_node_default_size: 8388608.
 - enlarge_chunks_in_place: 1.
 - use_allocation_guard: 0.


Internal statistics:

num_allocs_failed_limit: 0.
num_arena_births: 1900.
num_arena_deaths: 1620.
num_vsnodes_births: 2.
num_vsnodes_deaths: 0.
num_space_committed: 358.
num_space_uncommitted: 0.
num_chunks_returned_to_freelist: 2344.
num_chunks_taken_from_freelist: 3462.
num_chunk_merges: 75.
num_chunk_splits: 886.
num_chunks_enlarged: 612.
num_inconsistent_stats: 0.

CodeHeap 'non-profiled nmethods': size=120000Kb used=3787Kb max_used=4372Kb free=116212Kb
 bounds [0x000001ed10140000, 0x000001ed10590000, 0x000001ed17670000]
CodeHeap 'profiled nmethods': size=120000Kb used=8298Kb max_used=13942Kb free=111701Kb
 bounds [0x000001ed08670000, 0x000001ed09410000, 0x000001ed0fba0000]
CodeHeap 'non-nmethods': size=5760Kb used=1708Kb max_used=1766Kb free=4051Kb
 bounds [0x000001ed0fba0000, 0x000001ed0fe10000, 0x000001ed10140000]
CodeCache: size=245760Kb, used=13793Kb, max_used=20080Kb, free=231964Kb
 total_blobs=4745, nmethods=3900, adapters=749, full_count=0
Compilation: enabled, stopped_count=0, restarted_count=0

Compilation events (20 events):
Event: 145.892 Thread 0x000001ed7feabe50 8549       4       java.util.Spliterator::getExactSizeIfKnown (25 bytes)
Event: 146.094 Thread 0x000001ed7feabe50 nmethod 8549 0x000001ed10390710 code [0x000001ed103908a0, 0x000001ed10390990]
Event: 147.920 Thread 0x000001ed7feaca20 8550       3       java.util.concurrent.locks.ReentrantLock$NonfairSync::tryAcquire (27 bytes)
Event: 147.977 Thread 0x000001ed7feaca20 nmethod 8550 0x000001ed08d2b810 code [0x000001ed08d2b9e0, 0x000001ed08d2bc60]
Event: 148.067 Thread 0x000001ed7feabe50 8551   !   4       java.util.concurrent.locks.AbstractQueuedSynchronizer::tryInitializeHead (66 bytes)
Event: 148.139 Thread 0x000001ed7feabe50 nmethod 8551 0x000001ed104df590 code [0x000001ed104df720, 0x000001ed104dfa10]
Event: 151.177 Thread 0x000001ed7feabe50 8552   !   4       java.util.concurrent.locks.AbstractQueuedSynchronizer$ConditionObject::newConditionNode (78 bytes)
Event: 151.267 Thread 0x000001ed7feabe50 nmethod 8552 0x000001ed102d4090 code [0x000001ed102d42a0, 0x000001ed102d48e8]
Event: 164.526 Thread 0x000001ed7feaca20 8554       3       java.util.concurrent.locks.AbstractQueuedSynchronizer$ConditionObject::await (202 bytes)
Event: 164.590 Thread 0x000001ed7feaca20 nmethod 8554 0x000001ed08b11110 code [0x000001ed08b11420, 0x000001ed08b122b8]
Event: 164.590 Thread 0x000001ed7feaca20 8553       3       java.lang.ref.ReferenceQueue::await (15 bytes)
Event: 164.590 Thread 0x000001ed7feaca20 nmethod 8553 0x000001ed09066a90 code [0x000001ed09066c40, 0x000001ed09066de0]
Event: 164.854 Thread 0x000001ed7feaca20 8555       3       java.util.concurrent.TimeUnit::toNanos (45 bytes)
Event: 164.938 Thread 0x000001ed7feaca20 nmethod 8555 0x000001ed0867f590 code [0x000001ed0867f740, 0x000001ed0867f990]
Event: 166.829 Thread 0x000001ed7feabe50 8556       4       java.util.concurrent.locks.AbstractQueuedSynchronizer::release (19 bytes)
Event: 166.832 Thread 0x000001ed7feabe50 nmethod 8556 0x000001ed1019b390 code [0x000001ed1019b540, 0x000001ed1019b7c0]
Event: 167.176 Thread 0x000001ed7feaca20 8557       3       java.util.concurrent.locks.AbstractQueuedSynchronizer::acquireOnOOME (50 bytes)
Event: 167.253 Thread 0x000001ed7feaca20 nmethod 8557 0x000001ed088c8290 code [0x000001ed088c8480, 0x000001ed088c8980]
Event: 168.714 Thread 0x000001ed7feabe50 8558       4       java.util.concurrent.locks.ReentrantLock$NonfairSync::tryAcquire (27 bytes)
Event: 168.779 Thread 0x000001ed7feabe50 nmethod 8558 0x000001ed101c8210 code [0x000001ed101c83a0, 0x000001ed101c8548]

GC Heap History (20 events):
Event: 209.111 GC heap before
{Heap before GC invocations=2735 (full 1760):
 garbage-first heap   total 2023424K, used 2022404K [0x0000000084800000, 0x0000000100000000)
  region size 1024K, 0 young (0K), 0 survivors (0K)
 Metaspace       used 22538K, committed 22912K, reserved 1114112K
  class space    used 3000K, committed 3200K, reserved 1048576K
}
Event: 209.143 GC heap after
{Heap after GC invocations=2736 (full 1761):
 garbage-first heap   total 2023424K, used 2022404K [0x0000000084800000, 0x0000000100000000)
  region size 1024K, 0 young (0K), 0 survivors (0K)
 Metaspace       used 22538K, committed 22912K, reserved 1114112K
  class space    used 3000K, committed 3200K, reserved 1048576K
}
Event: 209.143 GC heap before
{Heap before GC invocations=2736 (full 1761):
 garbage-first heap   total 2023424K, used 2022404K [0x0000000084800000, 0x0000000100000000)
  region size 1024K, 0 young (0K), 0 survivors (0K)
 Metaspace       used 22538K, committed 22912K, reserved 1114112K
  class space    used 3000K, committed 3200K, reserved 1048576K
}
Event: 209.144 GC heap after
{Heap after GC invocations=2737 (full 1761):
 garbage-first heap   total 2023424K, used 2022404K [0x0000000084800000, 0x0000000100000000)
  region size 1024K, 0 young (0K), 0 survivors (0K)
 Metaspace       used 22538K, committed 22912K, reserved 1114112K
  class space    used 3000K, committed 3200K, reserved 1048576K
}
Event: 209.144 GC heap before
{Heap before GC invocations=2737 (full 1761):
 garbage-first heap   total 2023424K, used 2022404K [0x0000000084800000, 0x0000000100000000)
  region size 1024K, 0 young (0K), 0 survivors (0K)
 Metaspace       used 22538K, committed 22912K, reserved 1114112K
  class space    used 3000K, committed 3200K, reserved 1048576K
}
Event: 209.168 GC heap after
{Heap after GC invocations=2738 (full 1762):
 garbage-first heap   total 2023424K, used 2022404K [0x0000000084800000, 0x0000000100000000)
  region size 1024K, 0 young (0K), 0 survivors (0K)
 Metaspace       used 22538K, committed 22912K, reserved 1114112K
  class space    used 3000K, committed 3200K, reserved 1048576K
}
Event: 209.168 GC heap before
{Heap before GC invocations=2738 (full 1762):
 garbage-first heap   total 2023424K, used 2022404K [0x0000000084800000, 0x0000000100000000)
  region size 1024K, 0 young (0K), 0 survivors (0K)
 Metaspace       used 22538K, committed 22912K, reserved 1114112K
  class space    used 3000K, committed 3200K, reserved 1048576K
}
Event: 209.195 GC heap after
{Heap after GC invocations=2739 (full 1763):
 garbage-first heap   total 2023424K, used 2022404K [0x0000000084800000, 0x0000000100000000)
  region size 1024K, 0 young (0K), 0 survivors (0K)
 Metaspace       used 22538K, committed 22912K, reserved 1114112K
  class space    used 3000K, committed 3200K, reserved 1048576K
}
Event: 209.196 GC heap before
{Heap before GC invocations=2739 (full 1763):
 garbage-first heap   total 2023424K, used 2022404K [0x0000000084800000, 0x0000000100000000)
  region size 1024K, 0 young (0K), 0 survivors (0K)
 Metaspace       used 22538K, committed 22912K, reserved 1114112K
  class space    used 3000K, committed 3200K, reserved 1048576K
}
Event: 209.196 GC heap after
{Heap after GC invocations=2740 (full 1763):
 garbage-first heap   total 2023424K, used 2022404K [0x0000000084800000, 0x0000000100000000)
  region size 1024K, 0 young (0K), 0 survivors (0K)
 Metaspace       used 22538K, committed 22912K, reserved 1114112K
  class space    used 3000K, committed 3200K, reserved 1048576K
}
Event: 209.196 GC heap before
{Heap before GC invocations=2740 (full 1763):
 garbage-first heap   total 2023424K, used 2022404K [0x0000000084800000, 0x0000000100000000)
  region size 1024K, 0 young (0K), 0 survivors (0K)
 Metaspace       used 22538K, committed 22912K, reserved 1114112K
  class space    used 3000K, committed 3200K, reserved 1048576K
}
Event: 209.225 GC heap after
{Heap after GC invocations=2741 (full 1764):
 garbage-first heap   total 2023424K, used 2022404K [0x0000000084800000, 0x0000000100000000)
  region size 1024K, 0 young (0K), 0 survivors (0K)
 Metaspace       used 22538K, committed 22912K, reserved 1114112K
  class space    used 3000K, committed 3200K, reserved 1048576K
}
Event: 209.225 GC heap before
{Heap before GC invocations=2741 (full 1764):
 garbage-first heap   total 2023424K, used 2022404K [0x0000000084800000, 0x0000000100000000)
  region size 1024K, 0 young (0K), 0 survivors (0K)
 Metaspace       used 22538K, committed 22912K, reserved 1114112K
  class space    used 3000K, committed 3200K, reserved 1048576K
}
Event: 209.257 GC heap after
{Heap after GC invocations=2742 (full 1765):
 garbage-first heap   total 2023424K, used 2022404K [0x0000000084800000, 0x0000000100000000)
  region size 1024K, 0 young (0K), 0 survivors (0K)
 Metaspace       used 22538K, committed 22912K, reserved 1114112K
  class space    used 3000K, committed 3200K, reserved 1048576K
}
Event: 209.257 GC heap before
{Heap before GC invocations=2742 (full 1765):
 garbage-first heap   total 2023424K, used 2022404K [0x0000000084800000, 0x0000000100000000)
  region size 1024K, 0 young (0K), 0 survivors (0K)
 Metaspace       used 22538K, committed 22912K, reserved 1114112K
  class space    used 3000K, committed 3200K, reserved 1048576K
}
Event: 209.258 GC heap after
{Heap after GC invocations=2743 (full 1765):
 garbage-first heap   total 2023424K, used 2022404K [0x0000000084800000, 0x0000000100000000)
  region size 1024K, 0 young (0K), 0 survivors (0K)
 Metaspace       used 22538K, committed 22912K, reserved 1114112K
  class space    used 3000K, committed 3200K, reserved 1048576K
}
Event: 209.258 GC heap before
{Heap before GC invocations=2743 (full 1765):
 garbage-first heap   total 2023424K, used 2022404K [0x0000000084800000, 0x0000000100000000)
  region size 1024K, 0 young (0K), 0 survivors (0K)
 Metaspace       used 22538K, committed 22912K, reserved 1114112K
  class space    used 3000K, committed 3200K, reserved 1048576K
}
Event: 209.282 GC heap after
{Heap after GC invocations=2744 (full 1766):
 garbage-first heap   total 2023424K, used 2022404K [0x0000000084800000, 0x0000000100000000)
  region size 1024K, 0 young (0K), 0 survivors (0K)
 Metaspace       used 22538K, committed 22912K, reserved 1114112K
  class space    used 3000K, committed 3200K, reserved 1048576K
}
Event: 209.282 GC heap before
{Heap before GC invocations=2744 (full 1766):
 garbage-first heap   total 2023424K, used 2022404K [0x0000000084800000, 0x0000000100000000)
  region size 1024K, 0 young (0K), 0 survivors (0K)
 Metaspace       used 22538K, committed 22912K, reserved 1114112K
  class space    used 3000K, committed 3200K, reserved 1048576K
}
Event: 209.311 GC heap after
{Heap after GC invocations=2745 (full 1767):
 garbage-first heap   total 2023424K, used 2022404K [0x0000000084800000, 0x0000000100000000)
  region size 1024K, 0 young (0K), 0 survivors (0K)
 Metaspace       used 22538K, committed 22912K, reserved 1114112K
  class space    used 3000K, committed 3200K, reserved 1048576K
}

Dll operation events (20 events):
Event: 0.290 Loaded shared library C:\Users\Admin\.openjfx\cache\21+31\amd64\api-ms-win-crt-multibyte-l1-1-0.dll
Event: 0.293 Loaded shared library C:\Users\Admin\.openjfx\cache\21+31\amd64\api-ms-win-crt-private-l1-1-0.dll
Event: 0.295 Loaded shared library C:\Users\Admin\.openjfx\cache\21+31\amd64\api-ms-win-crt-process-l1-1-0.dll
Event: 0.297 Loaded shared library C:\Users\Admin\.openjfx\cache\21+31\amd64\api-ms-win-crt-runtime-l1-1-0.dll
Event: 0.299 Loaded shared library C:\Users\Admin\.openjfx\cache\21+31\amd64\api-ms-win-crt-stdio-l1-1-0.dll
Event: 0.301 Loaded shared library C:\Users\Admin\.openjfx\cache\21+31\amd64\api-ms-win-crt-string-l1-1-0.dll
Event: 0.304 Loaded shared library C:\Users\Admin\.openjfx\cache\21+31\amd64\api-ms-win-crt-time-l1-1-0.dll
Event: 0.306 Loaded shared library C:\Users\Admin\.openjfx\cache\21+31\amd64\api-ms-win-crt-utility-l1-1-0.dll
Event: 0.321 Loaded shared library C:\Users\Admin\.openjfx\cache\21+31\amd64\ucrtbase.dll
Event: 0.325 Loaded shared library C:\Users\Admin\.openjfx\cache\21+31\amd64\vcruntime140.dll
Event: 0.328 Loaded shared library C:\Users\Admin\.openjfx\cache\21+31\amd64\vcruntime140_1.dll
Event: 0.335 Loaded shared library C:\Users\Admin\.openjfx\cache\21+31\amd64\msvcp140.dll
Event: 0.338 Loaded shared library C:\Users\Admin\.openjfx\cache\21+31\amd64\msvcp140_1.dll
Event: 0.347 Loaded shared library C:\Users\Admin\.openjfx\cache\21+31\amd64\msvcp140_2.dll
Event: 0.392 Loaded shared library C:\Users\Admin\.openjfx\cache\21+31\amd64\prism_d3d.dll
Event: 0.618 Loaded shared library C:\Users\Admin\.openjfx\cache\21+31\amd64\glass.dll
Event: 0.813 Loaded shared library C:\Users\Admin\.jdks\ms-21.0.11\bin\jimage.dll
Event: 0.897 Loaded shared library C:\Users\Admin\.jdks\ms-21.0.11\bin\extnet.dll
Event: 1.402 Loaded shared library C:\Users\Admin\.openjfx\cache\21+31\amd64\javafx_font.dll
Event: 37.467 Loaded shared library C:\Users\Admin\.openjfx\cache\21+31\amd64\javafx_iio.dll

Deoptimization events (20 events):
Event: 208.320 Thread 0x000001ed1775db50 DEOPT PACKING pc=0x000001ed102d447c sp=0x000000ad284fee60
Event: 208.320 Thread 0x000001ed1775db50 DEOPT UNPACKING pc=0x000001ed0fbf4bc2 sp=0x000000ad284fe320 mode 1
Event: 208.441 Thread 0x000001ed66c94c60 DEOPT PACKING pc=0x000001ed102d447c sp=0x000000ad29fff080
Event: 208.441 Thread 0x000001ed66c94c60 DEOPT UNPACKING pc=0x000001ed0fbf4bc2 sp=0x000000ad29ffe540 mode 1
Event: 208.556 Thread 0x000001ed1775db50 DEOPT PACKING pc=0x000001ed102d447c sp=0x000000ad284fee60
Event: 208.556 Thread 0x000001ed1775db50 DEOPT UNPACKING pc=0x000001ed0fbf4bc2 sp=0x000000ad284fe320 mode 1
Event: 208.617 Thread 0x000001ed66c94c60 DEOPT PACKING pc=0x000001ed102d447c sp=0x000000ad29fff080
Event: 208.617 Thread 0x000001ed66c94c60 DEOPT UNPACKING pc=0x000001ed0fbf4bc2 sp=0x000000ad29ffe540 mode 1
Event: 208.797 Thread 0x000001ed1775db50 DEOPT PACKING pc=0x000001ed102d447c sp=0x000000ad284fee60
Event: 208.797 Thread 0x000001ed1775db50 DEOPT UNPACKING pc=0x000001ed0fbf4bc2 sp=0x000000ad284fe320 mode 1
Event: 208.877 Thread 0x000001ed66c94c60 DEOPT PACKING pc=0x000001ed102d447c sp=0x000000ad29fff080
Event: 208.877 Thread 0x000001ed66c94c60 DEOPT UNPACKING pc=0x000001ed0fbf4bc2 sp=0x000000ad29ffe540 mode 1
Event: 209.030 Thread 0x000001ed1775db50 DEOPT PACKING pc=0x000001ed102d447c sp=0x000000ad284fee60
Event: 209.030 Thread 0x000001ed1775db50 DEOPT UNPACKING pc=0x000001ed0fbf4bc2 sp=0x000000ad284fe320 mode 1
Event: 209.083 Thread 0x000001ed66c94c60 DEOPT PACKING pc=0x000001ed102d447c sp=0x000000ad29fff080
Event: 209.083 Thread 0x000001ed66c94c60 DEOPT UNPACKING pc=0x000001ed0fbf4bc2 sp=0x000000ad29ffe540 mode 1
Event: 209.195 Thread 0x000001ed1775db50 DEOPT PACKING pc=0x000001ed102d447c sp=0x000000ad284fee60
Event: 209.196 Thread 0x000001ed1775db50 DEOPT UNPACKING pc=0x000001ed0fbf4bc2 sp=0x000000ad284fe320 mode 1
Event: 209.257 Thread 0x000001ed66c94c60 DEOPT PACKING pc=0x000001ed102d447c sp=0x000000ad29fff080
Event: 209.257 Thread 0x000001ed66c94c60 DEOPT UNPACKING pc=0x000001ed0fbf4bc2 sp=0x000000ad29ffe540 mode 1

Classes loaded (20 events):
Event: 55.558 Loading class java/text/BreakIterator
Event: 55.558 Loading class java/text/BreakIterator done
Event: 55.559 Loading class sun/util/locale/provider/BreakIteratorProviderImpl
Event: 55.559 Loading class sun/util/locale/provider/BreakIteratorProviderImpl done
Event: 55.559 Loading class sun/util/locale/provider/BaseLocaleDataMetaInfo
Event: 55.560 Loading class sun/util/locale/provider/BaseLocaleDataMetaInfo done
Event: 55.562 Loading class sun/util/locale/provider/BreakIteratorProviderImpl$GraphemeBreakIterator
Event: 55.562 Loading class sun/util/locale/provider/BreakIteratorProviderImpl$GraphemeBreakIterator done
Event: 55.562 Loading class java/text/StringCharacterIterator
Event: 55.562 Loading class java/text/StringCharacterIterator done
Event: 55.562 Loading class sun/util/locale/provider/BreakIteratorProviderImpl$CharacterIteratorCharSequence
Event: 55.562 Loading class sun/util/locale/provider/BreakIteratorProviderImpl$CharacterIteratorCharSequence done
Event: 55.562 Loading class java/text/BreakIterator$BreakIteratorCache
Event: 55.562 Loading class java/text/BreakIterator$BreakIteratorCache done
Event: 55.562 Loading class jdk/internal/util/regex/Grapheme
Event: 55.562 Loading class jdk/internal/util/regex/Grapheme done
Event: 132.307 Loading class java/lang/foreign/MemorySegment
Event: 132.312 Loading class java/lang/foreign/MemorySegment done
Event: 143.740 Loading class java/util/HashMap$UnsafeHolder
Event: 143.741 Loading class java/util/HashMap$UnsafeHolder done

Classes unloaded (20 events):
Event: 145.740 Thread 0x000001ed7fe83fe0 Unloading class 0x000001ed1930b400 'java/lang/invoke/LambdaForm$MH+0x000001ed1930b400'
Event: 145.740 Thread 0x000001ed7fe83fe0 Unloading class 0x000001ed192ec400 'java/lang/invoke/LambdaForm$MH+0x000001ed192ec400'
Event: 145.740 Thread 0x000001ed7fe83fe0 Unloading class 0x000001ed1930c800 'java/lang/invoke/LambdaForm$MH+0x000001ed1930c800'
Event: 145.740 Thread 0x000001ed7fe83fe0 Unloading class 0x000001ed1930f800 'java/lang/invoke/LambdaForm$MH+0x000001ed1930f800'
Event: 145.740 Thread 0x000001ed7fe83fe0 Unloading class 0x000001ed1930a000 'java/lang/invoke/LambdaForm$MH+0x000001ed1930a000'
Event: 145.740 Thread 0x000001ed7fe83fe0 Unloading class 0x000001ed1930b800 'jdk/internal/reflect/GeneratedSerializationConstructorAccessor47'
Event: 145.870 Thread 0x000001ed7fe83fe0 Unloading class 0x000001ed1930a000 'java/lang/invoke/LambdaForm$MH+0x000001ed1930a000'
Event: 145.870 Thread 0x000001ed7fe83fe0 Unloading class 0x000001ed1930f800 'java/lang/invoke/LambdaForm$MH+0x000001ed1930f800'
Event: 145.870 Thread 0x000001ed7fe83fe0 Unloading class 0x000001ed1930c800 'java/lang/invoke/LambdaForm$MH+0x000001ed1930c800'
Event: 145.870 Thread 0x000001ed7fe83fe0 Unloading class 0x000001ed192ec400 'java/lang/invoke/LambdaForm$MH+0x000001ed192ec400'
Event: 145.870 Thread 0x000001ed7fe83fe0 Unloading class 0x000001ed1930b400 'java/lang/invoke/LambdaForm$MH+0x000001ed1930b400'
Event: 145.870 Thread 0x000001ed7fe83fe0 Unloading class 0x000001ed192f8000 'java/lang/invoke/LambdaForm$MH+0x000001ed192f8000'
Event: 145.870 Thread 0x000001ed7fe83fe0 Unloading class 0x000001ed192ee400 'java/lang/invoke/LambdaForm$MH+0x000001ed192ee400'
Event: 145.870 Thread 0x000001ed7fe83fe0 Unloading class 0x000001ed192ecc00 'java/lang/invoke/LambdaForm$MH+0x000001ed192ecc00'
Event: 145.870 Thread 0x000001ed7fe83fe0 Unloading class 0x000001ed192a4800 'java/lang/invoke/LambdaForm$MH+0x000001ed192a4800'
Event: 146.782 Thread 0x000001ed7fe83fe0 Unloading class 0x000001ed1930d400 'java/lang/invoke/LambdaForm$MH+0x000001ed1930d400'
Event: 146.782 Thread 0x000001ed7fe83fe0 Unloading class 0x000001ed19000400 'jdk/internal/reflect/GeneratedSerializationConstructorAccessor46'
Event: 146.782 Thread 0x000001ed7fe83fe0 Unloading class 0x000001ed1930a800 'java/lang/invoke/LambdaForm$MH+0x000001ed1930a800'
Event: 146.782 Thread 0x000001ed7fe83fe0 Unloading class 0x000001ed19311000 'jdk/internal/reflect/GeneratedSerializationConstructorAccessor45'
Event: 146.782 Thread 0x000001ed7fe83fe0 Unloading class 0x000001ed191dc800 'jdk/internal/reflect/GeneratedSerializationConstructorAccessor1'

Classes redefined (0 events):
No events

Internal exceptions (20 events):
Event: 208.150 Thread 0x000001ed5d5ef230 Exception <a 'java/lang/OutOfMemoryError'{0x0000000085afa460}> (0x0000000085afa460) 
thrown [s\src\hotspot\share\gc\shared\memAllocator.cpp, line 136]
Event: 208.204 Thread 0x000001ed66c94c60 Exception <a 'java/lang/OutOfMemoryError'{0x0000000085afa460}> (0x0000000085afa460) 
thrown [s\src\hotspot\share\gc\shared\memAllocator.cpp, line 136]
Event: 208.266 Thread 0x000001ed5d5ef230 Exception <a 'java/lang/OutOfMemoryError'{0x0000000085afa460}> (0x0000000085afa460) 
thrown [s\src\hotspot\share\gc\shared\memAllocator.cpp, line 136]
Event: 208.320 Thread 0x000001ed1775db50 Exception <a 'java/lang/OutOfMemoryError'{0x0000000085afa460}> (0x0000000085afa460) 
thrown [s\src\hotspot\share\gc\shared\memAllocator.cpp, line 136]
Event: 208.382 Thread 0x000001ed5d5ef230 Exception <a 'java/lang/OutOfMemoryError'{0x0000000085afa460}> (0x0000000085afa460) 
thrown [s\src\hotspot\share\gc\shared\memAllocator.cpp, line 136]
Event: 208.441 Thread 0x000001ed66c94c60 Exception <a 'java/lang/OutOfMemoryError'{0x0000000085afa460}> (0x0000000085afa460) 
thrown [s\src\hotspot\share\gc\shared\memAllocator.cpp, line 136]
Event: 208.501 Thread 0x000001ed5d5ef230 Exception <a 'java/lang/OutOfMemoryError'{0x0000000085afa460}> (0x0000000085afa460) 
thrown [s\src\hotspot\share\gc\shared\memAllocator.cpp, line 136]
Event: 208.556 Thread 0x000001ed1775db50 Exception <a 'java/lang/OutOfMemoryError'{0x0000000085afa460}> (0x0000000085afa460) 
thrown [s\src\hotspot\share\gc\shared\memAllocator.cpp, line 136]
Event: 208.617 Thread 0x000001ed66c94c60 Exception <a 'java/lang/OutOfMemoryError'{0x0000000085afa460}> (0x0000000085afa460) 
thrown [s\src\hotspot\share\gc\shared\memAllocator.cpp, line 136]
Event: 208.672 Thread 0x000001ed5d5ef230 Exception <a 'java/lang/OutOfMemoryError'{0x0000000085afa460}> (0x0000000085afa460) 
thrown [s\src\hotspot\share\gc\shared\memAllocator.cpp, line 136]
Event: 208.737 Thread 0x000001ed1775db50 Exception <a 'java/lang/OutOfMemoryError'{0x0000000085afa460}> (0x0000000085afa460) 
thrown [s\src\hotspot\share\gc\shared\memAllocator.cpp, line 136]
Event: 208.797 Thread 0x000001ed5d5ef230 Exception <a 'java/lang/OutOfMemoryError'{0x0000000085afa460}> (0x0000000085afa460) 
thrown [s\src\hotspot\share\gc\shared\memAllocator.cpp, line 136]
Event: 208.877 Thread 0x000001ed66c94c60 Exception <a 'java/lang/OutOfMemoryError'{0x0000000085afa460}> (0x0000000085afa460) 
thrown [s\src\hotspot\share\gc\shared\memAllocator.cpp, line 136]
Event: 208.961 Thread 0x000001ed5d5ef230 Exception <a 'java/lang/OutOfMemoryError'{0x0000000085afa460}> (0x0000000085afa460) 
thrown [s\src\hotspot\share\gc\shared\memAllocator.cpp, line 136]
Event: 209.030 Thread 0x000001ed1775db50 Exception <a 'java/lang/OutOfMemoryError'{0x0000000085afa460}> (0x0000000085afa460) 
thrown [s\src\hotspot\share\gc\shared\memAllocator.cpp, line 136]
Event: 209.083 Thread 0x000001ed66c94c60 Exception <a 'java/lang/OutOfMemoryError'{0x0000000085afa460}> (0x0000000085afa460) 
thrown [s\src\hotspot\share\gc\shared\memAllocator.cpp, line 136]
Event: 209.143 Thread 0x000001ed5d5ef230 Exception <a 'java/lang/OutOfMemoryError'{0x0000000085afa460}> (0x0000000085afa460) 
thrown [s\src\hotspot\share\gc\shared\memAllocator.cpp, line 136]
Event: 209.195 Thread 0x000001ed1775db50 Exception <a 'java/lang/OutOfMemoryError'{0x0000000085afa460}> (0x0000000085afa460) 
thrown [s\src\hotspot\share\gc\shared\memAllocator.cpp, line 136]
Event: 209.257 Thread 0x000001ed66c94c60 Exception <a 'java/lang/OutOfMemoryError'{0x0000000085afa460}> (0x0000000085afa460) 
thrown [s\src\hotspot\share\gc\shared\memAllocator.cpp, line 136]
Event: 209.312 Thread 0x000001ed5d5ef230 Exception <a 'java/lang/OutOfMemoryError'{0x0000000085afa460}> (0x0000000085afa460) 
thrown [s\src\hotspot\share\gc\shared\memAllocator.cpp, line 136]

ZGC Phase Switch (0 events):
No events

VM Operations (20 events):
Event: 208.737 Executing safepoint VM operation: G1CollectForAllocation (G1 Evacuation Pause) done
Event: 208.737 Executing safepoint VM operation: G1CollectForAllocation (G1 Evacuation Pause)
Event: 208.797 Executing safepoint VM operation: G1CollectForAllocation (G1 Evacuation Pause) done
Event: 208.797 Executing safepoint VM operation: G1CollectForAllocation (G1 Evacuation Pause)
Event: 208.877 Executing safepoint VM operation: G1CollectForAllocation (G1 Evacuation Pause) done
Event: 208.877 Executing safepoint VM operation: G1CollectForAllocation (G1 Evacuation Pause)
Event: 208.961 Executing safepoint VM operation: G1CollectForAllocation (G1 Evacuation Pause) done
Event: 208.961 Executing safepoint VM operation: G1CollectForAllocation (G1 Evacuation Pause)
Event: 209.030 Executing safepoint VM operation: G1CollectForAllocation (G1 Evacuation Pause) done
Event: 209.030 Executing safepoint VM operation: G1CollectForAllocation (G1 Evacuation Pause)
Event: 209.083 Executing safepoint VM operation: G1CollectForAllocation (G1 Evacuation Pause) done
Event: 209.083 Executing safepoint VM operation: G1CollectForAllocation (G1 Evacuation Pause)
Event: 209.143 Executing safepoint VM operation: G1CollectForAllocation (G1 Evacuation Pause) done
Event: 209.143 Executing safepoint VM operation: G1CollectForAllocation (G1 Evacuation Pause)
Event: 209.195 Executing safepoint VM operation: G1CollectForAllocation (G1 Evacuation Pause) done
Event: 209.196 Executing safepoint VM operation: G1CollectForAllocation (G1 Evacuation Pause)
Event: 209.257 Executing safepoint VM operation: G1CollectForAllocation (G1 Evacuation Pause) done
Event: 209.257 Executing safepoint VM operation: G1CollectForAllocation (G1 Evacuation Pause)
Event: 209.311 Executing safepoint VM operation: G1CollectForAllocation (G1 Evacuation Pause) done
Event: 209.312 Executing safepoint VM operation: G1CollectForAllocation (G1 Evacuation Pause)

Memory protections (0 events):
No events

Nmethod flushes (20 events):
Event: 164.654 Thread 0x000001ed7fe83fe0 flushing  nmethod 0x000001ed08734990
Event: 164.654 Thread 0x000001ed7fe83fe0 flushing  nmethod 0x000001ed08735990
Event: 164.654 Thread 0x000001ed7fe83fe0 flushing  nmethod 0x000001ed08736310
Event: 164.654 Thread 0x000001ed7fe83fe0 flushing  nmethod 0x000001ed08749190
Event: 164.654 Thread 0x000001ed7fe83fe0 flushing  nmethod 0x000001ed0892e610
Event: 164.654 Thread 0x000001ed7fe83fe0 flushing  nmethod 0x000001ed08e68e90
Event: 164.654 Thread 0x000001ed7fe83fe0 flushing  nmethod 0x000001ed091f2290
Event: 164.654 Thread 0x000001ed7fe83fe0 flushing  nmethod 0x000001ed092d8b10
Event: 164.654 Thread 0x000001ed7fe83fe0 flushing  nmethod 0x000001ed0940aa90
Event: 164.654 Thread 0x000001ed7fe83fe0 flushing  nmethod 0x000001ed0940d610
Event: 164.654 Thread 0x000001ed7fe83fe0 flushing  nmethod 0x000001ed1019b390
Event: 164.654 Thread 0x000001ed7fe83fe0 flushing  nmethod 0x000001ed102bfa10
Event: 164.654 Thread 0x000001ed7fe83fe0 flushing  nmethod 0x000001ed103b5410
Event: 164.654 Thread 0x000001ed7fe83fe0 flushing  nmethod 0x000001ed08677310
Event: 164.654 Thread 0x000001ed7fe83fe0 flushing  nmethod 0x000001ed08691a90
Event: 164.654 Thread 0x000001ed7fe83fe0 flushing  nmethod 0x000001ed087e2110
Event: 164.654 Thread 0x000001ed7fe83fe0 flushing  nmethod 0x000001ed0903ad90
Event: 164.654 Thread 0x000001ed7fe83fe0 flushing  nmethod 0x000001ed0907f910
Event: 166.896 Thread 0x000001ed7fe83fe0 flushing  nmethod 0x000001ed08827390
Event: 168.806 Thread 0x000001ed7fe83fe0 flushing  nmethod 0x000001ed08d2b810

Events (20 events):
Event: 74.711 Thread 0x000001ed7feaca20 Thread added: 0x000001ed68a2e5a0
Event: 75.711 Thread 0x000001ed68a2e5a0 Thread exited: 0x000001ed68a2e5a0
Event: 122.385 Thread 0x000001ed7feaca20 Thread added: 0x000001ed672f5110
Event: 122.707 Thread 0x000001ed672f5110 Thread exited: 0x000001ed672f5110
Event: 133.148 Thread 0x000001ed7feaca20 Thread added: 0x000001ed6d466790
Event: 133.148 Thread 0x000001ed7feaca20 Thread added: 0x000001ed672f5110
Event: 133.716 Thread 0x000001ed672f5110 Thread exited: 0x000001ed672f5110
Event: 133.723 Thread 0x000001ed6d466790 Thread exited: 0x000001ed6d466790
Event: 134.814 Thread 0x000001ed7feabe50 Thread added: 0x000001ed6d466790
Event: 135.305 Thread 0x000001ed6d466790 Thread exited: 0x000001ed6d466790
Event: 135.355 Thread 0x000001ed7feaca20 Thread added: 0x000001ed6d466790
Event: 135.355 Thread 0x000001ed7feaca20 Thread added: 0x000001ed672f5110
Event: 135.563 Thread 0x000001ed672f5110 Thread exited: 0x000001ed672f5110
Event: 135.563 Thread 0x000001ed6d466790 Thread exited: 0x000001ed6d466790
Event: 143.758 Thread 0x000001ed7feaca20 Thread added: 0x000001ed6d466790
Event: 143.852 Thread 0x000001ed7feaca20 Thread added: 0x000001ed672f5110
Event: 144.885 Thread 0x000001ed672f5110 Thread exited: 0x000001ed672f5110
Event: 144.885 Thread 0x000001ed6d466790 Thread exited: 0x000001ed6d466790
Event: 146.301 Thread 0x000001ed5d5eebc0 Thread exited: 0x000001ed5d5eebc0
Event: 147.169 Thread 0x000001ed6692d7f0 Thread exited: 0x000001ed6692d7f0


Dynamic libraries:
0x00007ff65f6e0000 - 0x00007ff65f6ee000 	C:\Users\Admin\.jdks\ms-21.0.11\bin\java.exe
0x00007ffbe1380000 - 0x00007ffbe15e7000 	C:\Windows\SYSTEM32\ntdll.dll
0x00007ffbe0870000 - 0x00007ffbe0939000 	C:\Windows\System32\KERNEL32.DLL
0x00007ffbded00000 - 0x00007ffbdf0f7000 	C:\Windows\System32\KERNELBASE.dll
0x00007ffbdea50000 - 0x00007ffbdeb9b000 	C:\Windows\System32\ucrtbase.dll
0x00007ffbd6790000 - 0x00007ffbd67a8000 	C:\Users\Admin\.jdks\ms-21.0.11\bin\jli.dll
0x00007ffbd66c0000 - 0x00007ffbd66de000 	C:\Users\Admin\.jdks\ms-21.0.11\bin\VCRUNTIME140.dll
0x00007ffbdfa00000 - 0x00007ffbdfbc6000 	C:\Windows\System32\USER32.dll
0x00007ffbdeba0000 - 0x00007ffbdebc7000 	C:\Windows\System32\win32u.dll
0x00007ffbdf180000 - 0x00007ffbdf1ab000 	C:\Windows\System32\GDI32.dll
0x00007ffbdebd0000 - 0x00007ffbdecfc000 	C:\Windows\System32\gdi32full.dll
0x00007ffbdde70000 - 0x00007ffbddf13000 	C:\Windows\System32\msvcp_win.dll
0x00007ffbc96a0000 - 0x00007ffbc9932000 	C:\Windows\WinSxS\amd64_microsoft.windows.common-controls_6595b64144ccf1df_6.0.26100.8457_none_3e0b2faee331e92d\COMCTL32.dll
0x00007ffbdf1b0000 - 0x00007ffbdf259000 	C:\Windows\System32\msvcrt.dll
0x00007ffbdff60000 - 0x00007ffbdff92000 	C:\Windows\System32\IMM32.DLL
0x00007ffbd5240000 - 0x00007ffbd524c000 	C:\Users\Admin\.jdks\ms-21.0.11\bin\vcruntime140_1.dll
0x00007ffbd23f0000 - 0x00007ffbd2479000 	C:\Users\Admin\.jdks\ms-21.0.11\bin\msvcp140.dll
0x00007ffb88770000 - 0x00007ffb8951e000 	C:\Users\Admin\.jdks\ms-21.0.11\bin\server\jvm.dll
0x00007ffbe10f0000 - 0x00007ffbe11a6000 	C:\Windows\System32\ADVAPI32.dll
0x00007ffbe0c10000 - 0x00007ffbe0cb7000 	C:\Windows\System32\sechost.dll
0x00007ffbdfce0000 - 0x00007ffbdfdf8000 	C:\Windows\System32\RPCRT4.dll
0x00007ffbe07e0000 - 0x00007ffbe0860000 	C:\Windows\System32\WS2_32.dll
0x00007ffbd2c90000 - 0x00007ffbd2cc6000 	C:\Windows\SYSTEM32\WINMM.dll
0x00007ffbddc30000 - 0x00007ffbddc8e000 	C:\Windows\SYSTEM32\POWRPROF.dll
0x00007ffbd6620000 - 0x00007ffbd662b000 	C:\Windows\SYSTEM32\VERSION.dll
0x00007ffbddc10000 - 0x00007ffbddc24000 	C:\Windows\SYSTEM32\UMPDC.dll
0x00007ffbdcb20000 - 0x00007ffbdcb3b000 	C:\Windows\SYSTEM32\kernel.appcore.dll
0x00007ffbd5200000 - 0x00007ffbd520a000 	C:\Users\Admin\.jdks\ms-21.0.11\bin\jimage.dll
0x00007ffbdb950000 - 0x00007ffbdbb92000 	C:\Windows\SYSTEM32\DBGHELP.DLL
0x00007ffbe0d50000 - 0x00007ffbe10d3000 	C:\Windows\System32\combase.dll
0x00007ffbdf920000 - 0x00007ffbdf9f9000 	C:\Windows\System32\OLEAUT32.dll
0x00007ffbbb220000 - 0x00007ffbbb25b000 	C:\Windows\SYSTEM32\dbgcore.DLL
0x00007ffbde9a0000 - 0x00007ffbdea48000 	C:\Windows\System32\bcryptPrimitives.dll
0x00007ffbd4d00000 - 0x00007ffbd4d21000 	C:\Users\Admin\.jdks\ms-21.0.11\bin\java.dll
0x00007ffbdffa0000 - 0x00007ffbe070e000 	C:\Windows\System32\SHELL32.dll
0x00007ffbddfb0000 - 0x00007ffbde81c000 	C:\Windows\System32\windows.storage.dll
0x00007ffbdfe60000 - 0x00007ffbdff56000 	C:\Windows\System32\SHCORE.dll
0x00007ffbe0b20000 - 0x00007ffbe0b86000 	C:\Windows\System32\shlwapi.dll
0x00007ffbddcd0000 - 0x00007ffbddcf9000 	C:\Windows\SYSTEM32\profapi.dll
0x00007ffbc0800000 - 0x00007ffbc08d6000 	C:\Users\Admin\.jdks\ms-21.0.11\bin\jsvml.dll
0x00007ffbd29c0000 - 0x00007ffbd29d1000 	C:\Users\Admin\.jdks\ms-21.0.11\bin\net.dll
0x00007ffbd6390000 - 0x00007ffbd64b9000 	C:\Windows\SYSTEM32\WINHTTP.dll
0x00007ffbdd0b0000 - 0x00007ffbdd11c000 	C:\Windows\system32\mswsock.dll
0x00007ffbd2970000 - 0x00007ffbd2986000 	C:\Users\Admin\.jdks\ms-21.0.11\bin\nio.dll
0x00007ffbd29e0000 - 0x00007ffbd29f8000 	C:\Users\Admin\.jdks\ms-21.0.11\bin\zip.dll
0x000001ed17a80000 - 0x000001ed17a83000 	C:\Users\Admin\.openjfx\cache\21+31\amd64\api-ms-win-core-console-l1-1-0.dll
0x000001ed17a90000 - 0x000001ed17a93000 	C:\Users\Admin\.openjfx\cache\21+31\amd64\api-ms-win-core-console-l1-2-0.dll
0x000001ed17aa0000 - 0x000001ed17aa3000 	C:\Users\Admin\.openjfx\cache\21+31\amd64\api-ms-win-core-datetime-l1-1-0.dll
0x000001ed17ab0000 - 0x000001ed17ab3000 	C:\Users\Admin\.openjfx\cache\21+31\amd64\api-ms-win-core-debug-l1-1-0.dll
0x000001ed17ac0000 - 0x000001ed17ac3000 	C:\Users\Admin\.openjfx\cache\21+31\amd64\api-ms-win-core-errorhandling-l1-1-0.dll
0x000001ed17ad0000 - 0x000001ed17ad4000 	C:\Users\Admin\.openjfx\cache\21+31\amd64\api-ms-win-core-file-l1-1-0.dll
0x000001ed17ae0000 - 0x000001ed17ae3000 	C:\Users\Admin\.openjfx\cache\21+31\amd64\api-ms-win-core-file-l1-2-0.dll
0x000001ed17af0000 - 0x000001ed17af3000 	C:\Users\Admin\.openjfx\cache\21+31\amd64\api-ms-win-core-file-l2-1-0.dll
0x000001ed17b00000 - 0x000001ed17b03000 	C:\Users\Admin\.openjfx\cache\21+31\amd64\api-ms-win-core-handle-l1-1-0.dll
0x000001ed17b10000 - 0x000001ed17b13000 	C:\Users\Admin\.openjfx\cache\21+31\amd64\api-ms-win-core-heap-l1-1-0.dll
0x000001ed17b20000 - 0x000001ed17b23000 	C:\Users\Admin\.openjfx\cache\21+31\amd64\api-ms-win-core-interlocked-l1-1-0.dll
0x000001ed17b30000 - 0x000001ed17b33000 	C:\Users\Admin\.openjfx\cache\21+31\amd64\api-ms-win-core-libraryloader-l1-1-0.dll
0x000001ed17b40000 - 0x000001ed17b43000 	C:\Users\Admin\.openjfx\cache\21+31\amd64\api-ms-win-core-localization-l1-2-0.dll
0x000001ed17b50000 - 0x000001ed17b53000 	C:\Users\Admin\.openjfx\cache\21+31\amd64\api-ms-win-core-memory-l1-1-0.dll
0x000001ed17b60000 - 0x000001ed17b63000 	C:\Users\Admin\.openjfx\cache\21+31\amd64\api-ms-win-core-namedpipe-l1-1-0.dll
0x000001ed17b70000 - 0x000001ed17b73000 	C:\Users\Admin\.openjfx\cache\21+31\amd64\api-ms-win-core-processenvironment-l1-1-0.dll
0x000001ed17b80000 - 0x000001ed17b83000 	C:\Users\Admin\.openjfx\cache\21+31\amd64\api-ms-win-core-processthreads-l1-1-0.dll
0x000001ed17b90000 - 0x000001ed17b93000 	C:\Users\Admin\.openjfx\cache\21+31\amd64\api-ms-win-core-processthreads-l1-1-1.dll
0x000001ed17ba0000 - 0x000001ed17ba3000 	C:\Users\Admin\.openjfx\cache\21+31\amd64\api-ms-win-core-profile-l1-1-0.dll
0x000001ed17bb0000 - 0x000001ed17bb3000 	C:\Users\Admin\.openjfx\cache\21+31\amd64\api-ms-win-core-rtlsupport-l1-1-0.dll
0x000001ed17bc0000 - 0x000001ed17bc3000 	C:\Users\Admin\.openjfx\cache\21+31\amd64\api-ms-win-core-string-l1-1-0.dll
0x000001ed17bd0000 - 0x000001ed17bd3000 	C:\Users\Admin\.openjfx\cache\21+31\amd64\api-ms-win-core-synch-l1-1-0.dll
0x000001ed17be0000 - 0x000001ed17be3000 	C:\Users\Admin\.openjfx\cache\21+31\amd64\api-ms-win-core-synch-l1-2-0.dll
0x000001ed17bf0000 - 0x000001ed17bf3000 	C:\Users\Admin\.openjfx\cache\21+31\amd64\api-ms-win-core-sysinfo-l1-1-0.dll
0x000001ed17c00000 - 0x000001ed17c03000 	C:\Users\Admin\.openjfx\cache\21+31\amd64\api-ms-win-core-timezone-l1-1-0.dll
0x000001ed17c10000 - 0x000001ed17c13000 	C:\Users\Admin\.openjfx\cache\21+31\amd64\api-ms-win-core-util-l1-1-0.dll
0x000001ed17c20000 - 0x000001ed17c23000 	C:\Users\Admin\.openjfx\cache\21+31\amd64\api-ms-win-crt-conio-l1-1-0.dll
0x000001ed17c30000 - 0x000001ed17c34000 	C:\Users\Admin\.openjfx\cache\21+31\amd64\api-ms-win-crt-convert-l1-1-0.dll
0x000001ed17c40000 - 0x000001ed17c43000 	C:\Users\Admin\.openjfx\cache\21+31\amd64\api-ms-win-crt-environment-l1-1-0.dll
0x000001ed17c50000 - 0x000001ed17c53000 	C:\Users\Admin\.openjfx\cache\21+31\amd64\api-ms-win-crt-filesystem-l1-1-0.dll
0x000001ed17c60000 - 0x000001ed17c63000 	C:\Users\Admin\.openjfx\cache\21+31\amd64\api-ms-win-crt-heap-l1-1-0.dll
0x000001ed17c70000 - 0x000001ed17c73000 	C:\Users\Admin\.openjfx\cache\21+31\amd64\api-ms-win-crt-locale-l1-1-0.dll
0x000001ed17c80000 - 0x000001ed17c85000 	C:\Users\Admin\.openjfx\cache\21+31\amd64\api-ms-win-crt-math-l1-1-0.dll
0x000001ed17c90000 - 0x000001ed17c95000 	C:\Users\Admin\.openjfx\cache\21+31\amd64\api-ms-win-crt-multibyte-l1-1-0.dll
0x000001ed17ca0000 - 0x000001ed17cb0000 	C:\Users\Admin\.openjfx\cache\21+31\amd64\api-ms-win-crt-private-l1-1-0.dll
0x000001ed17cb0000 - 0x000001ed17cb3000 	C:\Users\Admin\.openjfx\cache\21+31\amd64\api-ms-win-crt-process-l1-1-0.dll
0x000001ed17cc0000 - 0x000001ed17cc4000 	C:\Users\Admin\.openjfx\cache\21+31\amd64\api-ms-win-crt-runtime-l1-1-0.dll
0x000001ed17cd0000 - 0x000001ed17cd4000 	C:\Users\Admin\.openjfx\cache\21+31\amd64\api-ms-win-crt-stdio-l1-1-0.dll
0x000001ed17ce0000 - 0x000001ed17ce4000 	C:\Users\Admin\.openjfx\cache\21+31\amd64\api-ms-win-crt-string-l1-1-0.dll
0x000001ed17cf0000 - 0x000001ed17cf3000 	C:\Users\Admin\.openjfx\cache\21+31\amd64\api-ms-win-crt-time-l1-1-0.dll
0x000001ed17d00000 - 0x000001ed17d03000 	C:\Users\Admin\.openjfx\cache\21+31\amd64\api-ms-win-crt-utility-l1-1-0.dll
0x00007ffbaadf0000 - 0x00007ffbaaeec000 	C:\Users\Admin\.openjfx\cache\21+31\amd64\ucrtbase.dll
0x00007ffbcc9b0000 - 0x00007ffbcc9cb000 	C:\Users\Admin\.openjfx\cache\21+31\amd64\vcruntime140.dll
0x00007ffbd4cf0000 - 0x00007ffbd4cfc000 	C:\Users\Admin\.openjfx\cache\21+31\amd64\vcruntime140_1.dll
0x00007ffbac160000 - 0x00007ffbac1ee000 	C:\Users\Admin\.openjfx\cache\21+31\amd64\msvcp140.dll
0x00007ffbe0960000 - 0x00007ffbe0af7000 	C:\Windows\System32\ole32.dll
0x00007ffbd23c0000 - 0x00007ffbd23c9000 	C:\Users\Admin\.openjfx\cache\21+31\amd64\msvcp140_1.dll
0x00007ffbab030000 - 0x00007ffbab05f000 	C:\Users\Admin\.openjfx\cache\21+31\amd64\msvcp140_2.dll
0x00007ffbab000000 - 0x00007ffbab02f000 	C:\Users\Admin\.openjfx\cache\21+31\amd64\prism_d3d.dll
0x00007ffb7c300000 - 0x00007ffb7c4b3000 	C:\Windows\system32\d3d9.dll
0x00007ffbdb630000 - 0x00007ffbdb65f000 	C:\Windows\SYSTEM32\dwmapi.dll
0x00007ffbdb470000 - 0x00007ffbdb4b5000 	C:\Windows\SYSTEM32\dxcore.dll
0x00007ffbdb370000 - 0x00007ffbdb41a000 	C:\Windows\system32\uxtheme.dll
0x00007ffb82650000 - 0x00007ffb82710000 	C:\Windows\SYSTEM32\d3d9on12.dll
0x00007ffbdb4c0000 - 0x00007ffbdb5fe000 	C:\Windows\SYSTEM32\dxgi.dll
0x00007ffb843b0000 - 0x00007ffb843d5000 	C:\Windows\SYSTEM32\d3d12.dll
0x00007ffbdd8f0000 - 0x00007ffbdd941000 	C:\Windows\SYSTEM32\cfgmgr32.dll
0x00007ffb7bfa0000 - 0x00007ffb7c2f8000 	C:\Windows\SYSTEM32\D3D12Core.dll
0x00007ffb82d30000 - 0x00007ffb82d57000 	C:\Windows\System32\DriverStore\FileRepository\iigd_dch.inf_amd64_c73cfa60d516cb00\igd12umd64.dll
0x00007ffb78ec0000 - 0x00007ffb79d42000 	C:\Windows\System32\DriverStore\FileRepository\iigd_dch.inf_amd64_c73cfa60d516cb00\igd12um64xel.dll
0x00007ffbde820000 - 0x00007ffbde998000 	C:\Windows\System32\CRYPT32.dll
0x00007ffbddca0000 - 0x00007ffbddcca000 	C:\Windows\SYSTEM32\bcrypt.dll
0x00007ffbd1d30000 - 0x00007ffbd1d7e000 	C:\Windows\SYSTEM32\ControlLib.dll
0x00007ffbb8880000 - 0x00007ffbb88f6000 	C:\Windows\System32\DriverStore\FileRepository\iigd_dch.inf_amd64_c73cfa60d516cb00\IntelControlLib.dll
0x00007ffbdf260000 - 0x00007ffbdf6e7000 	C:\Windows\System32\SETUPAPI.dll
0x00007ffbdd950000 - 0x00007ffbdd97d000 	C:\Windows\SYSTEM32\DEVOBJ.dll
0x00007ffbddf20000 - 0x00007ffbddfa2000 	C:\Windows\System32\WINTRUST.dll
0x00007ffbdd400000 - 0x00007ffbdd413000 	C:\Windows\SYSTEM32\MSASN1.dll
0x00007ffbd6510000 - 0x00007ffbd6571000 	C:\Windows\SYSTEM32\directxdatabasehelper.dll
0x00007ffbd1740000 - 0x00007ffbd1b55000 	C:\Windows\System32\DriverStore\FileRepository\iigd_dch.inf_amd64_c73cfa60d516cb00\igdgmm64.dll
0x00007ffbcd070000 - 0x00007ffbd15ef000 	C:\Windows\System32\DriverStore\FileRepository\iigd_dch.inf_amd64_c73cfa60d516cb00\igc64.dll
0x00007ffb7beb0000 - 0x00007ffb7bf95000 	C:\Windows\SYSTEM32\D3DSCache.dll
0x00007ffbdd160000 - 0x00007ffbdd193000 	C:\Windows\SYSTEM32\USERENV.dll
0x00007ffb93c60000 - 0x00007ffb97437000 	C:\Windows\System32\DriverStore\FileRepository\iigd_dch.inf_amd64_c73cfa60d516cb00\igd12dxva64.dll
0x00007ffbd4d70000 - 0x00007ffbd4d97000 	C:\Windows\System32\DriverStore\FileRepository\iigd_dch.inf_amd64_c73cfa60d516cb00\igdinfo64.dll
0x00007ffbaafb0000 - 0x00007ffbaaff2000 	C:\Users\Admin\.openjfx\cache\21+31\amd64\glass.dll
0x00007ffbdfbe0000 - 0x00007ffbdfcd0000 	C:\Windows\System32\COMDLG32.dll
0x00007ffbe11b0000 - 0x00007ffbe130c000 	C:\Windows\System32\MSCTF.dll
0x00007ffbdc540000 - 0x00007ffbdc672000 	C:\Windows\SYSTEM32\DNSAPI.dll
0x00007ffbdc4f0000 - 0x00007ffbdc522000 	C:\Windows\SYSTEM32\IPHLPAPI.DLL
0x00007ffbe0b10000 - 0x00007ffbe0b1a000 	C:\Windows\System32\NSI.dll
0x00007ffbd6c10000 - 0x00007ffbd6c1b000 	C:\Windows\System32\rasadhlp.dll
0x00007ffbd7b20000 - 0x00007ffbd7ba6000 	C:\Windows\System32\fwpuclnt.dll

JVMTI agents: none

dbghelp: loaded successfully - version: 4.0.5 - missing functions: none
symbol engine: initialized successfully - sym options: 0x614 - pdb path: .;C:\Users\Admin\.jdks\ms-21.0.11\bin;C:\Windows\SYSTEM32;C:\Windows\WinSxS\amd64_microsoft.windows.common-controls_6595b64144ccf1df_6.0.26100.8457_none_3e0b2faee331e92d;C:\Users\Admin\.jdks\ms-21.0.11\bin\server;C:\Users\Admin\.openjfx\cache\21+31\amd64;C:\Windows\System32\DriverStore\FileRepository\iigd_dch.inf_amd64_c73cfa60d516cb00;C:\Program Files\Common Files\Microsoft Shared\Ink

VM Arguments:
jvm_args: -Dfile.encoding=IBM437 --module-path=C:\Users\Admin\.m2\repository\org\openjfx\javafx-base\21\javafx-base-21-win.jar;C:\Users\Admin\.m2\repository\org\openjfx\javafx-base\21\javafx-base-21.jar;C:\Users\Admin\.m2\repository\org\openjfx\javafx-controls\21\javafx-controls-21-win.jar;C:\Users\Admin\.m2\repository\org\openjfx\javafx-controls\21\javafx-controls-21.jar;C:\Users\Admin\.m2\repository\org\openjfx\javafx-fxml\21\javafx-fxml-21-win.jar;C:\Users\Admin\.m2\repository\org\openjfx\javafx-fxml\21\javafx-fxml-21.jar;C:\Users\Admin\.m2\repository\org\openjfx\javafx-graphics\21\javafx-graphics-21-win.jar;C:\Users\Admin\.m2\repository\org\openjfx\javafx-graphics\21\javafx-graphics-21.jar --add-modules=javafx.base,javafx.controls,javafx.fxml,javafx.graphics 
java_command: com.uet.auction.client.AuctionApplication
java_class_path (initial): C:\baitaplondaugiatructuyen2\target\classes;C:\Users\Admin\.m2\repository\com\google\code\gson\gson\2.10.1\gson-2.10.1.jar;C:\Users\Admin\.m2\repository\com\google\protobuf\protobuf-java\3.21.9\protobuf-java-3.21.9.jar;C:\Users\Admin\.m2\repository\com\mysql\mysql-connector-j\8.0.33\mysql-connector-j-8.0.33.jar
Launcher Type: SUN_STANDARD

[Global flags]
     intx CICompilerCount                          = 4                                         {product} {ergonomic}
     uint ConcGCThreads                            = 3                                         {product} {ergonomic}
     uint G1ConcRefinementThreads                  = 10                                        {product} {ergonomic}
   size_t G1HeapRegionSize                         = 1048576                                   {product} {ergonomic}
    uintx GCDrainStackTargetSize                   = 64                                        {product} {ergonomic}
   size_t InitialHeapSize                          = 130023424                                 {product} {ergonomic}
   size_t MarkStackSize                            = 4194304                                   {product} {ergonomic}
   size_t MaxHeapSize                              = 2071986176                                {product} {ergonomic}
   size_t MaxNewSize                               = 1242562560                                {product} {ergonomic}
   size_t MinHeapDeltaBytes                        = 1048576                                   {product} {ergonomic}
   size_t MinHeapSize                              = 8388608                                   {product} {ergonomic}
    uintx NonNMethodCodeHeapSize                   = 5839372                                {pd product} {ergonomic}
    uintx NonProfiledCodeHeapSize                  = 122909434                              {pd product} {ergonomic}
    uintx ProfiledCodeHeapSize                     = 122909434                              {pd product} {ergonomic}
    uintx ReservedCodeCacheSize                    = 251658240                              {pd product} {ergonomic}
     bool SegmentedCodeCache                       = true                                      {product} {ergonomic}
   size_t SoftMaxHeapSize                          = 2071986176                             {manageable} {ergonomic}
     bool UseCompressedOops                        = true                           {product lp64_product} {ergonomic}
     bool UseG1GC                                  = true                                      {product} {ergonomic}
     bool UseLargePagesIndividualAllocation        = false                                  {pd product} {ergonomic}

Logging:
Log output configuration:
 #0: stdout all=warning uptime,level,tags foldmultilines=false
 #1: stderr all=off uptime,level,tags foldmultilines=false

Release file:
IMPLEMENTOR="Microsoft" 
IMPLEMENTOR_VERSION="Microsoft-13877171" 
JAVA_RUNTIME_VERSION="21.0.11+10-LTS" 
JAVA_VERSION="21.0.11" 
JAVA_VERSION_DATE="2026-04-21" 
LIBC="default" 
MODULES="java.base java.compiler java.datatransfer java.xml java.prefs java.desktop java.instrument java.logging java.management java.security.sasl java.naming java.rmi java.management.rmi java.net.http java.scripting java.security.jgss java.transaction.xa java.sql java.sql.rowset java.xml.crypto java.se java.smartcardio jdk.accessibility jdk.internal.jvmstat jdk.attach jdk.charsets jdk.internal.opt jdk.zipfs jdk.compiler jdk.crypto.ec jdk.crypto.cryptoki jdk.crypto.mscapi jdk.dynalink jdk.internal.ed jdk.editpad jdk.hotspot.agent jdk.httpserver jdk.incubator.vector jdk.internal.le jdk.internal.vm.ci jdk.internal.vm.compiler jdk.internal.vm.compiler.management jdk.jartool jdk.javadoc jdk.jcmd jdk.management jdk.management.agent jdk.jconsole jdk.jdeps jdk.jdwp.agent jdk.jdi jdk.jfr jdk.jlink jdk.jpackage jdk.jshell jdk.jsobject jdk.jstatd jdk.localedata jdk.management.jfr jdk.naming.dns jdk.naming.rmi jdk.net jdk.nio.mapmode jdk.random jdk.sctp jdk.security.auth jdk.security.jgss jdk.unsupported jdk.unsupported.desktop jdk.xml.dom" 
OS_ARCH="x86_64" 
OS_NAME="Windows" 
SOURCE=".:git:87e312d67249" 

Environment Variables:
JAVA_HOME=C:\Users\Admin\.jdks\ms-21.0.11
JAVA_TOOL_OPTIONS=-Dfile.encoding=IBM437
PATH=C:\Python314\Scripts\;C:\Python314\;C:\Program Files\Common Files\Oracle\Java\javapath;C:\Windows\system32;C:\Windows;C:\Windows\System32\Wbem;C:\Windows\System32\WindowsPowerShell\v1.0\;C:\Windows\System32\OpenSSH\;C:\Program Files\Java\jdk-25.0.2\bin;C:\Program Files\Git\cmd;C:\Program Files\nodejs\;C:\ProgramData\chocolatey\bin;C:\Users\Admin\AppData\Local\Microsoft\WindowsApps;C:\Users\Admin\AppData\Local\Programs\Microsoft VS Code\bin;C:\Users\Admin\AppData\Roaming\npm;C:\Users\Admin\AppData\Local\GitHubDesktop\bin;C:\Users\Admin\AppData\Local\Programs\cursor\resources\app\bin
USERNAME=Admin
OS=Windows_NT
PROCESSOR_IDENTIFIER=Intel64 Family 6 Model 154 Stepping 4, GenuineIntel
TMP=C:\Users\Admin\AppData\Local\Temp
TEMP=C:\Users\Admin\AppData\Local\Temp




Periodic native trim disabled

---------------  S Y S T E M  ---------------

OS:
 Windows 11 , 64 bit Build 26100 (10.0.26100.8328)
OS uptime: 9 days 22:01 hours
Hyper-V role detected

CPU: total 12 (initial active 12) (6 cores per cpu, 2 threads per core) family 6 model 154 stepping 4 microcode 0x423, cx8, cmov, fxsr, ht, mmx, 3dnowpref, sse, sse2, sse3, ssse3, sse4.1, sse4.2, popcnt, lzcnt, tsc, tscinvbit, avx, avx2, aes, erms, clmul, bmi1, bmi2, adx, sha, fma, vzeroupper, clflush, clflushopt, clwb, hv, serialize, rdtscp, rdpid, fsrm, f16c, cet_ibt, cet_ss
Processor Information for processor 0
  Max Mhz: 1300, Current Mhz: 1300, Mhz Limit: 1300
Processor Information for processor 1
  Max Mhz: 1300, Current Mhz: 1300, Mhz Limit: 1300
Processor Information for processor 2
  Max Mhz: 1300, Current Mhz: 1300, Mhz Limit: 1300
Processor Information for processor 3
  Max Mhz: 1300, Current Mhz: 1300, Mhz Limit: 1300
Processor Information for processor 4
  Max Mhz: 1300, Current Mhz: 900, Mhz Limit: 897
Processor Information for processor 5
  Max Mhz: 1300, Current Mhz: 900, Mhz Limit: 897
Processor Information for processor 6
  Max Mhz: 1300, Current Mhz: 900, Mhz Limit: 897
Processor Information for processor 7
  Max Mhz: 1300, Current Mhz: 900, Mhz Limit: 897
Processor Information for processor 8
  Max Mhz: 1300, Current Mhz: 900, Mhz Limit: 897
Processor Information for processor 9
  Max Mhz: 1300, Current Mhz: 900, Mhz Limit: 897
Processor Information for processor 10
  Max Mhz: 1300, Current Mhz: 900, Mhz Limit: 897
Processor Information for processor 11
  Max Mhz: 1300, Current Mhz: 900, Mhz Limit: 897

Memory: 4k page, system-wide physical 7896M (1625M free)
TotalPageFile size 19959M (AvailPageFile size 2216M)
current process WorkingSet (physical memory assigned to process): 349M, peak: 1069M
current process commit charge ("private bytes"): 2469M, peak: 2588M

vm_info: OpenJDK 64-Bit Server VM (21.0.11+10-LTS) for windows-amd64 JRE (21.0.11+10-LTS), built on 2026-04-18T18:13:49Z by "MicrosoftCorporation" with MS VC++ 17.14 (VS2022)

END.
