version 2
JvmtiExport can_access_local_variables 0
JvmtiExport can_hotswap_or_post_breakpoint 1
JvmtiExport can_post_on_exceptions 0
# 355 ciObject found
instanceKlass com/sun/javafx/text/PrismTextLayout
ciInstanceKlass java/lang/Cloneable 1 0 7 100 1 100 1 1 1
# instanceKlass java/lang/invoke/LambdaForm$DMH+0x00000000810d1000
instanceKlass  @bci com/sun/prism/impl/BaseResourcePool pruneLastChance (Z)V 65 <appendix> argL0 ; # com/sun/prism/impl/BaseResourcePool$$Lambda+0x00000000813ba790
# instanceKlass java/lang/invoke/LambdaForm$MH+0x0000000081111c00
# instanceKlass java/lang/invoke/LambdaForm$MH+0x0000000081111800
# instanceKlass java/lang/invoke/LambdaForm$MH+0x00000000812f8400
# instanceKlass java/lang/invoke/LambdaForm$MH+0x00000000812f8000
# instanceKlass java/lang/invoke/LambdaForm$MH+0x0000000081321c00
# instanceKlass java/lang/invoke/LambdaForm$MH+0x0000000081321800
# instanceKlass java/lang/invoke/LambdaForm$MH+0x0000000081047400
# instanceKlass java/lang/invoke/LambdaForm$MH+0x00000000810c0800
# instanceKlass java/lang/invoke/LambdaForm$MH+0x00000000810c1000
# instanceKlass java/lang/invoke/LambdaForm$DMH+0x00000000810d0000
# instanceKlass java/lang/invoke/LambdaForm$DMH+0x00000000810d1800
# instanceKlass java/lang/invoke/LambdaForm$DMH+0x00000000810d2c00
# instanceKlass java/lang/invoke/LambdaForm$MH+0x00000000810d3c00
# instanceKlass java/lang/invoke/LambdaForm$MH+0x00000000810d4000
# instanceKlass java/lang/invoke/LambdaForm$MH+0x0000000081110c00
# instanceKlass java/lang/invoke/LambdaForm$MH+0x0000000081112400
# instanceKlass java/lang/invoke/LambdaForm$DMH+0x0000000081180c00
# instanceKlass java/lang/invoke/LambdaForm$DMH+0x0000000081184800
# instanceKlass java/lang/invoke/LambdaForm$MH+0x0000000081304400
# instanceKlass java/lang/invoke/LambdaForm$DMH+0x000000008131c800
# instanceKlass java/lang/invoke/LambdaForm$MH+0x000000008131d000
# instanceKlass java/lang/invoke/LambdaForm$MH+0x000000008131dc00
# instanceKlass java/lang/invoke/LambdaForm$DMH+0x0000000081320c00
# instanceKlass java/lang/invoke/LambdaForm$MH+0x00000000813bf800
# instanceKlass java/lang/invoke/LambdaForm$MH+0x00000000813bf400
# instanceKlass java/lang/invoke/LambdaForm$MH+0x00000000813bf000
# instanceKlass java/lang/invoke/LambdaForm$DMH+0x00000000813bec00
# instanceKlass java/lang/invoke/LambdaForm$MH+0x00000000813be800
# instanceKlass java/lang/invoke/LambdaForm$DMH+0x00000000813be400
instanceKlass com/sun/javafx/css/media/MediaRule
# instanceKlass java/lang/invoke/LambdaForm$MH+0x00000000813be000
# instanceKlass java/lang/invoke/LambdaForm$DMH+0x00000000813bdc00
# instanceKlass java/lang/invoke/LambdaForm$MH+0x00000000813bd800
# instanceKlass java/lang/invoke/LambdaForm$MH+0x00000000813bd400
# instanceKlass java/lang/invoke/LambdaForm$DMH+0x00000000813bd000
instanceKlass  @bci com/uet/auction/client/network/ResponseListener run ()V 961 <appendix> member <vmtarget> ; # com/uet/auction/client/network/ResponseListener$$Lambda+0x00000000813ba348
# instanceKlass java/lang/invoke/LambdaForm$MH+0x00000000813bcc00
# instanceKlass java/lang/invoke/LambdaForm$MH+0x00000000813bc800
# instanceKlass java/lang/invoke/LambdaForm$MH+0x00000000813bc400
# instanceKlass java/lang/invoke/LambdaForm$MH+0x00000000813bc000
instanceKlass  @bci javafx/scene/control/Alert <init> (Ljavafx/scene/control/Alert$AlertType;Ljava/lang/String;[Ljavafx/scene/control/ButtonType;)V 193 <appendix> member <vmtarget> ; # javafx/scene/control/Alert$$Lambda+0x00000000813ba118
instanceKlass  @bci javafx/scene/control/Alert <init> (Ljavafx/scene/control/Alert$AlertType;Ljava/lang/String;[Ljavafx/scene/control/ButtonType;)V 46 <appendix> member <vmtarget> ; # javafx/scene/control/Alert$$Lambda+0x00000000813b9ee8
instanceKlass  @bci javafx/scene/control/Alert <init> (Ljavafx/scene/control/Alert$AlertType;Ljava/lang/String;[Ljavafx/scene/control/ButtonType;)V 36 <appendix> member <vmtarget> ; # javafx/scene/control/Alert$$Lambda+0x00000000813b9cb8
instanceKlass  @bci javafx/scene/control/Alert <init> (Ljavafx/scene/control/Alert$AlertType;Ljava/lang/String;[Ljavafx/scene/control/ButtonType;)V 26 <appendix> member <vmtarget> ; # javafx/scene/control/Alert$$Lambda+0x00000000813b9a88
instanceKlass com/uet/auction/client/util/AlertHelper
instanceKlass  @bci com/uet/auction/client/controller/ProfileSellerController onDepositClick ()V 45 <appendix> member <vmtarget> ; # com/uet/auction/client/controller/ProfileSellerController$$Lambda+0x00000000813b8a98
instanceKlass  @bci com/sun/javafx/tk/quantum/WindowStage close ()V 5 <appendix> member <vmtarget> ; # com/sun/javafx/tk/quantum/WindowStage$$Lambda+0x00000000813b8868
instanceKlass com/sun/glass/ui/EventLoop
instanceKlass com/sun/javafx/tk/FontMetrics
instanceKlass com/sun/javafx/font/PrismFontUtils
instanceKlass com/sun/javafx/scene/KeyboardShortcutsHandler$CopyOnWriteMap$1$1
instanceKlass  @bci javafx/scene/control/skin/ButtonBarSkin <init> (Ljavafx/scene/control/ButtonBar;)V 123 <appendix> member <vmtarget> ; # javafx/scene/control/skin/ButtonBarSkin$$Lambda+0x00000000813b6b88
instanceKlass  @bci javafx/scene/control/skin/ButtonBarSkin <init> (Ljavafx/scene/control/ButtonBar;)V 108 <appendix> member <vmtarget> ; # javafx/scene/control/skin/ButtonBarSkin$$Lambda+0x00000000813b6948
instanceKlass  @bci javafx/scene/control/skin/ButtonBarSkin <init> (Ljavafx/scene/control/ButtonBar;)V 93 <appendix> member <vmtarget> ; # javafx/scene/control/skin/ButtonBarSkin$$Lambda+0x00000000813b6718
instanceKlass  @bci javafx/scene/control/skin/ButtonBarSkin <init> (Ljavafx/scene/control/ButtonBar;)V 7 <appendix> member <vmtarget> ; # javafx/scene/control/skin/ButtonBarSkin$$Lambda+0x00000000813b5bb0
instanceKlass javafx/scene/control/DialogPane$StyleableProperties
instanceKlass  @bci javafx/scene/control/TextInputDialog <init> (Ljava/lang/String;)V 208 <appendix> member <vmtarget> ; # javafx/scene/control/TextInputDialog$$Lambda+0x00000000813b4900
instanceKlass  @bci javafx/scene/control/TextInputDialog updateGrid ()V 50 <appendix> member <vmtarget> ; # javafx/scene/control/TextInputDialog$$Lambda+0x00000000813b46d0
instanceKlass  @bci javafx/scene/control/DialogPane createButton (Ljavafx/scene/control/ButtonType;)Ljavafx/scene/Node; 44 <appendix> member <vmtarget> ; # javafx/scene/control/DialogPane$$Lambda+0x00000000813b44a0
instanceKlass javafx/scene/control/ButtonType
instanceKlass javafx/scene/layout/ConstraintsBase
instanceKlass  @bci javafx/scene/control/TextInputDialog <init> (Ljava/lang/String;)V 138 <appendix> member <vmtarget> ; # javafx/scene/control/TextInputDialog$$Lambda+0x00000000813af708
instanceKlass javafx/scene/layout/GridPane$CompositeSize
instanceKlass javafx/scene/layout/GridPane$StyleableProperties
instanceKlass  @bci javafx/scene/control/Dialog$1 <init> (Ljavafx/scene/control/Dialog;Ljava/lang/Object;Ljava/lang/String;Ljavafx/scene/control/DialogPane;)V 25 <appendix> member <vmtarget> ; # javafx/scene/control/Dialog$1$$Lambda+0x00000000813ae788
instanceKlass  @bci javafx/scene/control/Dialog$1 <init> (Ljavafx/scene/control/Dialog;Ljava/lang/Object;Ljava/lang/String;Ljavafx/scene/control/DialogPane;)V 15 <appendix> member <vmtarget> ; # javafx/scene/control/Dialog$1$$Lambda+0x00000000813ae558
instanceKlass  @bci javafx/scene/control/DialogPane createButtonBar ()Ljavafx/scene/Node; 42 <appendix> member <vmtarget> ; # javafx/scene/control/DialogPane$$Lambda+0x00000000813ae328
instanceKlass  @bci javafx/scene/control/DialogPane createButtonBar ()Ljavafx/scene/Node; 26 <appendix> member <vmtarget> ; # javafx/scene/control/DialogPane$$Lambda+0x00000000813ae0f8
instanceKlass  @bci javafx/scene/control/DialogPane <init> ()V 214 <appendix> member <vmtarget> ; # javafx/scene/control/DialogPane$$Lambda+0x00000000813adec8
instanceKlass  @bci javafx/scene/control/Label <init> (Ljava/lang/String;)V 7 <appendix> member <vmtarget> ; # javafx/scene/control/Label$$Lambda+0x00000000813adc98
instanceKlass  @bci javafx/scene/layout/GridPane <init> ()V 53 <appendix> member <vmtarget> ; # javafx/scene/layout/GridPane$$Lambda+0x00000000813ada68
instanceKlass  @bci javafx/scene/layout/GridPane <clinit> ()V 16 <appendix> argL0 ; # javafx/scene/layout/GridPane$$Lambda+0x00000000813ac610
instanceKlass  @bci javafx/scene/control/HeavyweightDialog <init> (Ljavafx/scene/control/Dialog;)V 77 <appendix> member <vmtarget> ; # javafx/scene/control/HeavyweightDialog$$Lambda+0x00000000813a5840
instanceKlass  @bci javafx/scene/control/HeavyweightDialog <init> (Ljavafx/scene/control/Dialog;)V 60 <appendix> member <vmtarget> ; # javafx/scene/control/HeavyweightDialog$$Lambda+0x00000000813a5610
instanceKlass javafx/scene/control/FXDialog
instanceKlass javafx/scene/control/Dialog
instanceKlass com/sun/prism/shader/FillCircle_Color_Loader
instanceKlass com/sun/prism/shader/DrawCircle_Color_Loader
instanceKlass java/lang/FdLibm$Atan
instanceKlass com/sun/prism/shader/FillCircle_LinearGradient_PAD_Loader
instanceKlass com/uet/auction/client/controller/SellerMyProductsController
instanceKlass com/sun/prism/impl/shape/BasicShapeRep
instanceKlass com/sun/javafx/scene/control/ResizeHelper
instanceKlass  @bci javafx/scene/control/skin/TableColumnHeader <init> (Ljavafx/scene/control/TableColumnBase;)V 303 <appendix> member <vmtarget> ; # javafx/scene/control/skin/TableColumnHeader$$Lambda+0x000000008139d928
instanceKlass  @bci javafx/scene/control/skin/TableColumnHeader <init> (Ljavafx/scene/control/TableColumnBase;)V 285 <appendix> member <vmtarget> ; # javafx/scene/control/skin/TableColumnHeader$$Lambda+0x000000008139d6e8
instanceKlass  @bci javafx/scene/control/skin/TableColumnHeader <init> (Ljavafx/scene/control/TableColumnBase;)V 267 <appendix> member <vmtarget> ; # javafx/scene/control/skin/TableColumnHeader$$Lambda+0x000000008139d4a8
instanceKlass  @bci javafx/scene/control/skin/TableColumnHeader <init> (Ljavafx/scene/control/TableColumnBase;)V 250 <appendix> member <vmtarget> ; # javafx/scene/control/skin/TableColumnHeader$$Lambda+0x000000008139d268
instanceKlass  @bci javafx/scene/control/skin/TableColumnHeader <init> (Ljavafx/scene/control/TableColumnBase;)V 233 <appendix> member <vmtarget> ; # javafx/scene/control/skin/TableColumnHeader$$Lambda+0x000000008139d028
instanceKlass  @bci javafx/scene/control/skin/TableColumnHeader <init> (Ljavafx/scene/control/TableColumnBase;)V 216 <appendix> member <vmtarget> ; # javafx/scene/control/skin/TableColumnHeader$$Lambda+0x000000008139cde8
instanceKlass  @bci javafx/scene/control/skin/TableColumnHeader <init> (Ljavafx/scene/control/TableColumnBase;)V 199 <appendix> member <vmtarget> ; # javafx/scene/control/skin/TableColumnHeader$$Lambda+0x000000008139cba8
instanceKlass  @bci javafx/scene/control/skin/TableColumnHeader <init> (Ljavafx/scene/control/TableColumnBase;)V 181 <appendix> member <vmtarget> ; # javafx/scene/control/skin/TableColumnHeader$$Lambda+0x000000008139c968
instanceKlass  @bci javafx/scene/control/skin/TableColumnHeader initUI ()V 23 <appendix> argL0 ; # javafx/scene/control/skin/TableColumnHeader$$Lambda+0x000000008139c740
instanceKlass  @bci javafx/scene/control/skin/TableViewSkin <init> (Ljavafx/scene/control/TableView;)V 273 <appendix> member <vmtarget> ; # javafx/scene/control/skin/TableViewSkin$$Lambda+0x000000008139c500
instanceKlass  @bci javafx/scene/control/skin/TableViewSkin <init> (Ljavafx/scene/control/TableView;)V 259 <appendix> member <vmtarget> ; # javafx/scene/control/skin/TableViewSkin$$Lambda+0x000000008139c2c0
instanceKlass  @bci javafx/scene/control/skin/TableViewSkin <init> (Ljavafx/scene/control/TableView;)V 246 <appendix> member <vmtarget> ; # javafx/scene/control/skin/TableViewSkin$$Lambda+0x000000008139c080
instanceKlass  @bci javafx/scene/control/skin/TableViewSkin <init> (Ljavafx/scene/control/TableView;)V 233 <appendix> member <vmtarget> ; # javafx/scene/control/skin/TableViewSkin$$Lambda+0x000000008139be50
instanceKlass  @bci javafx/scene/control/skin/TableViewSkin <init> (Ljavafx/scene/control/TableView;)V 220 <appendix> member <vmtarget> ; # javafx/scene/control/skin/TableViewSkin$$Lambda+0x000000008139bc20
instanceKlass  @bci javafx/scene/control/skin/TableViewSkin <init> (Ljavafx/scene/control/TableView;)V 207 <appendix> member <vmtarget> ; # javafx/scene/control/skin/TableViewSkin$$Lambda+0x000000008139b9f0
instanceKlass  @bci javafx/scene/control/skin/TableViewSkin <init> (Ljavafx/scene/control/TableView;)V 194 <appendix> member <vmtarget> ; # javafx/scene/control/skin/TableViewSkin$$Lambda+0x000000008139b7c0
instanceKlass  @bci javafx/scene/control/skin/TableViewSkin <init> (Ljavafx/scene/control/TableView;)V 181 <appendix> member <vmtarget> ; # javafx/scene/control/skin/TableViewSkin$$Lambda+0x000000008139b590
instanceKlass  @bci javafx/scene/control/skin/TableViewSkin <init> (Ljavafx/scene/control/TableView;)V 168 <appendix> member <vmtarget> ; # javafx/scene/control/skin/TableViewSkin$$Lambda+0x000000008139b360
instanceKlass  @bci javafx/scene/control/skin/TableViewSkin <init> (Ljavafx/scene/control/TableView;)V 155 <appendix> member <vmtarget> ; # javafx/scene/control/skin/TableViewSkin$$Lambda+0x000000008139b130
instanceKlass  @bci javafx/scene/control/skin/TableViewSkin <init> (Ljavafx/scene/control/TableView;)V 142 <appendix> member <vmtarget> ; # javafx/scene/control/skin/TableViewSkin$$Lambda+0x000000008139af00
instanceKlass  @bci javafx/scene/control/skin/TableViewSkin <init> (Ljavafx/scene/control/TableView;)V 129 <appendix> member <vmtarget> ; # javafx/scene/control/skin/TableViewSkin$$Lambda+0x000000008139acd0
instanceKlass  @bci javafx/scene/control/skin/TableViewSkin <init> (Ljavafx/scene/control/TableView;)V 116 <appendix> member <vmtarget> ; # javafx/scene/control/skin/TableViewSkin$$Lambda+0x000000008139aaa0
instanceKlass  @bci javafx/scene/control/skin/TableViewSkin <init> (Ljavafx/scene/control/TableView;)V 103 <appendix> member <vmtarget> ; # javafx/scene/control/skin/TableViewSkin$$Lambda+0x000000008139a870
instanceKlass  @bci javafx/scene/control/skin/TableViewSkin <init> (Ljavafx/scene/control/TableView;)V 90 <appendix> member <vmtarget> ; # javafx/scene/control/skin/TableViewSkin$$Lambda+0x000000008139a640
instanceKlass  @bci javafx/scene/control/skin/TableViewSkin <init> (Ljavafx/scene/control/TableView;)V 47 <appendix> member <vmtarget> ; # javafx/scene/control/skin/TableViewSkin$$Lambda+0x000000008139a410
instanceKlass  @bci javafx/scene/control/skin/TableViewSkin <init> (Ljavafx/scene/control/TableView;)V 33 <appendix> member <vmtarget> ; # javafx/scene/control/skin/TableViewSkin$$Lambda+0x000000008139a1e0
instanceKlass  @bci com/sun/javafx/scene/control/behavior/TableViewBehavior <init> (Ljavafx/scene/control/TableView;)V 7 <appendix> member <vmtarget> ; # com/sun/javafx/scene/control/behavior/TableViewBehavior$$Lambda+0x0000000081399630
instanceKlass  @bci com/sun/javafx/scene/control/behavior/TableViewBehaviorBase <init> (Ljavafx/scene/control/Control;)V 1914 <appendix> member <vmtarget> ; # com/sun/javafx/scene/control/behavior/TableViewBehaviorBase$$Lambda+0x0000000081399400
instanceKlass  @bci com/sun/javafx/scene/control/behavior/TableViewBehaviorBase <init> (Ljavafx/scene/control/Control;)V 1879 <appendix> argL0 ; # com/sun/javafx/scene/control/behavior/TableViewBehaviorBase$$Lambda+0x00000000813991a8
instanceKlass  @bci com/sun/javafx/scene/control/behavior/TableViewBehaviorBase <init> (Ljavafx/scene/control/Control;)V 1845 <appendix> member <vmtarget> ; # com/sun/javafx/scene/control/behavior/TableViewBehaviorBase$$Lambda+0x0000000081398f78
instanceKlass  @bci com/sun/javafx/scene/control/behavior/TableViewBehaviorBase <init> (Ljavafx/scene/control/Control;)V 1807 <appendix> argL0 ; # com/sun/javafx/scene/control/behavior/TableViewBehaviorBase$$Lambda+0x0000000081398d20
instanceKlass  @bci com/sun/javafx/scene/control/behavior/TableViewBehaviorBase <init> (Ljavafx/scene/control/Control;)V 1773 <appendix> member <vmtarget> ; # com/sun/javafx/scene/control/behavior/TableViewBehaviorBase$$Lambda+0x0000000081398af0
instanceKlass  @bci com/sun/javafx/scene/control/behavior/TableViewBehaviorBase <init> (Ljavafx/scene/control/Control;)V 1751 <appendix> member <vmtarget> ; # com/sun/javafx/scene/control/behavior/TableViewBehaviorBase$$Lambda+0x00000000813988c0
instanceKlass  @bci com/sun/javafx/scene/control/behavior/TableViewBehaviorBase <init> (Ljavafx/scene/control/Control;)V 1731 <appendix> member <vmtarget> ; # com/sun/javafx/scene/control/behavior/TableViewBehaviorBase$$Lambda+0x0000000081398690
instanceKlass  @bci com/sun/javafx/scene/control/behavior/TableViewBehaviorBase <init> (Ljavafx/scene/control/Control;)V 1711 <appendix> member <vmtarget> ; # com/sun/javafx/scene/control/behavior/TableViewBehaviorBase$$Lambda+0x0000000081398460
instanceKlass  @bci com/sun/javafx/scene/control/behavior/TableViewBehaviorBase <init> (Ljavafx/scene/control/Control;)V 1689 <appendix> member <vmtarget> ; # com/sun/javafx/scene/control/behavior/TableViewBehaviorBase$$Lambda+0x0000000081398230
instanceKlass  @bci com/sun/javafx/scene/control/behavior/TableViewBehaviorBase <init> (Ljavafx/scene/control/Control;)V 1669 <appendix> member <vmtarget> ; # com/sun/javafx/scene/control/behavior/TableViewBehaviorBase$$Lambda+0x0000000081398000
instanceKlass  @bci com/sun/javafx/scene/control/behavior/TableViewBehaviorBase <init> (Ljavafx/scene/control/Control;)V 1636 <appendix> member <vmtarget> ; # com/sun/javafx/scene/control/behavior/TableViewBehaviorBase$$Lambda+0x0000000081397c80
instanceKlass  @bci com/sun/javafx/scene/control/behavior/TableViewBehaviorBase <init> (Ljavafx/scene/control/Control;)V 1603 <appendix> member <vmtarget> ; # com/sun/javafx/scene/control/behavior/TableViewBehaviorBase$$Lambda+0x0000000081397a50
instanceKlass  @bci com/sun/javafx/scene/control/behavior/TableViewBehaviorBase <init> (Ljavafx/scene/control/Control;)V 1570 <appendix> member <vmtarget> ; # com/sun/javafx/scene/control/behavior/TableViewBehaviorBase$$Lambda+0x0000000081397820
instanceKlass  @bci com/sun/javafx/scene/control/behavior/TableViewBehaviorBase <init> (Ljavafx/scene/control/Control;)V 1537 <appendix> member <vmtarget> ; # com/sun/javafx/scene/control/behavior/TableViewBehaviorBase$$Lambda+0x00000000813975f0
instanceKlass  @bci com/sun/javafx/scene/control/behavior/TableViewBehaviorBase <init> (Ljavafx/scene/control/Control;)V 1504 <appendix> member <vmtarget> ; # com/sun/javafx/scene/control/behavior/TableViewBehaviorBase$$Lambda+0x00000000813973c0
instanceKlass  @bci com/sun/javafx/scene/control/behavior/TableViewBehaviorBase <init> (Ljavafx/scene/control/Control;)V 1471 <appendix> member <vmtarget> ; # com/sun/javafx/scene/control/behavior/TableViewBehaviorBase$$Lambda+0x0000000081397190
instanceKlass  @bci com/sun/javafx/scene/control/behavior/TableViewBehaviorBase <init> (Ljavafx/scene/control/Control;)V 1438 <appendix> member <vmtarget> ; # com/sun/javafx/scene/control/behavior/TableViewBehaviorBase$$Lambda+0x0000000081396f60
instanceKlass  @bci com/sun/javafx/scene/control/behavior/TableViewBehaviorBase <init> (Ljavafx/scene/control/Control;)V 1405 <appendix> member <vmtarget> ; # com/sun/javafx/scene/control/behavior/TableViewBehaviorBase$$Lambda+0x0000000081396d30
instanceKlass  @bci com/sun/javafx/scene/control/behavior/TableViewBehaviorBase <init> (Ljavafx/scene/control/Control;)V 1375 <appendix> member <vmtarget> ; # com/sun/javafx/scene/control/behavior/TableViewBehaviorBase$$Lambda+0x0000000081396b00
instanceKlass  @bci com/sun/javafx/scene/control/behavior/TableViewBehaviorBase <init> (Ljavafx/scene/control/Control;)V 1345 <appendix> member <vmtarget> ; # com/sun/javafx/scene/control/behavior/TableViewBehaviorBase$$Lambda+0x00000000813968d0
instanceKlass  @bci com/sun/javafx/scene/control/behavior/TableViewBehaviorBase <init> (Ljavafx/scene/control/Control;)V 1315 <appendix> member <vmtarget> ; # com/sun/javafx/scene/control/behavior/TableViewBehaviorBase$$Lambda+0x00000000813966a0
instanceKlass  @bci com/sun/javafx/scene/control/behavior/TableViewBehaviorBase <init> (Ljavafx/scene/control/Control;)V 1285 <appendix> member <vmtarget> ; # com/sun/javafx/scene/control/behavior/TableViewBehaviorBase$$Lambda+0x0000000081396470
instanceKlass  @bci com/sun/javafx/scene/control/behavior/TableViewBehaviorBase <init> (Ljavafx/scene/control/Control;)V 1255 <appendix> member <vmtarget> ; # com/sun/javafx/scene/control/behavior/TableViewBehaviorBase$$Lambda+0x0000000081396240
instanceKlass  @bci com/sun/javafx/scene/control/behavior/TableViewBehaviorBase <init> (Ljavafx/scene/control/Control;)V 1225 <appendix> member <vmtarget> ; # com/sun/javafx/scene/control/behavior/TableViewBehaviorBase$$Lambda+0x0000000081396010
instanceKlass  @bci com/sun/javafx/scene/control/behavior/TableViewBehaviorBase <init> (Ljavafx/scene/control/Control;)V 1195 <appendix> member <vmtarget> ; # com/sun/javafx/scene/control/behavior/TableViewBehaviorBase$$Lambda+0x0000000081395de0
instanceKlass  @bci com/sun/javafx/scene/control/behavior/TableViewBehaviorBase <init> (Ljavafx/scene/control/Control;)V 1165 <appendix> member <vmtarget> ; # com/sun/javafx/scene/control/behavior/TableViewBehaviorBase$$Lambda+0x0000000081395bb0
instanceKlass  @bci com/sun/javafx/scene/control/behavior/TableViewBehaviorBase <init> (Ljavafx/scene/control/Control;)V 1135 <appendix> member <vmtarget> ; # com/sun/javafx/scene/control/behavior/TableViewBehaviorBase$$Lambda+0x0000000081395980
instanceKlass  @bci com/sun/javafx/scene/control/behavior/TableViewBehaviorBase <init> (Ljavafx/scene/control/Control;)V 1105 <appendix> member <vmtarget> ; # com/sun/javafx/scene/control/behavior/TableViewBehaviorBase$$Lambda+0x0000000081395750
instanceKlass  @bci com/sun/javafx/scene/control/behavior/TableViewBehaviorBase <init> (Ljavafx/scene/control/Control;)V 1075 <appendix> member <vmtarget> ; # com/sun/javafx/scene/control/behavior/TableViewBehaviorBase$$Lambda+0x0000000081395520
instanceKlass  @bci com/sun/javafx/scene/control/behavior/TableViewBehaviorBase <init> (Ljavafx/scene/control/Control;)V 1045 <appendix> member <vmtarget> ; # com/sun/javafx/scene/control/behavior/TableViewBehaviorBase$$Lambda+0x00000000813952f0
instanceKlass  @bci com/sun/javafx/scene/control/behavior/TableViewBehaviorBase <init> (Ljavafx/scene/control/Control;)V 1015 <appendix> member <vmtarget> ; # com/sun/javafx/scene/control/behavior/TableViewBehaviorBase$$Lambda+0x00000000813950c0
instanceKlass  @bci com/sun/javafx/scene/control/behavior/TableViewBehaviorBase <init> (Ljavafx/scene/control/Control;)V 985 <appendix> member <vmtarget> ; # com/sun/javafx/scene/control/behavior/TableViewBehaviorBase$$Lambda+0x0000000081394e90
instanceKlass  @bci com/sun/javafx/scene/control/behavior/TableViewBehaviorBase <init> (Ljavafx/scene/control/Control;)V 955 <appendix> member <vmtarget> ; # com/sun/javafx/scene/control/behavior/TableViewBehaviorBase$$Lambda+0x0000000081394c60
instanceKlass  @bci com/sun/javafx/scene/control/behavior/TableViewBehaviorBase <init> (Ljavafx/scene/control/Control;)V 922 <appendix> member <vmtarget> ; # com/sun/javafx/scene/control/behavior/TableViewBehaviorBase$$Lambda+0x0000000081394a30
instanceKlass  @bci com/sun/javafx/scene/control/behavior/TableViewBehaviorBase <init> (Ljavafx/scene/control/Control;)V 892 <appendix> member <vmtarget> ; # com/sun/javafx/scene/control/behavior/TableViewBehaviorBase$$Lambda+0x0000000081394800
instanceKlass  @bci com/sun/javafx/scene/control/behavior/TableViewBehaviorBase <init> (Ljavafx/scene/control/Control;)V 862 <appendix> member <vmtarget> ; # com/sun/javafx/scene/control/behavior/TableViewBehaviorBase$$Lambda+0x00000000813945d0
instanceKlass  @bci com/sun/javafx/scene/control/behavior/TableViewBehaviorBase <init> (Ljavafx/scene/control/Control;)V 832 <appendix> member <vmtarget> ; # com/sun/javafx/scene/control/behavior/TableViewBehaviorBase$$Lambda+0x00000000813943a0
instanceKlass  @bci com/sun/javafx/scene/control/behavior/TableViewBehaviorBase <init> (Ljavafx/scene/control/Control;)V 802 <appendix> member <vmtarget> ; # com/sun/javafx/scene/control/behavior/TableViewBehaviorBase$$Lambda+0x0000000081394170
instanceKlass  @bci com/sun/javafx/scene/control/behavior/TableViewBehaviorBase <init> (Ljavafx/scene/control/Control;)V 772 <appendix> member <vmtarget> ; # com/sun/javafx/scene/control/behavior/TableViewBehaviorBase$$Lambda+0x0000000081393f40
instanceKlass  @bci com/sun/javafx/scene/control/behavior/TableViewBehaviorBase <init> (Ljavafx/scene/control/Control;)V 742 <appendix> member <vmtarget> ; # com/sun/javafx/scene/control/behavior/TableViewBehaviorBase$$Lambda+0x0000000081393d10
instanceKlass  @bci com/sun/javafx/scene/control/behavior/TableViewBehaviorBase <init> (Ljavafx/scene/control/Control;)V 712 <appendix> member <vmtarget> ; # com/sun/javafx/scene/control/behavior/TableViewBehaviorBase$$Lambda+0x0000000081393ae0
instanceKlass  @bci com/sun/javafx/scene/control/behavior/TableViewBehaviorBase <init> (Ljavafx/scene/control/Control;)V 682 <appendix> member <vmtarget> ; # com/sun/javafx/scene/control/behavior/TableViewBehaviorBase$$Lambda+0x00000000813938b0
instanceKlass  @bci com/sun/javafx/scene/control/behavior/TableViewBehaviorBase <init> (Ljavafx/scene/control/Control;)V 652 <appendix> argL0 ; # com/sun/javafx/scene/control/behavior/TableViewBehaviorBase$$Lambda+0x0000000081393688
instanceKlass  @bci com/sun/javafx/scene/control/behavior/TableViewBehaviorBase <init> (Ljavafx/scene/control/Control;)V 633 <appendix> argL0 ; # com/sun/javafx/scene/control/behavior/TableViewBehaviorBase$$Lambda+0x0000000081393460
instanceKlass  @bci com/sun/javafx/scene/control/behavior/TableViewBehaviorBase <init> (Ljavafx/scene/control/Control;)V 614 <appendix> argL0 ; # com/sun/javafx/scene/control/behavior/TableViewBehaviorBase$$Lambda+0x0000000081393238
instanceKlass  @bci com/sun/javafx/scene/control/behavior/TableViewBehaviorBase <init> (Ljavafx/scene/control/Control;)V 595 <appendix> argL0 ; # com/sun/javafx/scene/control/behavior/TableViewBehaviorBase$$Lambda+0x0000000081393010
instanceKlass  @bci com/sun/javafx/scene/control/behavior/TableViewBehaviorBase <init> (Ljavafx/scene/control/Control;)V 576 <appendix> member <vmtarget> ; # com/sun/javafx/scene/control/behavior/TableViewBehaviorBase$$Lambda+0x0000000081392de0
instanceKlass  @bci com/sun/javafx/scene/control/behavior/TableViewBehaviorBase <init> (Ljavafx/scene/control/Control;)V 556 <appendix> member <vmtarget> ; # com/sun/javafx/scene/control/behavior/TableViewBehaviorBase$$Lambda+0x0000000081392bb0
instanceKlass  @bci com/sun/javafx/scene/control/behavior/TableViewBehaviorBase <init> (Ljavafx/scene/control/Control;)V 536 <appendix> member <vmtarget> ; # com/sun/javafx/scene/control/behavior/TableViewBehaviorBase$$Lambda+0x0000000081392980
instanceKlass  @bci com/sun/javafx/scene/control/behavior/TableViewBehaviorBase <init> (Ljavafx/scene/control/Control;)V 516 <appendix> member <vmtarget> ; # com/sun/javafx/scene/control/behavior/TableViewBehaviorBase$$Lambda+0x0000000081392750
instanceKlass  @bci com/sun/javafx/scene/control/behavior/TableViewBehaviorBase <init> (Ljavafx/scene/control/Control;)V 496 <appendix> member <vmtarget> ; # com/sun/javafx/scene/control/behavior/TableViewBehaviorBase$$Lambda+0x0000000081392520
instanceKlass  @bci com/sun/javafx/scene/control/behavior/TableViewBehaviorBase <init> (Ljavafx/scene/control/Control;)V 476 <appendix> member <vmtarget> ; # com/sun/javafx/scene/control/behavior/TableViewBehaviorBase$$Lambda+0x00000000813922f0
instanceKlass  @bci com/sun/javafx/scene/control/behavior/TableViewBehaviorBase <init> (Ljavafx/scene/control/Control;)V 456 <appendix> member <vmtarget> ; # com/sun/javafx/scene/control/behavior/TableViewBehaviorBase$$Lambda+0x00000000813920c0
instanceKlass  @bci com/sun/javafx/scene/control/behavior/TableViewBehaviorBase <init> (Ljavafx/scene/control/Control;)V 436 <appendix> member <vmtarget> ; # com/sun/javafx/scene/control/behavior/TableViewBehaviorBase$$Lambda+0x0000000081391e90
instanceKlass  @bci com/sun/javafx/scene/control/behavior/TableViewBehaviorBase <init> (Ljavafx/scene/control/Control;)V 416 <appendix> member <vmtarget> ; # com/sun/javafx/scene/control/behavior/TableViewBehaviorBase$$Lambda+0x0000000081391c60
instanceKlass  @bci com/sun/javafx/scene/control/behavior/TableViewBehaviorBase <init> (Ljavafx/scene/control/Control;)V 383 <appendix> member <vmtarget> ; # com/sun/javafx/scene/control/behavior/TableViewBehaviorBase$$Lambda+0x0000000081391a30
instanceKlass  @bci com/sun/javafx/scene/control/behavior/TableViewBehaviorBase <init> (Ljavafx/scene/control/Control;)V 350 <appendix> member <vmtarget> ; # com/sun/javafx/scene/control/behavior/TableViewBehaviorBase$$Lambda+0x0000000081391800
instanceKlass  @bci com/sun/javafx/scene/control/behavior/TableViewBehaviorBase <init> (Ljavafx/scene/control/Control;)V 317 <appendix> member <vmtarget> ; # com/sun/javafx/scene/control/behavior/TableViewBehaviorBase$$Lambda+0x00000000813915d0
instanceKlass  @bci com/sun/javafx/scene/control/behavior/TableViewBehaviorBase <init> (Ljavafx/scene/control/Control;)V 284 <appendix> member <vmtarget> ; # com/sun/javafx/scene/control/behavior/TableViewBehaviorBase$$Lambda+0x00000000813913a0
instanceKlass  @bci com/sun/javafx/scene/control/behavior/TableViewBehaviorBase <init> (Ljavafx/scene/control/Control;)V 264 <appendix> member <vmtarget> ; # com/sun/javafx/scene/control/behavior/TableViewBehaviorBase$$Lambda+0x0000000081391170
instanceKlass  @bci com/sun/javafx/scene/control/behavior/TableViewBehaviorBase <init> (Ljavafx/scene/control/Control;)V 244 <appendix> member <vmtarget> ; # com/sun/javafx/scene/control/behavior/TableViewBehaviorBase$$Lambda+0x0000000081390f40
instanceKlass  @bci com/sun/javafx/scene/control/behavior/TableViewBehaviorBase <init> (Ljavafx/scene/control/Control;)V 224 <appendix> member <vmtarget> ; # com/sun/javafx/scene/control/behavior/TableViewBehaviorBase$$Lambda+0x0000000081390d10
instanceKlass  @bci com/sun/javafx/scene/control/behavior/TableViewBehaviorBase <init> (Ljavafx/scene/control/Control;)V 204 <appendix> member <vmtarget> ; # com/sun/javafx/scene/control/behavior/TableViewBehaviorBase$$Lambda+0x0000000081390ae0
instanceKlass  @bci com/sun/javafx/scene/control/behavior/TableViewBehaviorBase <init> (Ljavafx/scene/control/Control;)V 185 <appendix> member <vmtarget> ; # com/sun/javafx/scene/control/behavior/TableViewBehaviorBase$$Lambda+0x00000000813908b0
instanceKlass  @bci com/sun/javafx/scene/control/behavior/TableViewBehaviorBase <init> (Ljavafx/scene/control/Control;)V 166 <appendix> member <vmtarget> ; # com/sun/javafx/scene/control/behavior/TableViewBehaviorBase$$Lambda+0x0000000081390680
instanceKlass  @bci com/sun/javafx/scene/control/behavior/TableViewBehaviorBase <init> (Ljavafx/scene/control/Control;)V 147 <appendix> member <vmtarget> ; # com/sun/javafx/scene/control/behavior/TableViewBehaviorBase$$Lambda+0x0000000081390450
instanceKlass  @bci com/sun/javafx/scene/control/behavior/TableViewBehaviorBase <init> (Ljavafx/scene/control/Control;)V 128 <appendix> argL0 ; # com/sun/javafx/scene/control/behavior/TableViewBehaviorBase$$Lambda+0x0000000081390228
instanceKlass  @bci com/sun/javafx/scene/control/behavior/TableViewBehaviorBase <init> (Ljavafx/scene/control/Control;)V 100 <appendix> argL0 ; # com/sun/javafx/scene/control/behavior/TableViewBehaviorBase$$Lambda+0x0000000081390000
instanceKlass  @bci com/sun/javafx/scene/control/behavior/TableViewBehaviorBase <init> (Ljavafx/scene/control/Control;)V 50 <appendix> member <vmtarget> ; # com/sun/javafx/scene/control/behavior/TableViewBehaviorBase$$Lambda+0x000000008138fc38
instanceKlass com/sun/javafx/scene/control/SizeLimitedList
instanceKlass  @bci com/sun/javafx/scene/control/behavior/TableViewBehaviorBase <init> (Ljavafx/scene/control/Control;)V 27 <appendix> member <vmtarget> ; # com/sun/javafx/scene/control/behavior/TableViewBehaviorBase$$Lambda+0x000000008138f7c0
instanceKlass  @bci javafx/scene/control/skin/TableViewSkinBase <init> (Ljavafx/scene/control/Control;)V 549 <appendix> member <vmtarget> ; # javafx/scene/control/skin/TableViewSkinBase$$Lambda+0x000000008138ebd0
instanceKlass  @bci javafx/scene/control/skin/TableViewSkinBase <init> (Ljavafx/scene/control/Control;)V 534 <appendix> member <vmtarget> ; # javafx/scene/control/skin/TableViewSkinBase$$Lambda+0x000000008138e990
instanceKlass  @bci javafx/scene/control/skin/TableViewSkinBase <init> (Ljavafx/scene/control/Control;)V 513 <appendix> member <vmtarget> ; # javafx/scene/control/skin/TableViewSkinBase$$Lambda+0x000000008138e750
instanceKlass  @bci javafx/scene/control/skin/TableViewSkinBase <init> (Ljavafx/scene/control/Control;)V 498 <appendix> member <vmtarget> ; # javafx/scene/control/skin/TableViewSkinBase$$Lambda+0x000000008138e510
instanceKlass  @bci javafx/scene/control/skin/TableViewSkinBase <init> (Ljavafx/scene/control/Control;)V 450 <appendix> member <vmtarget> ; # javafx/scene/control/skin/TableViewSkinBase$$Lambda+0x000000008138e2e0
instanceKlass  @bci javafx/scene/control/skin/TableViewSkinBase <init> (Ljavafx/scene/control/Control;)V 439 <appendix> member <vmtarget> ; # javafx/scene/control/skin/TableViewSkinBase$$Lambda+0x000000008138e0b0
instanceKlass com/sun/javafx/scene/control/ListenerHelper$MaChLi
instanceKlass  @bci javafx/scene/control/skin/TableViewSkinBase <init> (Ljavafx/scene/control/Control;)V 424 <appendix> member <vmtarget> ; # javafx/scene/control/skin/TableViewSkinBase$$Lambda+0x000000008138d7d8
instanceKlass javafx/scene/control/skin/TableViewSkinBase$1
instanceKlass com/sun/javafx/scene/control/ListenerHelper$LiChLi
instanceKlass  @bci javafx/scene/control/skin/TableViewSkinBase <init> (Ljavafx/scene/control/Control;)V 353 <appendix> member <vmtarget> ; # javafx/scene/control/skin/TableViewSkinBase$$Lambda+0x000000008138cec8
instanceKlass  @bci javafx/scene/control/skin/TableViewSkinBase <init> (Ljavafx/scene/control/Control;)V 338 <appendix> member <vmtarget> ; # javafx/scene/control/skin/TableViewSkinBase$$Lambda+0x000000008138cc98
instanceKlass javafx/scene/control/skin/TableColumnHeader$StyleableProperties
instanceKlass  @bci javafx/scene/control/skin/TableHeaderRow <init> (Ljavafx/scene/control/skin/TableViewSkinBase;)V 625 <appendix> member <vmtarget> ; # javafx/scene/control/skin/TableHeaderRow$$Lambda+0x000000008138c610
instanceKlass  @bci javafx/scene/control/skin/TableHeaderRow <init> (Ljavafx/scene/control/skin/TableViewSkinBase;)V 499 <appendix> member <vmtarget> ; # javafx/scene/control/skin/TableHeaderRow$$Lambda+0x000000008138c3e0
instanceKlass  @bci javafx/scene/control/skin/NestedTableColumnHeader setTableHeaderRow (Ljavafx/scene/control/skin/TableHeaderRow;)V 24 <appendix> member <vmtarget> ; # javafx/scene/control/skin/NestedTableColumnHeader$$Lambda+0x000000008138c1a0
instanceKlass  @bci javafx/scene/control/skin/TableColumnHeader setTableHeaderRow (Ljavafx/scene/control/skin/TableHeaderRow;)V 46 <appendix> member <vmtarget> ; # javafx/scene/control/skin/TableColumnHeader$$Lambda+0x000000008138bf60
instanceKlass  @bci javafx/scene/control/skin/NestedTableColumnHeader <init> (Ljavafx/scene/control/TableColumnBase;)V 33 <appendix> member <vmtarget> ; # javafx/scene/control/skin/NestedTableColumnHeader$$Lambda+0x000000008138bd30
instanceKlass  @bci javafx/scene/control/skin/TableColumnHeader <init> (Ljavafx/scene/control/TableColumnBase;)V 156 <appendix> member <vmtarget> ; # javafx/scene/control/skin/TableColumnHeader$$Lambda+0x000000008138baf0
instanceKlass  @bci javafx/scene/control/skin/TableColumnHeader <init> (Ljavafx/scene/control/TableColumnBase;)V 51 <appendix> member <vmtarget> ; # javafx/scene/control/skin/TableColumnHeader$$Lambda+0x000000008138b8c0
instanceKlass  @bci javafx/scene/control/skin/TableColumnHeader <init> (Ljavafx/scene/control/TableColumnBase;)V 41 <appendix> member <vmtarget> ; # javafx/scene/control/skin/TableColumnHeader$$Lambda+0x000000008138b690
instanceKlass  @bci javafx/scene/control/skin/TableColumnHeader <init> (Ljavafx/scene/control/TableColumnBase;)V 31 <appendix> member <vmtarget> ; # javafx/scene/control/skin/TableColumnHeader$$Lambda+0x000000008138b460
instanceKlass  @bci javafx/scene/control/skin/NestedTableColumnHeader <clinit> ()V 24 <appendix> argL0 ; # javafx/scene/control/skin/NestedTableColumnHeader$$Lambda+0x000000008138b238
instanceKlass  @bci javafx/scene/control/skin/NestedTableColumnHeader <clinit> ()V 16 <appendix> argL0 ; # javafx/scene/control/skin/NestedTableColumnHeader$$Lambda+0x000000008138b010
instanceKlass  @bci javafx/scene/control/skin/NestedTableColumnHeader <clinit> ()V 8 <appendix> argL0 ; # javafx/scene/control/skin/NestedTableColumnHeader$$Lambda+0x000000008138ade8
instanceKlass  @bci javafx/scene/control/skin/NestedTableColumnHeader <clinit> ()V 0 <appendix> argL0 ; # javafx/scene/control/skin/NestedTableColumnHeader$$Lambda+0x000000008138abc0
instanceKlass  @bci javafx/scene/control/skin/TableColumnHeader <clinit> ()V 24 <appendix> argL0 ; # javafx/scene/control/skin/TableColumnHeader$$Lambda+0x000000008138a998
instanceKlass  @bci javafx/scene/control/skin/TableColumnHeader <clinit> ()V 16 <appendix> argL0 ; # javafx/scene/control/skin/TableColumnHeader$$Lambda+0x000000008138a770
instanceKlass  @bci javafx/scene/control/skin/TableColumnHeader <clinit> ()V 8 <appendix> argL0 ; # javafx/scene/control/skin/TableColumnHeader$$Lambda+0x000000008138a548
instanceKlass  @bci javafx/scene/control/skin/TableColumnHeader <clinit> ()V 0 <appendix> argL0 ; # javafx/scene/control/skin/TableColumnHeader$$Lambda+0x000000008138a320
instanceKlass javafx/scene/control/skin/TableSkinUtils
instanceKlass  @bci javafx/scene/control/skin/TableHeaderRow <init> (Ljavafx/scene/control/skin/TableViewSkinBase;)V 102 <appendix> member <vmtarget> ; # javafx/scene/control/skin/TableHeaderRow$$Lambda+0x0000000081388000
instanceKlass  @bci javafx/scene/control/skin/TableHeaderRow <init> (Ljavafx/scene/control/skin/TableViewSkinBase;)V 92 <appendix> member <vmtarget> ; # javafx/scene/control/skin/TableHeaderRow$$Lambda+0x0000000081364400
instanceKlass  @bci javafx/scene/control/skin/TableHeaderRow <init> (Ljavafx/scene/control/skin/TableViewSkinBase;)V 82 <appendix> member <vmtarget> ; # javafx/scene/control/skin/TableHeaderRow$$Lambda+0x0000000081387bd0
instanceKlass  @bci javafx/scene/control/skin/TableHeaderRow <init> (Ljavafx/scene/control/skin/TableViewSkinBase;)V 72 <appendix> member <vmtarget> ; # javafx/scene/control/skin/TableHeaderRow$$Lambda+0x00000000813879a0
instanceKlass  @bci javafx/scene/control/skin/TableHeaderRow <init> (Ljavafx/scene/control/skin/TableViewSkinBase;)V 62 <appendix> member <vmtarget> ; # javafx/scene/control/skin/TableHeaderRow$$Lambda+0x0000000081387770
instanceKlass  @bci javafx/scene/control/skin/TableHeaderRow <init> (Ljavafx/scene/control/skin/TableViewSkinBase;)V 52 <appendix> member <vmtarget> ; # javafx/scene/control/skin/TableHeaderRow$$Lambda+0x0000000081387540
instanceKlass  @bci javafx/scene/control/skin/TableHeaderRow <init> (Ljavafx/scene/control/skin/TableViewSkinBase;)V 42 <appendix> member <vmtarget> ; # javafx/scene/control/skin/TableHeaderRow$$Lambda+0x0000000081387310
instanceKlass  @bci javafx/scene/control/skin/TableViewSkinBase <init> (Ljavafx/scene/control/Control;)V 123 <appendix> member <vmtarget> ; # javafx/scene/control/skin/TableViewSkinBase$$Lambda+0x00000000813862f0
instanceKlass  @bci javafx/scene/control/skin/TableViewSkinBase <init> (Ljavafx/scene/control/Control;)V 50 <appendix> member <vmtarget> ; # javafx/scene/control/skin/TableViewSkinBase$$Lambda+0x00000000813860c0
instanceKlass  @bci javafx/scene/control/skin/TableViewSkinBase <init> (Ljavafx/scene/control/Control;)V 40 <appendix> member <vmtarget> ; # javafx/scene/control/skin/TableViewSkinBase$$Lambda+0x0000000081385e90
instanceKlass  @bci javafx/scene/control/skin/VirtualContainerBase <init> (Ljavafx/scene/control/Control;)V 22 <appendix> member <vmtarget> ; # javafx/scene/control/skin/VirtualContainerBase$$Lambda+0x0000000081385c60
instanceKlass javafx/scene/control/skin/VirtualFlow$3
instanceKlass  @bci javafx/scene/control/skin/VirtualFlow <init> ()V 766 <appendix> member <vmtarget> ; # javafx/scene/control/skin/VirtualFlow$$Lambda+0x0000000081385570
instanceKlass  @bci javafx/scene/control/skin/VirtualFlow <init> ()V 756 <appendix> member <vmtarget> ; # javafx/scene/control/skin/VirtualFlow$$Lambda+0x0000000081385340
instanceKlass  @bci javafx/scene/control/skin/VirtualFlow <init> ()V 746 <appendix> member <vmtarget> ; # javafx/scene/control/skin/VirtualFlow$$Lambda+0x0000000081385110
instanceKlass  @bci javafx/scene/control/skin/VirtualFlow <init> ()V 722 <appendix> member <vmtarget> ; # javafx/scene/control/skin/VirtualFlow$$Lambda+0x0000000081384ee0
instanceKlass  @bci javafx/scene/control/skin/VirtualFlow <init> ()V 663 <appendix> member <vmtarget> ; # javafx/scene/control/skin/VirtualFlow$$Lambda+0x0000000081384cb0
instanceKlass  @bci javafx/scene/control/skin/VirtualFlow <init> ()V 592 <appendix> argL0 ; # javafx/scene/control/skin/VirtualFlow$$Lambda+0x0000000081384a88
instanceKlass  @bci javafx/scene/control/skin/VirtualFlow <init> ()V 553 <appendix> argL0 ; # javafx/scene/control/skin/VirtualFlow$$Lambda+0x0000000081384860
instanceKlass  @bci javafx/scene/control/skin/VirtualFlow <init> ()V 528 <appendix> member <vmtarget> ; # javafx/scene/control/skin/VirtualFlow$$Lambda+0x0000000081384630
instanceKlass  @bci javafx/scene/control/skin/VirtualFlow <init> ()V 515 <appendix> member <vmtarget> ; # javafx/scene/control/skin/VirtualFlow$$Lambda+0x0000000081384400
instanceKlass javafx/scene/control/skin/VirtualFlow$2
instanceKlass javafx/scene/control/skin/VirtualFlow$1
instanceKlass  @bci javafx/scene/control/skin/VirtualFlow <init> ()V 475 <appendix> member <vmtarget> ; # javafx/scene/control/skin/VirtualFlow$$Lambda+0x0000000081383d50
instanceKlass  @bci javafx/scene/control/skin/VirtualFlow <init> ()V 453 <appendix> member <vmtarget> ; # javafx/scene/control/skin/VirtualFlow$$Lambda+0x0000000081383b20
instanceKlass  @bci javafx/scene/control/skin/VirtualFlow <init> ()V 433 <appendix> argL0 ; # javafx/scene/control/skin/VirtualFlow$$Lambda+0x00000000813838f8
instanceKlass  @bci com/sun/javafx/scene/control/VirtualScrollBar <init> (Ljavafx/scene/control/skin/VirtualFlow;)V 29 <appendix> member <vmtarget> ; # com/sun/javafx/scene/control/VirtualScrollBar$$Lambda+0x0000000081382df0
instanceKlass javafx/scene/control/TableView$StyleableProperties
instanceKlass  @bci com/uet/auction/client/network/ResponseListener run ()V 726 <appendix> member <vmtarget> ; # com/uet/auction/client/network/ResponseListener$$Lambda+0x000000008137cee0
instanceKlass  @bci com/uet/auction/client/controller/ProfileSellerController setupTable ()V 123 <appendix> member <vmtarget> ; # com/uet/auction/client/controller/ProfileSellerController$$Lambda+0x000000008137ccb0
instanceKlass  @bci com/uet/auction/client/controller/ProfileSellerController setupTable ()V 87 <appendix> member <vmtarget> ; # com/uet/auction/client/controller/ProfileSellerController$$Lambda+0x000000008137ca80
instanceKlass  @bci com/uet/auction/client/controller/ProfileSellerController setupTable ()V 51 <appendix> member <vmtarget> ; # com/uet/auction/client/controller/ProfileSellerController$$Lambda+0x000000008137c850
instanceKlass javafx/scene/control/cell/PropertyValueFactory
instanceKlass com/sun/javafx/reflect/FieldUtil
instanceKlass javafx/scene/control/TableUtil
instanceKlass java/lang/reflect/WildcardType
instanceKlass sun/reflect/generics/tree/Wildcard
instanceKlass sun/reflect/generics/tree/BottomSignature
instanceKlass  @bci javafx/scene/control/TableColumn <init> ()V 116 <appendix> member <vmtarget> ; # javafx/scene/control/TableColumn$$Lambda+0x000000008137bb70
instanceKlass  @bci javafx/scene/control/TableColumn <init> ()V 16 <appendix> member <vmtarget> ; # javafx/scene/control/TableColumn$$Lambda+0x000000008137b940
instanceKlass  @bci javafx/scene/control/TableColumn <init> ()V 6 <appendix> member <vmtarget> ; # javafx/scene/control/TableColumn$$Lambda+0x000000008137b710
instanceKlass javafx/scene/control/TableColumn$1
instanceKlass  @bci javafx/scene/control/TableColumnBase <clinit> ()V 10 <appendix> argL0 ; # javafx/scene/control/TableColumnBase$$Lambda+0x000000008137a630
instanceKlass com/sun/javafx/scene/control/TableColumnBaseHelper
instanceKlass javafx/scene/control/TableColumnBase$1
instanceKlass com/sun/javafx/scene/control/TableColumnBaseHelper$TableColumnBaseAccessor
instanceKlass javafx/scene/control/TableView$3
instanceKlass  @bci javafx/scene/control/TableView <init> (Ljavafx/collections/ObservableList;)V 322 <appendix> member <vmtarget> ; # javafx/scene/control/TableView$$Lambda+0x0000000081374028
instanceKlass  @bci javafx/scene/control/TableView$TableViewFocusModel <init> (Ljavafx/scene/control/TableView;)V 128 <appendix> member <vmtarget> ; # javafx/scene/control/TableView$TableViewFocusModel$$Lambda+0x0000000081373df8
instanceKlass javafx/scene/control/TableView$TableViewFocusModel$1
instanceKlass  @bci javafx/scene/control/TableView$TableViewFocusModel <init> (Ljavafx/scene/control/TableView;)V 6 <appendix> member <vmtarget> ; # javafx/scene/control/TableView$TableViewFocusModel$$Lambda+0x0000000081373990
instanceKlass  @bci javafx/scene/control/FocusModel <init> ()V 38 <appendix> member <vmtarget> ; # javafx/scene/control/FocusModel$$Lambda+0x0000000081373760
instanceKlass javafx/scene/control/FocusModel
instanceKlass  @bci javafx/scene/control/TableView$TableViewArrayListSelectionModel <init> (Ljavafx/scene/control/TableView;)V 138 <appendix> member <vmtarget> ; # javafx/scene/control/TableView$TableViewArrayListSelectionModel$$Lambda+0x00000000813728e8
instanceKlass  @bci com/sun/javafx/scene/control/SelectedCellsMap <init> (Ljavafx/collections/ListChangeListener;)V 46 <appendix> argL0 ; # com/sun/javafx/scene/control/SelectedCellsMap$$Lambda+0x0000000081372648
instanceKlass javafx/collections/transformation/SortedList$ElementComparator
instanceKlass javafx/collections/transformation/SortedList$Element
instanceKlass com/sun/javafx/collections/SortHelper
instanceKlass  @bci javafx/collections/transformation/TransformationList getListener ()Ljavafx/collections/ListChangeListener; 9 <appendix> member <vmtarget> ; # javafx/collections/transformation/TransformationList$$Lambda+0x0000000081371b18
instanceKlass  @bci com/sun/javafx/scene/control/SelectedCellsMap <init> (Ljavafx/collections/ListChangeListener;)V 20 <appendix> argL0 ; # com/sun/javafx/scene/control/SelectedCellsMap$$Lambda+0x0000000081371878
instanceKlass  @bci javafx/scene/control/TableView$TableViewArrayListSelectionModel <init> (Ljavafx/scene/control/TableView;)V 79 <appendix> member <vmtarget> ; # javafx/scene/control/TableView$TableViewArrayListSelectionModel$$Lambda+0x0000000081371158
instanceKlass javafx/scene/control/TableView$TableViewArrayListSelectionModel$1
instanceKlass  @bci javafx/scene/control/TableView$TableViewArrayListSelectionModel <init> (Ljavafx/scene/control/TableView;)V 12 <appendix> member <vmtarget> ; # javafx/scene/control/TableView$TableViewArrayListSelectionModel$$Lambda+0x0000000081370cf0
instanceKlass  @bci com/sun/javafx/scene/control/SelectedItemsReadOnlyObservableList <init> (Ljavafx/collections/ObservableList;Ljava/util/function/Supplier;)V 28 <appendix> member <vmtarget> ; # com/sun/javafx/scene/control/SelectedItemsReadOnlyObservableList$$Lambda+0x0000000081370ac0
instanceKlass  @bci javafx/scene/control/MultipleSelectionModelBase <init> ()V 40 <appendix> member <vmtarget> ; # javafx/scene/control/MultipleSelectionModelBase$$Lambda+0x0000000081370890
instanceKlass  @bci javafx/scene/control/MultipleSelectionModelBase <init> ()V 9 <appendix> member <vmtarget> ; # javafx/scene/control/MultipleSelectionModelBase$$Lambda+0x000000008136f830
instanceKlass javafx/scene/control/TablePositionBase
instanceKlass com/sun/javafx/scene/control/SelectedCellsMap
instanceKlass  @bci javafx/scene/control/TableView <init> (Ljavafx/collections/ObservableList;)V 106 <appendix> member <vmtarget> ; # javafx/scene/control/TableView$$Lambda+0x000000008136ad90
instanceKlass  @bci javafx/scene/control/TableView <init> (Ljavafx/collections/ObservableList;)V 96 <appendix> member <vmtarget> ; # javafx/scene/control/TableView$$Lambda+0x000000008136ab60
instanceKlass  @bci javafx/scene/control/TableView <init> (Ljavafx/collections/ObservableList;)V 86 <appendix> member <vmtarget> ; # javafx/scene/control/TableView$$Lambda+0x000000008136a930
instanceKlass  @bci javafx/scene/control/TableView <init> (Ljavafx/collections/ObservableList;)V 76 <appendix> member <vmtarget> ; # javafx/scene/control/TableView$$Lambda+0x000000008136a700
instanceKlass  @bci javafx/scene/control/TableView <init> (Ljavafx/collections/ObservableList;)V 66 <appendix> member <vmtarget> ; # javafx/scene/control/TableView$$Lambda+0x000000008136a4d0
instanceKlass javafx/scene/control/TableView$4
instanceKlass javafx/scene/control/TableView$2
instanceKlass javafx/scene/control/ResizeFeaturesBase
instanceKlass javafx/scene/control/ConstrainedColumnResizeBase
instanceKlass javafx/scene/control/TableView$1
instanceKlass javafx/scene/control/SelectionModel
# instanceKlass java/lang/invoke/LambdaForm$DMH+0x0000000081364000
instanceKlass javafx/scene/control/TableColumnBase
instanceKlass javafx/scene/shape/Circle$1
instanceKlass com/sun/javafx/scene/shape/CircleHelper$CircleAccessor
instanceKlass com/uet/auction/client/controller/ProfileSellerController
instanceKlass  @bci com/uet/auction/client/controller/SellerController onProfileButtonClick ()V 10 <appendix> member <vmtarget> ; # com/uet/auction/client/controller/SellerController$$Lambda+0x000000008135d928
instanceKlass  @bci com/sun/javafx/tk/quantum/GlassViewEventHandler handleDragStart (Lcom/sun/glass/ui/View;IIIIILcom/sun/glass/ui/ClipboardAssistance;)V 29 <adapter> ; # java/lang/invoke/LambdaForm$MH+0x000000008135ac00
# instanceKlass java/lang/invoke/LambdaForm$DMH+0x000000008135a800
instanceKlass  @bci com/sun/javafx/tk/quantum/GlassViewEventHandler handleDragStart (Lcom/sun/glass/ui/View;IIIIILcom/sun/glass/ui/ClipboardAssistance;)V 29 <appendix> form vmentry <vmtarget> ; # java/lang/invoke/LambdaForm$DMH+0x000000008135a400
instanceKlass  @bci com/sun/javafx/tk/quantum/GlassViewEventHandler handleDragStart (Lcom/sun/glass/ui/View;IIIIILcom/sun/glass/ui/ClipboardAssistance;)V 29 <appendix> member <vmtarget> ; # com/sun/javafx/tk/quantum/GlassViewEventHandler$$Lambda+0x000000008135d6f8
instanceKlass  @cpi com/sun/javafx/tk/quantum/GlassViewEventHandler 808 form vmentry <vmtarget> ; # java/lang/invoke/LambdaForm$DMH+0x000000008135a000
# instanceKlass java/lang/invoke/LambdaForm$MH+0x0000000081359c00
instanceKlass java/time/LocalDateTime$1
instanceKlass java/time/LocalTime$1
instanceKlass java/time/temporal/TemporalQueries$7
instanceKlass java/time/temporal/TemporalQueries$6
instanceKlass java/time/temporal/TemporalQueries$5
instanceKlass java/time/temporal/TemporalQueries$4
instanceKlass java/time/temporal/TemporalQueries$3
instanceKlass java/time/temporal/TemporalQueries$2
instanceKlass java/time/temporal/TemporalQueries$1
instanceKlass java/time/temporal/TemporalQueries
instanceKlass java/time/Year
instanceKlass com/sun/javafx/geom/DirtyRegionPool$PoolItem
instanceKlass com/sun/prism/shader/Texture_LinearGradient_PAD_Loader
instanceKlass com/sun/prism/shader/FillPgram_LinearGradient_PAD_Loader
instanceKlass  @bci com/sun/prism/impl/BaseResourcePool cleanup (J)Z 109 <appendix> argL0 ; # com/sun/prism/impl/BaseResourcePool$$Lambda+0x000000008135c898
instanceKlass javafx/scene/layout/FlowPane$LayoutRect
instanceKlass  @bci javafx/scene/control/skin/SeparatorSkin <init> (Ljavafx/scene/control/Separator;)V 86 <appendix> member <vmtarget> ; # javafx/scene/control/skin/SeparatorSkin$$Lambda+0x000000008135c240
instanceKlass  @bci javafx/scene/control/skin/SeparatorSkin <init> (Ljavafx/scene/control/Separator;)V 72 <appendix> member <vmtarget> ; # javafx/scene/control/skin/SeparatorSkin$$Lambda+0x000000008135c000
instanceKlass  @bci javafx/scene/control/skin/SeparatorSkin <init> (Ljavafx/scene/control/Separator;)V 58 <appendix> member <vmtarget> ; # javafx/scene/control/skin/SeparatorSkin$$Lambda+0x0000000081357ca8
# instanceKlass java/lang/invoke/LambdaForm$MH+0x0000000081359800
# instanceKlass java/lang/invoke/LambdaForm$MH+0x0000000081359400
# instanceKlass java/lang/invoke/LambdaForm$MH+0x0000000081359000
instanceKlass com/sun/javafx/iio/jpeg/JPEGImageLoader$Lock
instanceKlass com/sun/javafx/iio/common/SmoothMinifier
instanceKlass com/sun/javafx/iio/common/PushbroomScaler
instanceKlass com/sun/javafx/iio/common/ScalerFactory
instanceKlass  @bci com/sun/javafx/runtime/async/AbstractAsyncOperation notifyProgress ()V 13 <adapter> ; # java/lang/invoke/LambdaForm$MH+0x0000000081358c00
instanceKlass  @bci com/sun/javafx/runtime/async/AbstractAsyncOperation notifyProgress ()V 13 <appendix> form vmentry <vmtarget> ; # java/lang/invoke/LambdaForm$DMH+0x0000000081358800
instanceKlass  @bci com/sun/javafx/runtime/async/AbstractAsyncOperation notifyProgress ()V 13 <appendix> member <vmtarget> ; # com/sun/javafx/runtime/async/AbstractAsyncOperation$$Lambda+0x0000000081356c28
instanceKlass  @cpi com/sun/javafx/runtime/async/AbstractAsyncOperation 136 form vmentry <vmtarget> ; # java/lang/invoke/LambdaForm$DMH+0x0000000081358400
instanceKlass java/text/DontCareFieldPosition$1
instanceKlass java/text/Format$FieldDelegate
instanceKlass java/text/DigitList
instanceKlass java/text/DateFormatSymbols
instanceKlass sun/util/locale/provider/CalendarDataUtility$CalendarWeekParameterGetter
instanceKlass java/util/Calendar$Builder
instanceKlass java/util/Calendar
instanceKlass sun/net/www/MimeEntry
instanceKlass sun/net/www/MimeTable$DefaultInstanceHolder
instanceKlass sun/net/www/MimeTable
instanceKlass java/net/URLConnection$1
instanceKlass java/net/FileNameMap
instanceKlass com/sun/javafx/runtime/async/AbstractAsyncOperation$1
instanceKlass  @bci com/sun/javafx/runtime/async/AbstractAsyncOperation <init> (Lcom/sun/javafx/runtime/async/AsyncOperationListener;)V 17 <appendix> member <vmtarget> ; # com/sun/javafx/runtime/async/AbstractAsyncOperation$$Lambda+0x00000000813567c0
instanceKlass  @bci com/sun/javafx/tk/quantum/PrismImageLoader2$AsyncImageLoader createExecutor ()Ljava/util/concurrent/ExecutorService; 17 <appendix> member <vmtarget> ; # com/sun/javafx/tk/quantum/PrismImageLoader2$AsyncImageLoader$$Lambda+0x0000000081356590
instanceKlass  @cpi com/sun/javafx/tk/quantum/PrismImageLoader2$AsyncImageLoader 117 form vmentry <vmtarget> ; # java/lang/invoke/LambdaForm$DMH+0x0000000081358000
instanceKlass  @bci com/sun/javafx/tk/quantum/QuantumToolkit loadImageAsync (Lcom/sun/javafx/runtime/async/AsyncOperationListener;Ljava/lang/String;DDZZ)Lcom/sun/javafx/runtime/async/AbstractRemoteResource; 1 <appendix> member <vmtarget> ; # com/sun/javafx/tk/quantum/QuantumToolkit$$Lambda+0x0000000081355d78
instanceKlass com/sun/javafx/runtime/async/AbstractRemoteResource$SizedStreamSupplier
instanceKlass javafx/scene/image/Image$ImageTask
instanceKlass com/sun/javafx/runtime/async/AsyncOperationListener
instanceKlass  @bci com/uet/auction/client/controller/ProductItemController startCountdown ()V 34 <appendix> member <vmtarget> ; # com/uet/auction/client/controller/ProductItemController$$Lambda+0x00000000813552d8
instanceKlass com/uet/auction/client/controller/ProductItemController
instanceKlass  @bci com/uet/auction/client/controller/HomecontentController filterAndDisplay ()V 58 <appendix> member <vmtarget> ; # com/uet/auction/client/controller/HomecontentController$$Lambda+0x0000000081354e48
instanceKlass  @bci com/uet/auction/client/controller/HomecontentController displayProducts (Ljava/util/List;)V 2 <appendix> member <vmtarget> ; # com/uet/auction/client/controller/HomecontentController$$Lambda+0x0000000081354c18
instanceKlass com/uet/auction/client/controller/ProfileController
instanceKlass com/uet/auction/client/controller/AdminController
instanceKlass com/uet/auction/client/controller/UserController
instanceKlass java/lang/FdLibm$Acos
instanceKlass  @bci com/sun/javafx/tk/quantum/PaintCollector lambda$liveRepaintRenderJob$0 (Lcom/sun/javafx/tk/quantum/QuantumToolkit;Lcom/sun/javafx/tk/quantum/ViewPainter;Ljava/util/concurrent/CountDownLatch;)Ljava/lang/Object; 7 <appendix> member <vmtarget> ; # com/sun/javafx/tk/quantum/PaintCollector$$Lambda+0x00000000813525e8
instanceKlass  @bci com/sun/javafx/tk/quantum/PaintCollector liveRepaintRenderJob (Lcom/sun/javafx/tk/quantum/ViewScene;)V 31 <appendix> member <vmtarget> ; # com/sun/javafx/tk/quantum/PaintCollector$$Lambda+0x00000000813523b8
instanceKlass com/sun/javafx/geom/Path2D$SVGParser
instanceKlass com/sun/javafx/sg/prism/CacheFilter
instanceKlass jdk/internal/icu/util/CodePointTrie$Data
instanceKlass jdk/internal/icu/util/CodePointMap
instanceKlass jdk/internal/icu/util/VersionInfo
instanceKlass jdk/internal/icu/impl/UCharacterProperty$IsAcceptable
instanceKlass jdk/internal/icu/impl/UCharacterProperty$IntProperty
instanceKlass jdk/internal/icu/impl/UCharacterProperty
instanceKlass javafx/scene/shape/SVGPath$1
instanceKlass com/sun/javafx/scene/shape/SVGPathHelper$SVGPathAccessor
instanceKlass  @bci javafx/scene/control/skin/ScrollBarSkin <init> (Ljavafx/scene/control/ScrollBar;)V 93 <appendix> member <vmtarget> ; # javafx/scene/control/skin/ScrollBarSkin$$Lambda+0x0000000081350240
instanceKlass  @bci javafx/scene/control/skin/ScrollBarSkin <init> (Ljavafx/scene/control/ScrollBar;)V 78 <appendix> member <vmtarget> ; # javafx/scene/control/skin/ScrollBarSkin$$Lambda+0x0000000081350000
instanceKlass  @bci javafx/scene/control/skin/ScrollBarSkin <init> (Ljavafx/scene/control/ScrollBar;)V 38 <appendix> member <vmtarget> ; # javafx/scene/control/skin/ScrollBarSkin$$Lambda+0x000000008134fd60
instanceKlass  @bci javafx/scene/control/skin/ScrollBarSkin initialize ()V 314 <appendix> member <vmtarget> ; # javafx/scene/control/skin/ScrollBarSkin$$Lambda+0x000000008134fb30
instanceKlass  @bci javafx/scene/control/skin/ScrollBarSkin initialize ()V 294 <appendix> member <vmtarget> ; # javafx/scene/control/skin/ScrollBarSkin$$Lambda+0x000000008134f900
instanceKlass  @bci javafx/scene/control/skin/ScrollBarSkin initialize ()V 281 <appendix> member <vmtarget> ; # javafx/scene/control/skin/ScrollBarSkin$$Lambda+0x000000008134f6d0
instanceKlass  @bci javafx/scene/control/skin/ScrollBarSkin initialize ()V 268 <appendix> member <vmtarget> ; # javafx/scene/control/skin/ScrollBarSkin$$Lambda+0x000000008134f4a0
instanceKlass  @bci javafx/scene/control/skin/ScrollBarSkin initialize ()V 255 <appendix> member <vmtarget> ; # javafx/scene/control/skin/ScrollBarSkin$$Lambda+0x000000008134f270
instanceKlass  @bci javafx/scene/control/skin/ScrollBarSkin initialize ()V 242 <appendix> member <vmtarget> ; # javafx/scene/control/skin/ScrollBarSkin$$Lambda+0x000000008134f040
instanceKlass  @bci javafx/scene/control/skin/ScrollBarSkin initialize ()V 229 <appendix> member <vmtarget> ; # javafx/scene/control/skin/ScrollBarSkin$$Lambda+0x000000008134ee10
instanceKlass  @bci javafx/scene/control/skin/ScrollBarSkin initialize ()V 216 <appendix> member <vmtarget> ; # javafx/scene/control/skin/ScrollBarSkin$$Lambda+0x000000008134ebe0
instanceKlass  @bci javafx/scene/control/skin/ScrollBarSkin initialize ()V 203 <appendix> member <vmtarget> ; # javafx/scene/control/skin/ScrollBarSkin$$Lambda+0x000000008134e9b0
instanceKlass  @bci javafx/scene/control/skin/ScrollBarSkin initialize ()V 162 <appendix> member <vmtarget> ; # javafx/scene/control/skin/ScrollBarSkin$$Lambda+0x000000008134e780
instanceKlass  @bci javafx/scene/control/skin/ScrollBarSkin initialize ()V 149 <appendix> member <vmtarget> ; # javafx/scene/control/skin/ScrollBarSkin$$Lambda+0x000000008134e550
instanceKlass  @bci com/sun/javafx/scene/control/behavior/ScrollBarBehavior <init> (Ljavafx/scene/control/ScrollBar;)V 285 <appendix> member <vmtarget> ; # com/sun/javafx/scene/control/behavior/ScrollBarBehavior$$Lambda+0x000000008134e320
instanceKlass  @bci com/sun/javafx/scene/control/behavior/ScrollBarBehavior <init> (Ljavafx/scene/control/ScrollBar;)V 266 <appendix> member <vmtarget> ; # com/sun/javafx/scene/control/behavior/ScrollBarBehavior$$Lambda+0x000000008134e0f0
instanceKlass  @bci com/sun/javafx/scene/control/behavior/ScrollBarBehavior <init> (Ljavafx/scene/control/ScrollBar;)V 247 <appendix> member <vmtarget> ; # com/sun/javafx/scene/control/behavior/ScrollBarBehavior$$Lambda+0x000000008134dec0
instanceKlass  @bci com/sun/javafx/scene/control/behavior/ScrollBarBehavior <init> (Ljavafx/scene/control/ScrollBar;)V 228 <appendix> member <vmtarget> ; # com/sun/javafx/scene/control/behavior/ScrollBarBehavior$$Lambda+0x000000008134dc90
instanceKlass  @bci com/sun/javafx/scene/control/behavior/ScrollBarBehavior <init> (Ljavafx/scene/control/ScrollBar;)V 202 <appendix> member <vmtarget> ; # com/sun/javafx/scene/control/behavior/ScrollBarBehavior$$Lambda+0x000000008134da30
instanceKlass  @bci com/sun/javafx/scene/control/behavior/ScrollBarBehavior <init> (Ljavafx/scene/control/ScrollBar;)V 167 <appendix> member <vmtarget> ; # com/sun/javafx/scene/control/behavior/ScrollBarBehavior$$Lambda+0x000000008134d800
instanceKlass  @bci com/sun/javafx/scene/control/behavior/ScrollBarBehavior <init> (Ljavafx/scene/control/ScrollBar;)V 147 <appendix> member <vmtarget> ; # com/sun/javafx/scene/control/behavior/ScrollBarBehavior$$Lambda+0x000000008134d5d0
instanceKlass  @bci com/sun/javafx/scene/control/behavior/ScrollBarBehavior <init> (Ljavafx/scene/control/ScrollBar;)V 127 <appendix> member <vmtarget> ; # com/sun/javafx/scene/control/behavior/ScrollBarBehavior$$Lambda+0x000000008134d3a0
instanceKlass  @bci com/sun/javafx/scene/control/behavior/ScrollBarBehavior <init> (Ljavafx/scene/control/ScrollBar;)V 107 <appendix> member <vmtarget> ; # com/sun/javafx/scene/control/behavior/ScrollBarBehavior$$Lambda+0x000000008134d170
instanceKlass  @bci com/sun/javafx/scene/control/behavior/ScrollBarBehavior <init> (Ljavafx/scene/control/ScrollBar;)V 80 <appendix> member <vmtarget> ; # com/sun/javafx/scene/control/behavior/ScrollBarBehavior$$Lambda+0x000000008134cf10
instanceKlass  @bci com/sun/javafx/scene/control/behavior/ScrollBarBehavior <init> (Ljavafx/scene/control/ScrollBar;)V 57 <appendix> member <vmtarget> ; # com/sun/javafx/scene/control/behavior/ScrollBarBehavior$$Lambda+0x000000008134cce0
instanceKlass  @bci com/sun/javafx/scene/control/behavior/ScrollBarBehavior <init> (Ljavafx/scene/control/ScrollBar;)V 35 <appendix> member <vmtarget> ; # com/sun/javafx/scene/control/behavior/ScrollBarBehavior$$Lambda+0x000000008134cab0
instanceKlass  @bci javafx/scene/control/skin/ScrollPaneSkin <init> (Ljavafx/scene/control/ScrollPane;)V 241 <appendix> member <vmtarget> ; # javafx/scene/control/skin/ScrollPaneSkin$$Lambda+0x0000000081349f08
instanceKlass  @bci javafx/scene/control/skin/ScrollPaneSkin <init> (Ljavafx/scene/control/ScrollPane;)V 230 <appendix> member <vmtarget> ; # javafx/scene/control/skin/ScrollPaneSkin$$Lambda+0x0000000081349cc8
instanceKlass  @bci javafx/scene/control/skin/ScrollPaneSkin <init> (Ljavafx/scene/control/ScrollPane;)V 215 <appendix> member <vmtarget> ; # javafx/scene/control/skin/ScrollPaneSkin$$Lambda+0x0000000081349a88
instanceKlass  @bci javafx/scene/control/skin/ScrollPaneSkin <init> (Ljavafx/scene/control/ScrollPane;)V 200 <appendix> member <vmtarget> ; # javafx/scene/control/skin/ScrollPaneSkin$$Lambda+0x0000000081349848
instanceKlass  @bci javafx/scene/control/skin/ScrollPaneSkin <init> (Ljavafx/scene/control/ScrollPane;)V 185 <appendix> member <vmtarget> ; # javafx/scene/control/skin/ScrollPaneSkin$$Lambda+0x0000000081349608
instanceKlass  @bci javafx/scene/control/skin/ScrollPaneSkin <init> (Ljavafx/scene/control/ScrollPane;)V 170 <appendix> member <vmtarget> ; # javafx/scene/control/skin/ScrollPaneSkin$$Lambda+0x00000000813493c8
instanceKlass  @bci javafx/scene/control/skin/ScrollPaneSkin <init> (Ljavafx/scene/control/ScrollPane;)V 155 <appendix> member <vmtarget> ; # javafx/scene/control/skin/ScrollPaneSkin$$Lambda+0x0000000081349188
instanceKlass  @bci javafx/scene/control/skin/ScrollPaneSkin <init> (Ljavafx/scene/control/ScrollPane;)V 122 <appendix> member <vmtarget> ; # javafx/scene/control/skin/ScrollPaneSkin$$Lambda+0x0000000081348d58
instanceKlass  @bci javafx/scene/control/skin/ScrollPaneSkin <init> (Ljavafx/scene/control/ScrollPane;)V 111 <appendix> member <vmtarget> ; # javafx/scene/control/skin/ScrollPaneSkin$$Lambda+0x0000000081348b18
instanceKlass  @bci javafx/scene/control/skin/ScrollPaneSkin initialize ()V 570 <appendix> member <vmtarget> ; # javafx/scene/control/skin/ScrollPaneSkin$$Lambda+0x00000000813488e8
instanceKlass  @bci javafx/scene/control/skin/ScrollPaneSkin initialize ()V 551 <appendix> member <vmtarget> ; # javafx/scene/control/skin/ScrollPaneSkin$$Lambda+0x0000000081348460
instanceKlass  @bci javafx/scene/control/skin/ScrollPaneSkin initialize ()V 533 <appendix> member <vmtarget> ; # javafx/scene/control/skin/ScrollPaneSkin$$Lambda+0x0000000081348230
instanceKlass  @bci javafx/scene/control/skin/ScrollPaneSkin initialize ()V 517 <appendix> member <vmtarget> ; # javafx/scene/control/skin/ScrollPaneSkin$$Lambda+0x0000000081348000
instanceKlass  @bci javafx/scene/control/skin/ScrollPaneSkin initialize ()V 492 <appendix> member <vmtarget> ; # javafx/scene/control/skin/ScrollPaneSkin$$Lambda+0x0000000081347db8
instanceKlass  @bci javafx/scene/control/skin/ScrollPaneSkin initialize ()V 468 <appendix> argL0 ; # javafx/scene/control/skin/ScrollPaneSkin$$Lambda+0x0000000081347b90
instanceKlass  @bci javafx/scene/control/skin/ScrollPaneSkin initialize ()V 460 <appendix> member <vmtarget> ; # javafx/scene/control/skin/ScrollPaneSkin$$Lambda+0x0000000081347960
instanceKlass  @bci javafx/scene/control/skin/ScrollPaneSkin initialize ()V 447 <appendix> member <vmtarget> ; # javafx/scene/control/skin/ScrollPaneSkin$$Lambda+0x0000000081347730
instanceKlass  @bci javafx/scene/control/skin/ScrollPaneSkin initialize ()V 431 <appendix> member <vmtarget> ; # javafx/scene/control/skin/ScrollPaneSkin$$Lambda+0x0000000081347500
instanceKlass  @bci javafx/scene/control/skin/ScrollPaneSkin initialize ()V 418 <appendix> member <vmtarget> ; # javafx/scene/control/skin/ScrollPaneSkin$$Lambda+0x00000000813472d0
instanceKlass  @bci javafx/scene/control/skin/ScrollPaneSkin initialize ()V 404 <appendix> member <vmtarget> ; # javafx/scene/control/skin/ScrollPaneSkin$$Lambda+0x00000000813470a0
instanceKlass  @bci javafx/scene/control/skin/ScrollPaneSkin initialize ()V 385 <appendix> member <vmtarget> ; # javafx/scene/control/skin/ScrollPaneSkin$$Lambda+0x0000000081346e70
instanceKlass javafx/scene/control/ScrollBar$StyleableProperties
instanceKlass javafx/scene/layout/FlowPane$StyleableProperties
instanceKlass com/sun/javafx/scene/control/ListenerHelper$EvHa
instanceKlass  @bci javafx/scene/control/skin/ScrollPaneSkin initialize ()V 180 <appendix> member <vmtarget> ; # javafx/scene/control/skin/ScrollPaneSkin$$Lambda+0x0000000081344ed8
instanceKlass  @bci javafx/scene/control/skin/ScrollPaneSkin initialize ()V 30 <appendix> member <vmtarget> ; # javafx/scene/control/skin/ScrollPaneSkin$$Lambda+0x0000000081342910
instanceKlass com/sun/javafx/scene/traversal/TraverseListener
instanceKlass  @bci com/sun/javafx/scene/control/behavior/ScrollPaneBehavior <init> (Ljavafx/scene/control/ScrollPane;)V 289 <appendix> member <vmtarget> ; # com/sun/javafx/scene/control/behavior/ScrollPaneBehavior$$Lambda+0x00000000813424d8
instanceKlass  @bci com/sun/javafx/scene/control/behavior/ScrollPaneBehavior <init> (Ljavafx/scene/control/ScrollPane;)V 268 <appendix> member <vmtarget> ; # com/sun/javafx/scene/control/behavior/ScrollPaneBehavior$$Lambda+0x00000000813422a8
instanceKlass  @bci com/sun/javafx/scene/control/behavior/ScrollPaneBehavior <init> (Ljavafx/scene/control/ScrollPane;)V 240 <appendix> member <vmtarget> ; # com/sun/javafx/scene/control/behavior/ScrollPaneBehavior$$Lambda+0x0000000081342078
instanceKlass  @bci com/sun/javafx/scene/control/behavior/ScrollPaneBehavior <init> (Ljavafx/scene/control/ScrollPane;)V 212 <appendix> member <vmtarget> ; # com/sun/javafx/scene/control/behavior/ScrollPaneBehavior$$Lambda+0x0000000081341e48
instanceKlass  @bci com/sun/javafx/scene/control/behavior/ScrollPaneBehavior <init> (Ljavafx/scene/control/ScrollPane;)V 184 <appendix> member <vmtarget> ; # com/sun/javafx/scene/control/behavior/ScrollPaneBehavior$$Lambda+0x0000000081341c18
instanceKlass  @bci com/sun/javafx/scene/control/behavior/ScrollPaneBehavior <init> (Ljavafx/scene/control/ScrollPane;)V 157 <appendix> member <vmtarget> ; # com/sun/javafx/scene/control/behavior/ScrollPaneBehavior$$Lambda+0x00000000813419e8
instanceKlass  @bci com/sun/javafx/scene/control/behavior/ScrollPaneBehavior <init> (Ljavafx/scene/control/ScrollPane;)V 130 <appendix> member <vmtarget> ; # com/sun/javafx/scene/control/behavior/ScrollPaneBehavior$$Lambda+0x00000000813417b8
instanceKlass  @bci com/sun/javafx/scene/control/behavior/ScrollPaneBehavior <init> (Ljavafx/scene/control/ScrollPane;)V 103 <appendix> member <vmtarget> ; # com/sun/javafx/scene/control/behavior/ScrollPaneBehavior$$Lambda+0x0000000081341588
instanceKlass  @bci com/sun/javafx/scene/control/behavior/ScrollPaneBehavior <init> (Ljavafx/scene/control/ScrollPane;)V 76 <appendix> member <vmtarget> ; # com/sun/javafx/scene/control/behavior/ScrollPaneBehavior$$Lambda+0x0000000081341358
instanceKlass  @bci com/sun/javafx/scene/control/behavior/ScrollPaneBehavior <init> (Ljavafx/scene/control/ScrollPane;)V 48 <appendix> member <vmtarget> ; # com/sun/javafx/scene/control/behavior/ScrollPaneBehavior$$Lambda+0x0000000081341128
instanceKlass  @bci com/sun/javafx/scene/control/behavior/ScrollPaneBehavior <init> (Ljavafx/scene/control/ScrollPane;)V 14 <appendix> member <vmtarget> ; # com/sun/javafx/scene/control/behavior/ScrollPaneBehavior$$Lambda+0x0000000081340ec8
instanceKlass javafx/scene/control/skin/ScrollPaneSkin$2
instanceKlass javafx/scene/control/skin/ScrollPaneSkin$1
instanceKlass com/sun/javafx/font/PrismFontFactory$TTFilter
instanceKlass  @bci javafx/util/Subscription lambda$combine$0 (Ljava/util/List;)V 1 <appendix> argL0 ; # javafx/util/Subscription$$Lambda+0x000000008133d418
instanceKlass  @cpi javafx/util/Subscription 70 form vmentry <vmtarget> ; # java/lang/invoke/LambdaForm$DMH+0x0000000081332c00
instanceKlass  @bci com/sun/javafx/tk/quantum/ViewScene dispose ()V 8 <appendix> member <vmtarget> ; # com/sun/javafx/tk/quantum/ViewScene$$Lambda+0x000000008133d1e8
instanceKlass  @bci com/sun/javafx/tk/quantum/QuantumRenderer disposePresentable (Lcom/sun/prism/Presentable;)V 40 <appendix> member <vmtarget> ; # com/sun/javafx/tk/quantum/QuantumRenderer$$Lambda+0x000000008133cfb8
instanceKlass  @bci com/sun/javafx/tk/quantum/WindowStage setScene (Lcom/sun/javafx/tk/TKScene;)V 54 <appendix> member <vmtarget> ; # com/sun/javafx/tk/quantum/WindowStage$$Lambda+0x000000008133cd88
instanceKlass javafx/scene/control/ScrollPane$StyleableProperties
instanceKlass  @bci com/uet/auction/client/network/ResponseListener run ()V 682 <appendix> member <vmtarget> ; # com/uet/auction/client/network/ResponseListener$$Lambda+0x000000008133bbe0
instanceKlass sun/security/provider/ByteArrayAccess$LE
instanceKlass java/time/Ser
instanceKlass java/util/function/UnaryOperator
instanceKlass  @bci com/uet/auction/client/controller/HomecontentController initialize ()V 105 <appendix> member <vmtarget> ; # com/uet/auction/client/controller/HomecontentController$$Lambda+0x000000008133b7b0
instanceKlass  @bci com/uet/auction/client/controller/HomecontentController initialize ()V 53 <appendix> member <vmtarget> ; # com/uet/auction/client/controller/HomecontentController$$Lambda+0x000000008133b580
instanceKlass  @bci com/uet/auction/client/controller/HomecontentController initialize ()V 19 <appendix> member <vmtarget> ; # com/uet/auction/client/controller/HomecontentController$$Lambda+0x000000008133b350
instanceKlass javafx/scene/layout/FlowPane$Run
instanceKlass  @bci javafx/scene/layout/FlowPane <clinit> ()V 0 <appendix> argL0 ; # javafx/scene/layout/FlowPane$$Lambda+0x000000008133af10
instanceKlass com/uet/auction/common/DTO/ProductDTO
instanceKlass  @bci com/uet/auction/client/network/ResponseListener run ()V 993 <appendix> form vmentry <vmtarget> ; # java/lang/invoke/LambdaForm$DMH+0x0000000081332800
instanceKlass  @bci com/uet/auction/client/network/ResponseListener run ()V 993 <appendix> member <vmtarget> ; # com/uet/auction/client/network/ResponseListener$$Lambda+0x0000000081335b38
instanceKlass  @cpi com/uet/auction/client/network/ResponseListener 416 form vmentry <vmtarget> ; # java/lang/invoke/LambdaForm$DMH+0x0000000081332400
instanceKlass jdk/internal/math/FormattedFPDecimal
# instanceKlass java/lang/invoke/LambdaForm$MH+0x0000000081332000
instanceKlass javafx/scene/layout/BorderPane$BorderPositionProperty$1
instanceKlass com/uet/auction/client/controller/SellerController
instanceKlass  @bci com/uet/auction/client/controller/LoginController handleLoginResponse (Lcom/uet/auction/common/Response/AuctionResponse;)V 2 <appendix> member <vmtarget> ; # com/uet/auction/client/controller/LoginController$$Lambda+0x000000008132f730
instanceKlass com/uet/auction/common/DTO/UserDTO
instanceKlass com/uet/auction/common/Request/AuctionRequest
instanceKlass com/uet/auction/common/Request/LoginRequest
instanceKlass com/sun/javafx/geometry/BoundsUtils
instanceKlass com/sun/javafx/scene/input/KeyCodeMap
instanceKlass javafx/scene/text/HitInfo
instanceKlass com/sun/javafx/scene/text/TextLayout$Hit
instanceKlass  @bci javafx/scene/Scene$ClickCounter start (DD)V 67 <appendix> member <vmtarget> ; # javafx/scene/Scene$ClickCounter$$Lambda+0x000000008132e158
instanceKlass com/sun/javafx/tk/TKDragSourceListener
instanceKlass javafx/scene/Scene$DnDGesture
instanceKlass com/sun/glass/ui/win/WinClipboardDelegate
instanceKlass com/sun/glass/ui/Clipboard
instanceKlass  @bci com/sun/javafx/scene/control/inputmap/InputMap lookup (Ljavafx/event/Event;Z)Ljava/util/List; 82 <appendix> argL0 ; # com/sun/javafx/scene/control/inputmap/InputMap$$Lambda+0x000000008132d0e8
instanceKlass  @bci com/sun/javafx/tk/quantum/GlassWindowEventHandler forceRepaint ()V 1 <appendix> member <vmtarget> ; # com/sun/javafx/tk/quantum/GlassWindowEventHandler$$Lambda+0x000000008132ceb8
instanceKlass java/util/concurrent/locks/AbstractQueuedLongSynchronizer$Node
# instanceKlass java/lang/invoke/LambdaForm$MH+0x0000000081331c00
instanceKlass java/util/IdentityHashMap$IdentityHashMapIterator
# instanceKlass java/lang/invoke/LambdaForm$MH+0x0000000081331800
# instanceKlass java/lang/invoke/LambdaForm$MH+0x0000000081331400
# instanceKlass java/lang/invoke/LambdaForm$MH+0x0000000081331000
# instanceKlass java/lang/invoke/LambdaForm$MH+0x0000000081330c00
# instanceKlass java/lang/invoke/LambdaForm$MH+0x0000000081330800
# instanceKlass java/lang/invoke/LambdaForm$MH+0x0000000081330400
# instanceKlass java/lang/invoke/LambdaForm$MH+0x0000000081330000
# instanceKlass java/lang/invoke/LambdaForm$DMH+0x0000000081322c00
# instanceKlass java/lang/invoke/LambdaForm$MH+0x0000000081322800
instanceKlass com/uet/auction/client/controller/ProductDetailController
instanceKlass  @bci java/time/format/DateTimeFormatter <clinit> ()V 1075 <appendix> argL0 ; # java/time/format/DateTimeFormatter$$Lambda+0x80000001b
instanceKlass  @bci java/time/format/DateTimeFormatter <clinit> ()V 1067 <appendix> argL0 ; # java/time/format/DateTimeFormatter$$Lambda+0x80000001a
instanceKlass java/time/Period
instanceKlass java/time/chrono/ChronoPeriod
instanceKlass java/time/format/DateTimeFormatterBuilder$TextPrinterParser
instanceKlass java/time/format/DateTimeTextProvider$1
instanceKlass java/time/format/DateTimeTextProvider
instanceKlass java/time/format/DateTimeTextProvider$LocaleStore
instanceKlass java/time/format/DateTimeFormatterBuilder$InstantPrinterParser
instanceKlass java/time/format/DateTimeFormatterBuilder$StringLiteralPrinterParser
instanceKlass java/time/format/DateTimeFormatterBuilder$ZoneIdPrinterParser
instanceKlass java/time/format/DateTimeFormatterBuilder$OffsetIdPrinterParser
instanceKlass java/time/format/DecimalStyle
instanceKlass java/time/format/DateTimeFormatterBuilder$CompositePrinterParser
instanceKlass java/time/chrono/AbstractChronology
instanceKlass java/time/chrono/Chronology
instanceKlass java/time/format/DateTimeFormatterBuilder$CharLiteralPrinterParser
instanceKlass java/time/format/DateTimeFormatterBuilder$NumberPrinterParser
instanceKlass java/time/format/DateTimeFormatterBuilder$DateTimePrinterParser
instanceKlass java/time/temporal/JulianFields
instanceKlass java/time/temporal/IsoFields
instanceKlass  @bci java/time/format/DateTimeFormatterBuilder <clinit> ()V 0 <appendix> argL0 ; # java/time/format/DateTimeFormatterBuilder$$Lambda+0x80000001c
instanceKlass java/time/temporal/TemporalQuery
instanceKlass java/time/format/DateTimeFormatterBuilder
instanceKlass java/time/format/DateTimeFormatter
instanceKlass com/uet/auction/client/controller/AdminPendingController
instanceKlass com/uet/auction/client/controller/HomecontentController
instanceKlass com/uet/auction/client/util/SessionManager
instanceKlass  @bci com/uet/auction/client/network/ResponseListener run ()V 790 <appendix> argL0 ; # com/uet/auction/client/network/ResponseListener$$Lambda+0x0000000081327868
# instanceKlass java/lang/invoke/LambdaForm$MH+0x0000000081322400
instanceKlass  @bci javafx/animation/Animation stop ()V 19 <appendix> member <vmtarget> ; # javafx/animation/Animation$$Lambda+0x0000000081327638
instanceKlass com/sun/prism/impl/ps/CachingShapeRepState$CSRDisposerRecord
instanceKlass com/sun/prism/impl/ps/CachingShapeRepState$MaskTexData
instanceKlass  @bci com/sun/prism/impl/ps/CachingShapeRepState$MaskCache <clinit> ()V 0 <appendix> argL0 ; # com/sun/prism/impl/ps/CachingShapeRepState$MaskCache$$Lambda+0x0000000081326d30
instanceKlass com/sun/prism/impl/ps/CachingShapeRepState$CacheEntry
instanceKlass com/sun/prism/impl/ps/CachingShapeRepState$MaskCache
instanceKlass com/sun/prism/impl/ps/CachingShapeRepState
instanceKlass com/sun/prism/impl/ps/CachingShapeRep
instanceKlass com/sun/javafx/geom/transform/TransformHelper
instanceKlass com/sun/scenario/effect/impl/BufferUtil
# instanceKlass java/lang/invoke/LambdaForm$MH+0x0000000081322000
instanceKlass com/sun/scenario/effect/impl/state/BoxRenderState$1
instanceKlass com/sun/javafx/image/impl/ByteGray$Accessor
instanceKlass com/sun/javafx/image/impl/ByteGray
instanceKlass com/sun/prism/shader/Texture_Color_Loader
instanceKlass com/sun/marlin/ArrayCacheConst
instanceKlass java/lang/invoke/VarHandleSegmentAsBytes
instanceKlass java/lang/foreign/Arena$1Holder
instanceKlass com/sun/marlin/MaskMarlinAlphaConsumer
instanceKlass java/lang/invoke/VarHandleSegmentAsInts
instanceKlass  @bci jdk/internal/foreign/layout/AbstractLayout varHandleInternal ([Ljava/lang/foreign/MemoryLayout$PathElement;)Ljava/lang/invoke/VarHandle; 7 <appendix> argL0 ; # jdk/internal/foreign/layout/AbstractLayout$$Lambda+0x00000000811d4288
# instanceKlass java/lang/invoke/LambdaForm$DMH+0x0000000081321400
# instanceKlass java/lang/invoke/LambdaForm$DMH+0x0000000081321000
# instanceKlass java/lang/invoke/LambdaForm$DMH+0x0000000081320800
# instanceKlass java/lang/invoke/LambdaForm$DMH+0x0000000081320400
# instanceKlass java/lang/invoke/LambdaForm$DMH+0x0000000081320000
instanceKlass java/lang/foreign/MemoryLayout$PathElement
instanceKlass jdk/internal/foreign/LayoutPath
instanceKlass com/sun/marlin/Helpers
instanceKlass com/sun/prism/impl/shape/DMarlinPrismUtils
instanceKlass com/sun/marlin/DPQSSorterContext
instanceKlass com/sun/marlin/Dasher$LengthIterator
instanceKlass com/sun/marlin/Dasher
instanceKlass com/sun/marlin/Stroker
instanceKlass com/sun/marlin/ArrayCacheIntClean$Reference
instanceKlass  @bci com/sun/marlin/OffHeapArray <init> (Ljava/lang/Object;JZ)V 87 <appendix> member <vmtarget> ; # com/sun/marlin/OffHeapArray$$Lambda+0x000000008131e000
instanceKlass jdk/internal/foreign/MemorySessionImpl$ResourceList$ResourceCleanup
instanceKlass jdk/internal/foreign/AbstractMemorySegmentImpl
instanceKlass jdk/internal/foreign/SegmentFactories
instanceKlass jdk/internal/foreign/ArenaImpl
instanceKlass jdk/internal/foreign/MemorySessionImpl$ResourceList
instanceKlass  @bci jdk/internal/foreign/MemorySessionImpl <clinit> ()V 47 <appendix> argL0 ; # jdk/internal/foreign/MemorySessionImpl$$Lambda+0x00000000811d0d68
instanceKlass  @bci jdk/internal/foreign/MemorySessionImpl <clinit> ()V 32 <appendix> argL0 ; # jdk/internal/foreign/MemorySessionImpl$$Lambda+0x00000000811d08d8
instanceKlass java/lang/foreign/Arena
instanceKlass java/lang/foreign/SegmentAllocator
instanceKlass java/lang/foreign/ValueLayout$OfDouble
instanceKlass java/lang/foreign/ValueLayout$OfFloat
instanceKlass java/lang/foreign/ValueLayout$OfLong
instanceKlass java/lang/foreign/ValueLayout$OfInt
instanceKlass java/lang/foreign/ValueLayout$OfShort
instanceKlass java/lang/foreign/ValueLayout$OfChar
instanceKlass java/lang/foreign/ValueLayout$OfBoolean
instanceKlass java/lang/foreign/ValueLayout$OfByte
# instanceKlass java/lang/invoke/LambdaForm$DMH+0x000000008131d800
# instanceKlass java/lang/invoke/LambdaForm$DMH+0x000000008131d400
# instanceKlass java/lang/invoke/LambdaForm$DMH+0x000000008131cc00
instanceKlass jdk/internal/foreign/abi/SharedUtils
instanceKlass jdk/internal/foreign/Utils
instanceKlass jdk/internal/foreign/layout/MemoryLayoutUtil
instanceKlass jdk/internal/foreign/layout/ValueLayouts
instanceKlass jdk/internal/foreign/layout/AbstractLayout
instanceKlass java/lang/foreign/AddressLayout
instanceKlass java/lang/foreign/ValueLayout
instanceKlass java/lang/foreign/MemoryLayout
instanceKlass com/sun/marlin/OffHeapArray
instanceKlass com/sun/marlin/RendererContext$RendererSharedMemory
instanceKlass com/sun/marlin/ArrayCacheInt$Reference
instanceKlass com/sun/marlin/Helpers$IndexStack
instanceKlass com/sun/marlin/TransformingPathConsumer2D$PathClipFilter
instanceKlass com/sun/marlin/TransformingPathConsumer2D$StartFlagPathConsumer2D
instanceKlass com/sun/marlin/ArrayCacheByte$Reference
instanceKlass com/sun/marlin/ArrayCacheDouble$Reference
instanceKlass com/sun/marlin/Helpers$PolyStack
instanceKlass com/sun/marlin/TransformingPathConsumer2D$ClosedPathDetector
instanceKlass com/sun/marlin/TransformingPathConsumer2D$PathTracer
instanceKlass com/sun/marlin/TransformingPathConsumer2D$DeltaTransformFilter
instanceKlass com/sun/marlin/TransformingPathConsumer2D$DeltaScaleFilter
instanceKlass com/sun/marlin/TransformingPathConsumer2D$Path2DWrapper
instanceKlass com/sun/marlin/TransformingPathConsumer2D
instanceKlass com/sun/marlin/TransformingPathConsumer2D$CurveClipSplitter
instanceKlass com/sun/marlin/TransformingPathConsumer2D$CurveBasicMonotonizer
instanceKlass com/sun/marlin/ArrayCacheByte
instanceKlass com/sun/marlin/ArrayCacheDouble
instanceKlass com/sun/marlin/ArrayCacheInt
instanceKlass com/sun/marlin/ArrayCacheIntClean
instanceKlass com/sun/marlin/PathSimplifier
instanceKlass com/sun/marlin/CollinearSimplifier
instanceKlass com/sun/marlin/Curve
instanceKlass  @bci com/sun/marlin/DMarlinRenderingEngine logSettings (Ljava/lang/String;)V 502 <appendix> form vmentry <vmtarget> ; # java/lang/invoke/LambdaForm$MH+0x000000008131c400
instanceKlass com/sun/marlin/MergeSort
instanceKlass jdk/internal/math/ToDecimal
instanceKlass  @bci com/sun/marlin/DMarlinRenderingEngine logSettings (Ljava/lang/String;)V 272 <appendix> form vmentry <vmtarget> ; # java/lang/invoke/LambdaForm$MH+0x000000008131c000
instanceKlass com/sun/marlin/Version
instanceKlass jdk/internal/ref/CleanerImpl$InnocuousThreadFactory
instanceKlass com/sun/marlin/FloatMath
instanceKlass com/sun/marlin/MarlinUtils
instanceKlass com/sun/marlin/Renderer
instanceKlass com/sun/marlin/MarlinRenderer
instanceKlass com/sun/marlin/DPathConsumer2D
instanceKlass com/sun/util/reentrant/ReentrantContext
instanceKlass com/sun/util/reentrant/ReentrantContextProvider
instanceKlass com/sun/marlin/DMarlinRenderingEngine
instanceKlass com/sun/marlin/MarlinConst
instanceKlass com/sun/marlin/MarlinProperties
instanceKlass com/sun/marlin/MarlinAlphaConsumer
instanceKlass com/sun/openpisces/AlphaConsumer
instanceKlass com/sun/prism/impl/shape/DMarlinRasterizer
instanceKlass com/sun/prism/impl/shape/ShapeUtil$1
instanceKlass com/sun/prism/impl/shape/ShapeRasterizer
instanceKlass com/sun/prism/impl/shape/ShapeUtil
instanceKlass com/sun/prism/shader/DrawRoundRect_Color_Loader
instanceKlass java/lang/FdLibm$Atan2
instanceKlass com/sun/prism/shader/FillRoundRect_LinearGradient_PAD_Loader
instanceKlass com/sun/prism/impl/ps/PaintHelper
instanceKlass com/sun/prism/paint/Stop
instanceKlass com/sun/prism/impl/packrect/Level
instanceKlass com/sun/prism/impl/shape/MaskData
instanceKlass com/sun/prism/impl/GlyphCache$GlyphData
instanceKlass com/sun/prism/shader/Solid_TextureSecondPassLCD_Loader
instanceKlass com/sun/prism/shader/Solid_TextureFirstPassLCD_Loader
instanceKlass com/sun/prism/impl/packrect/RectanglePacker
instanceKlass com/sun/prism/impl/GlyphCache
instanceKlass com/sun/javafx/font/directwrite/DWRITE_MATRIX
instanceKlass com/sun/prism/PrinterGraphics
# instanceKlass java/lang/invoke/LambdaForm$MH+0x0000000081314000
instanceKlass com/sun/prism/impl/BufferUtil
instanceKlass com/sun/prism/shader/FillRoundRect_Color_Loader
instanceKlass com/sun/javafx/geom/transform/AffineBase$1
instanceKlass com/sun/scenario/effect/impl/prism/ps/PPSRenderer$2
instanceKlass com/sun/scenario/effect/impl/prism/ps/PPSRenderer$1
instanceKlass com/sun/scenario/effect/impl/hw/d3d/D3DShaderSource
instanceKlass com/sun/scenario/effect/impl/hw/ShaderSource
instanceKlass com/sun/scenario/effect/FloatMap
instanceKlass com/sun/scenario/effect/impl/EffectPeer
instanceKlass com/sun/prism/ResourceFactoryListener
instanceKlass com/sun/prism/d3d/D3DPipeline$1
instanceKlass com/sun/scenario/effect/impl/prism/PrTexture
instanceKlass com/sun/scenario/effect/impl/PoolFilterable
instanceKlass com/sun/scenario/effect/impl/RendererFactory
instanceKlass com/sun/scenario/effect/impl/Renderer
instanceKlass com/sun/scenario/effect/ImageData
instanceKlass com/sun/scenario/effect/impl/ImagePool
instanceKlass com/sun/scenario/effect/impl/prism/PrRenderInfo
instanceKlass com/sun/scenario/effect/ImageDataRenderer
instanceKlass com/sun/javafx/geom/transform/Affine2D$1
instanceKlass com/sun/scenario/effect/impl/prism/PrEffectHelper
instanceKlass com/sun/prism/shader/Solid_TextureRGB_Loader
instanceKlass com/sun/prism/impl/ps/BaseShaderContext$1
instanceKlass com/sun/prism/MultiTexture
instanceKlass com/sun/prism/d3d/D3DTexture$1
instanceKlass javafx/util/Pair
instanceKlass com/sun/prism/d3d/D3DContext$1
# instanceKlass java/lang/invoke/LambdaForm$MH+0x0000000081305400
# instanceKlass java/lang/invoke/LambdaForm$MH+0x0000000081305000
# instanceKlass java/lang/invoke/LambdaForm$MH+0x0000000081304c00
instanceKlass com/sun/prism/shader/FillPgram_Color_Loader
instanceKlass com/sun/javafx/geom/transform/Affine3D$1
instanceKlass  @bci com/sun/scenario/animation/AnimationPulse$PulseData <clinit> ()V 56 <appendix> argL0 ; # com/sun/scenario/animation/AnimationPulse$PulseData$$Lambda+0x000000008130b8e0
instanceKlass  @bci com/sun/scenario/animation/AnimationPulse$PulseData <clinit> ()V 48 <appendix> argL0 ; # com/sun/scenario/animation/AnimationPulse$PulseData$$Lambda+0x000000008130b6b8
instanceKlass  @bci com/sun/scenario/animation/AnimationPulse$PulseData <clinit> ()V 40 <appendix> argL0 ; # com/sun/scenario/animation/AnimationPulse$PulseData$$Lambda+0x000000008130aea8
instanceKlass com/sun/prism/impl/BaseGraphicsResource
instanceKlass  @bci com/sun/scenario/animation/AnimationPulse$PulseData <clinit> ()V 32 <appendix> argL0 ; # com/sun/scenario/animation/AnimationPulse$PulseData$$Lambda+0x000000008130aa48
instanceKlass  @bci com/sun/scenario/animation/AnimationPulse$PulseData <clinit> ()V 24 <appendix> argL0 ; # com/sun/scenario/animation/AnimationPulse$PulseData$$Lambda+0x000000008130a820
instanceKlass  @bci com/sun/scenario/animation/AnimationPulse$PulseData <clinit> ()V 16 <appendix> argL0 ; # com/sun/scenario/animation/AnimationPulse$PulseData$$Lambda+0x000000008130a5f8
instanceKlass  @bci com/sun/scenario/animation/AnimationPulse$PulseData <clinit> ()V 8 <appendix> argL0 ; # com/sun/scenario/animation/AnimationPulse$PulseData$$Lambda+0x000000008130a3d0
instanceKlass  @bci com/sun/scenario/animation/AnimationPulse$PulseData <clinit> ()V 0 <appendix> argL0 ; # com/sun/scenario/animation/AnimationPulse$PulseData$$Lambda+0x0000000081309d58
instanceKlass  @cpi com/sun/scenario/animation/AnimationPulse$PulseData 157 form vmentry <vmtarget> ; # java/lang/invoke/LambdaForm$DMH+0x0000000081304800
instanceKlass com/sun/scenario/animation/AnimationPulse$PulseData
instanceKlass com/sun/scenario/animation/AnimationPulse$PulseData$Accessor
instanceKlass java/util/concurrent/ConcurrentLinkedQueue$Node
instanceKlass com/sun/prism/impl/Disposer$Target
instanceKlass com/sun/prism/impl/Disposer
instanceKlass com/sun/scenario/animation/AnimationPulse$AnimationPulseHolder
instanceKlass com/sun/scenario/animation/AnimationPulse
instanceKlass com/sun/scenario/animation/AnimationPulseMBean
instanceKlass com/sun/prism/impl/PrismTrace
instanceKlass com/sun/prism/d3d/D3DResource$D3DRecord
instanceKlass com/sun/prism/impl/Disposer$Record
instanceKlass com/sun/prism/impl/BaseTexture
instanceKlass com/sun/prism/d3d/D3DContextSource
instanceKlass com/sun/prism/ReadbackRenderTarget
instanceKlass com/sun/prism/d3d/D3DRenderTarget
instanceKlass com/sun/prism/impl/BaseResourcePool$WeakLinkedList
instanceKlass  @bci javafx/scene/Node buildEventDispatchChain (Ljavafx/event/EventDispatchChain;)Ljavafx/event/EventDispatchChain; 9 <appendix> member <vmtarget> ; # javafx/scene/Node$$Lambda+0x0000000081302178
instanceKlass  @bci com/sun/prism/impl/BaseResourcePool <clinit> ()V 110 <appendix> argL0 ; # com/sun/prism/impl/BaseResourcePool$$Lambda+0x0000000081301f50
instanceKlass  @bci com/sun/prism/impl/BaseResourcePool <clinit> ()V 92 <appendix> argL0 ; # com/sun/prism/impl/BaseResourcePool$$Lambda+0x0000000081301d28
instanceKlass  @bci com/sun/prism/impl/BaseResourcePool <clinit> ()V 74 <appendix> argL0 ; # com/sun/prism/impl/BaseResourcePool$$Lambda+0x0000000081301b00
instanceKlass  @bci com/sun/prism/impl/BaseResourcePool <clinit> ()V 56 <appendix> argL0 ; # com/sun/prism/impl/BaseResourcePool$$Lambda+0x00000000813018d8
instanceKlass java/util/EnumMap$EnumMapIterator
instanceKlass  @bci com/sun/prism/impl/BaseResourcePool <clinit> ()V 38 <appendix> argL0 ; # com/sun/prism/impl/BaseResourcePool$$Lambda+0x00000000813016b0
instanceKlass  @bci com/sun/prism/impl/BaseResourcePool <clinit> ()V 20 <appendix> argL0 ; # com/sun/prism/impl/BaseResourcePool$$Lambda+0x0000000081301488
instanceKlass  @cpi com/sun/prism/impl/BaseResourcePool 440 form vmentry <vmtarget> ; # java/lang/invoke/LambdaForm$DMH+0x0000000081304000
instanceKlass com/sun/prism/impl/ManagedResource
instanceKlass com/sun/prism/impl/BaseResourcePool$Predicate
instanceKlass com/sun/javafx/scene/input/InputEventUtils
instanceKlass java/util/concurrent/locks/ReentrantReadWriteLock$Sync$HoldCounter
instanceKlass javafx/scene/input/PickResult
instanceKlass javafx/scene/input/MouseEvent$Flags
instanceKlass com/sun/prism/impl/BaseResourcePool
instanceKlass com/sun/glass/ui/Size
instanceKlass com/sun/javafx/tk/quantum/CursorUtils$1
instanceKlass com/sun/javafx/tk/quantum/CursorUtils
instanceKlass com/sun/javafx/sg/prism/EffectFilter
instanceKlass com/sun/scenario/effect/GaussianShadow$1
instanceKlass com/sun/javafx/tk/Toolkit$1
instanceKlass com/sun/scenario/effect/impl/state/LinearConvolveRenderState
instanceKlass com/sun/scenario/effect/Color4f
instanceKlass com/sun/scenario/effect/impl/state/LinearConvolveKernel
instanceKlass com/sun/scenario/effect/impl/state/RenderState
instanceKlass com/sun/prism/image/CompoundImage
instanceKlass  @bci com/sun/javafx/tk/quantum/ViewScene setCursor (Ljava/lang/Object;)V 7 <appendix> member <vmtarget> ; # com/sun/javafx/tk/quantum/ViewScene$$Lambda+0x00000000812fde88
instanceKlass javafx/scene/effect/Effect$2
instanceKlass javafx/scene/control/TextInputControl$TextInputControlFromatterAccessor
instanceKlass  @bci javafx/animation/Animation play ()V 19 <appendix> member <vmtarget> ; # javafx/animation/Animation$$Lambda+0x00000000812fcd10
instanceKlass  @bci com/sun/javafx/scene/InputMethodStateManager <init> (Ljavafx/scene/Scene;)V 27 <appendix> member <vmtarget> ; # com/sun/javafx/scene/InputMethodStateManager$$Lambda+0x00000000812fcae0
instanceKlass  @bci com/sun/javafx/scene/InputMethodStateManager <init> (Ljavafx/scene/Scene;)V 17 <appendix> member <vmtarget> ; # com/sun/javafx/scene/InputMethodStateManager$$Lambda+0x00000000812fc8b0
instanceKlass com/sun/javafx/scene/InputMethodStateManager
instanceKlass com/sun/javafx/scene/traversal/TabOrderHelper
instanceKlass com/sun/javafx/collections/VetoableListDecorator$ModCountAccessorImpl
instanceKlass com/sun/javafx/collections/VetoableListDecorator$VetoableIteratorDecorator
instanceKlass  @bci com/sun/javafx/tk/quantum/WindowStage setVisible (Z)V 102 <appendix> form vmentry <vmtarget> ; # java/lang/invoke/LambdaForm$DMH+0x00000000812f9000
instanceKlass  @bci com/sun/javafx/tk/quantum/WindowStage setVisible (Z)V 102 <appendix> member <vmtarget> ; # com/sun/javafx/tk/quantum/WindowStage$$Lambda+0x00000000812f7b48
instanceKlass  @bci com/sun/javafx/tk/quantum/GlassViewEventHandler$ViewEventNotification get ()Ljava/lang/Void; 293 <appendix> member <vmtarget> ; # com/sun/javafx/tk/quantum/GlassViewEventHandler$ViewEventNotification$$Lambda+0x00000000812f7918
instanceKlass java/lang/FdLibm
instanceKlass java/lang/FdLibm$Hypot
instanceKlass com/sun/javafx/geom/Path2D$Iterator
instanceKlass com/sun/javafx/scene/shape/PathUtils
instanceKlass javafx/scene/layout/Region$12
instanceKlass javafx/scene/Parent$5
# instanceKlass java/lang/invoke/LambdaForm$MH+0x00000000812f8c00
instanceKlass com/sun/javafx/scene/control/behavior/MnemonicInfo
instanceKlass com/sun/javafx/text/ScriptMapper
# instanceKlass java/lang/invoke/LambdaForm$MH+0x00000000812f8800
instanceKlass jdk/internal/icu/text/BidiLine
instanceKlass jdk/internal/icu/text/UTF16
instanceKlass jdk/internal/foreign/MemorySessionImpl
instanceKlass java/lang/foreign/MemorySegment$Scope
instanceKlass jdk/internal/icu/impl/Trie2$UTrie2Header
instanceKlass jdk/internal/icu/impl/Trie2$1
instanceKlass jdk/internal/icu/impl/Trie2$ValueMapper
instanceKlass jdk/internal/icu/impl/Trie2
instanceKlass jdk/internal/icu/impl/UBiDiProps$IsAcceptable
instanceKlass jdk/internal/icu/impl/ICUBinary$Authenticate
instanceKlass jdk/internal/icu/impl/ICUBinary
instanceKlass jdk/internal/icu/impl/UBiDiProps
instanceKlass jdk/internal/icu/text/BidiBase$Point
instanceKlass jdk/internal/icu/text/BidiBase$InsertPoints
instanceKlass jdk/internal/icu/text/BidiRun
instanceKlass jdk/internal/icu/text/BidiBase$ImpTabPair
instanceKlass jdk/internal/icu/text/BidiBase
instanceKlass java/text/Bidi
instanceKlass  @bci javafx/scene/control/skin/ButtonSkin <init> (Ljavafx/scene/control/Button;)V 110 <appendix> member <vmtarget> ; # javafx/scene/control/skin/ButtonSkin$$Lambda+0x00000000812f5570
instanceKlass  @bci javafx/scene/control/skin/ButtonSkin <init> (Ljavafx/scene/control/Button;)V 96 <appendix> member <vmtarget> ; # javafx/scene/control/skin/ButtonSkin$$Lambda+0x00000000812f5330
instanceKlass  @bci javafx/scene/control/skin/ButtonSkin <init> (Ljavafx/scene/control/Button;)V 82 <appendix> member <vmtarget> ; # javafx/scene/control/skin/ButtonSkin$$Lambda+0x00000000812f50f0
instanceKlass  @bci javafx/scene/control/skin/ButtonSkin <init> (Ljavafx/scene/control/Button;)V 68 <appendix> member <vmtarget> ; # javafx/scene/control/skin/ButtonSkin$$Lambda+0x00000000812f4eb0
instanceKlass  @bci com/sun/javafx/scene/control/behavior/ButtonBehavior <init> (Ljavafx/scene/control/ButtonBase;)V 225 <appendix> argL0 ; # com/sun/javafx/scene/control/behavior/ButtonBehavior$$Lambda+0x00000000812f4c58
instanceKlass  @bci com/sun/javafx/scene/control/behavior/ButtonBehavior <init> (Ljavafx/scene/control/ButtonBase;)V 220 <appendix> member <vmtarget> ; # com/sun/javafx/scene/control/behavior/ButtonBehavior$$Lambda+0x00000000812f4a28
instanceKlass  @bci com/sun/javafx/scene/control/behavior/ButtonBehavior <init> (Ljavafx/scene/control/ButtonBase;)V 190 <appendix> argL0 ; # com/sun/javafx/scene/control/behavior/ButtonBehavior$$Lambda+0x00000000812f47d0
instanceKlass  @bci com/sun/javafx/scene/control/behavior/ButtonBehavior <init> (Ljavafx/scene/control/ButtonBase;)V 185 <appendix> member <vmtarget> ; # com/sun/javafx/scene/control/behavior/ButtonBehavior$$Lambda+0x00000000812f45a0
instanceKlass  @bci com/sun/javafx/scene/control/behavior/ButtonBehavior <init> (Ljavafx/scene/control/ButtonBase;)V 155 <appendix> member <vmtarget> ; # com/sun/javafx/scene/control/behavior/ButtonBehavior$$Lambda+0x00000000812f4370
instanceKlass  @bci com/sun/javafx/scene/control/behavior/ButtonBehavior <init> (Ljavafx/scene/control/ButtonBase;)V 136 <appendix> member <vmtarget> ; # com/sun/javafx/scene/control/behavior/ButtonBehavior$$Lambda+0x00000000812f4140
instanceKlass  @bci com/sun/javafx/scene/control/behavior/ButtonBehavior <init> (Ljavafx/scene/control/ButtonBase;)V 117 <appendix> member <vmtarget> ; # com/sun/javafx/scene/control/behavior/ButtonBehavior$$Lambda+0x00000000812f3f10
instanceKlass  @bci com/sun/javafx/scene/control/behavior/ButtonBehavior <init> (Ljavafx/scene/control/ButtonBase;)V 98 <appendix> member <vmtarget> ; # com/sun/javafx/scene/control/behavior/ButtonBehavior$$Lambda+0x00000000812f3ce0
instanceKlass  @bci com/sun/javafx/scene/control/behavior/ButtonBehavior <init> (Ljavafx/scene/control/ButtonBase;)V 79 <appendix> member <vmtarget> ; # com/sun/javafx/scene/control/behavior/ButtonBehavior$$Lambda+0x00000000812f3ab0
instanceKlass  @bci com/sun/javafx/scene/control/behavior/ButtonBehavior <init> (Ljavafx/scene/control/ButtonBase;)V 57 <appendix> member <vmtarget> ; # com/sun/javafx/scene/control/behavior/ButtonBehavior$$Lambda+0x00000000812f3880
instanceKlass  @bci com/sun/javafx/scene/control/behavior/FocusTraversalInputMap <clinit> ()V 321 <appendix> argL0 ; # com/sun/javafx/scene/control/behavior/FocusTraversalInputMap$$Lambda+0x00000000812f3658
instanceKlass  @bci com/sun/javafx/scene/control/behavior/FocusTraversalInputMap <clinit> ()V 289 <appendix> argL0 ; # com/sun/javafx/scene/control/behavior/FocusTraversalInputMap$$Lambda+0x00000000812f3430
instanceKlass  @bci com/sun/javafx/scene/control/behavior/FocusTraversalInputMap <clinit> ()V 254 <appendix> argL0 ; # com/sun/javafx/scene/control/behavior/FocusTraversalInputMap$$Lambda+0x00000000812f3208
instanceKlass  @bci com/sun/javafx/scene/control/behavior/FocusTraversalInputMap <clinit> ()V 219 <appendix> argL0 ; # com/sun/javafx/scene/control/behavior/FocusTraversalInputMap$$Lambda+0x00000000812f2fe0
instanceKlass  @bci com/sun/javafx/scene/control/behavior/FocusTraversalInputMap <clinit> ()V 184 <appendix> argL0 ; # com/sun/javafx/scene/control/behavior/FocusTraversalInputMap$$Lambda+0x00000000812f2db8
instanceKlass  @bci com/sun/javafx/scene/control/behavior/FocusTraversalInputMap <clinit> ()V 149 <appendix> argL0 ; # com/sun/javafx/scene/control/behavior/FocusTraversalInputMap$$Lambda+0x00000000812f2b90
instanceKlass  @bci com/sun/javafx/scene/control/behavior/FocusTraversalInputMap <clinit> ()V 114 <appendix> argL0 ; # com/sun/javafx/scene/control/behavior/FocusTraversalInputMap$$Lambda+0x00000000812f2968
instanceKlass  @bci com/sun/javafx/scene/control/behavior/FocusTraversalInputMap <clinit> ()V 86 <appendix> argL0 ; # com/sun/javafx/scene/control/behavior/FocusTraversalInputMap$$Lambda+0x00000000812f2740
instanceKlass  @bci com/sun/javafx/scene/control/behavior/FocusTraversalInputMap <clinit> ()V 68 <appendix> argL0 ; # com/sun/javafx/scene/control/behavior/FocusTraversalInputMap$$Lambda+0x00000000812f2518
instanceKlass  @bci com/sun/javafx/scene/control/behavior/FocusTraversalInputMap <clinit> ()V 50 <appendix> argL0 ; # com/sun/javafx/scene/control/behavior/FocusTraversalInputMap$$Lambda+0x00000000812f22f0
instanceKlass  @bci com/sun/javafx/scene/control/behavior/FocusTraversalInputMap <clinit> ()V 32 <appendix> argL0 ; # com/sun/javafx/scene/control/behavior/FocusTraversalInputMap$$Lambda+0x00000000812f20c8
instanceKlass  @bci com/sun/javafx/scene/control/behavior/FocusTraversalInputMap <clinit> ()V 14 <appendix> argL0 ; # com/sun/javafx/scene/control/behavior/FocusTraversalInputMap$$Lambda+0x00000000812f1ea0
instanceKlass  @bci com/sun/javafx/scene/control/behavior/ButtonBehavior <init> (Ljavafx/scene/control/ButtonBase;)V 7 <appendix> member <vmtarget> ; # com/sun/javafx/scene/control/behavior/ButtonBehavior$$Lambda+0x00000000812f1c70
instanceKlass  @bci javafx/scene/control/skin/ButtonSkin <init> (Ljavafx/scene/control/Button;)V 27 <appendix> member <vmtarget> ; # javafx/scene/control/skin/ButtonSkin$$Lambda+0x00000000812f1a40
instanceKlass  @bci javafx/scene/control/skin/ButtonSkin <init> (Ljavafx/scene/control/Button;)V 17 <appendix> member <vmtarget> ; # javafx/scene/control/skin/ButtonSkin$$Lambda+0x00000000812f1810
instanceKlass  @bci javafx/scene/control/skin/ButtonSkin <init> (Ljavafx/scene/control/Button;)V 7 <appendix> member <vmtarget> ; # javafx/scene/control/skin/ButtonSkin$$Lambda+0x00000000812f15e0
instanceKlass com/sun/javafx/font/directwrite/DWRITE_GLYPH_METRICS
instanceKlass com/sun/javafx/font/directwrite/DWRITE_GLYPH_RUN
instanceKlass com/sun/javafx/font/directwrite/RECT
instanceKlass com/sun/javafx/font/directwrite/D2D1_MATRIX_3X2_F
instanceKlass com/sun/javafx/font/directwrite/D2D1_COLOR_F
instanceKlass com/sun/javafx/font/directwrite/DWGlyph
instanceKlass com/sun/javafx/font/Glyph
instanceKlass javafx/scene/control/skin/TextFieldSkin$8
instanceKlass javafx/scene/control/skin/TextInputControlSkin$StyleableProperties
instanceKlass javafx/scene/control/skin/TextInputControlSkin$6
instanceKlass  @bci javafx/scene/control/skin/TextFieldSkin <init> (Ljavafx/scene/control/TextField;)V 786 <appendix> member <vmtarget> ; # javafx/scene/control/skin/TextFieldSkin$$Lambda+0x00000000812ed980
instanceKlass  @bci javafx/scene/control/skin/TextFieldSkin createPromptNode ()V 122 <appendix> argL0 ; # javafx/scene/control/skin/TextFieldSkin$$Lambda+0x00000000812ed738
instanceKlass  @bci javafx/scene/control/skin/TextFieldSkin <init> (Ljavafx/scene/control/TextField;)V 755 <appendix> member <vmtarget> ; # javafx/scene/control/skin/TextFieldSkin$$Lambda+0x00000000812ed4f8
instanceKlass  @bci javafx/scene/control/skin/TextFieldSkin <init> (Ljavafx/scene/control/TextField;)V 741 <appendix> member <vmtarget> ; # javafx/scene/control/skin/TextFieldSkin$$Lambda+0x00000000812ed2c8
instanceKlass  @bci javafx/scene/control/skin/TextFieldSkin <init> (Ljavafx/scene/control/TextField;)V 715 <appendix> member <vmtarget> ; # javafx/scene/control/skin/TextFieldSkin$$Lambda+0x00000000812ecc80
instanceKlass  @bci javafx/scene/control/skin/TextFieldSkin <init> (Ljavafx/scene/control/TextField;)V 688 <appendix> member <vmtarget> ; # javafx/scene/control/skin/TextFieldSkin$$Lambda+0x00000000812eca40
instanceKlass  @bci javafx/scene/control/skin/TextFieldSkin <init> (Ljavafx/scene/control/TextField;)V 674 <appendix> member <vmtarget> ; # javafx/scene/control/skin/TextFieldSkin$$Lambda+0x00000000812ec800
instanceKlass  @bci javafx/scene/control/skin/TextFieldSkin <init> (Ljavafx/scene/control/TextField;)V 659 <appendix> member <vmtarget> ; # javafx/scene/control/skin/TextFieldSkin$$Lambda+0x00000000812ec5d0
instanceKlass javafx/scene/shape/LineTo$1
instanceKlass com/sun/javafx/scene/shape/LineToHelper$LineToAccessor
instanceKlass com/sun/javafx/util/WeakReferenceQueue$1
instanceKlass javafx/scene/shape/MoveTo$1
instanceKlass com/sun/javafx/scene/shape/PathElementHelper
instanceKlass javafx/scene/shape/PathElement$1
instanceKlass com/sun/javafx/scene/shape/MoveToHelper$MoveToAccessor
instanceKlass com/sun/javafx/scene/shape/PathElementHelper$PathElementAccessor
instanceKlass  @bci com/sun/javafx/text/TextUtils getCaretPathElements (Lcom/sun/javafx/scene/text/TextLayout$CaretGeometry;DD)[Ljavafx/scene/shape/PathElement; 15 <appendix> member <vmtarget> ; # com/sun/javafx/text/TextUtils$$TypeSwitch+0x00000000812e8000
instanceKlass com/sun/javafx/text/TextUtils
instanceKlass javafx/scene/text/Text$11
instanceKlass com/sun/javafx/text/PrismTextLine
instanceKlass com/sun/javafx/font/PrismMetrics
instanceKlass com/sun/javafx/text/LayoutCache
instanceKlass com/sun/javafx/text/GlyphLayoutManager
instanceKlass com/sun/javafx/text/TextRun
instanceKlass javafx/scene/shape/Shape$StrokeAttributes
instanceKlass  @bci javafx/scene/control/skin/TextFieldSkin <init> (Ljavafx/scene/control/TextField;)V 566 <appendix> member <vmtarget> ; # javafx/scene/control/skin/TextFieldSkin$$Lambda+0x00000000812e1e00
instanceKlass javafx/beans/binding/Bindings$ShortCircuitAndInvalidator
instanceKlass javafx/beans/value/ObservableLongValue
instanceKlass javafx/beans/value/ObservableFloatValue
instanceKlass javafx/beans/binding/Bindings
instanceKlass  @bci com/sun/javafx/scene/control/LambdaMultiplePropertyChangeListenerHandler registerInvalidationListener (Ljavafx/beans/Observable;Ljava/util/function/Consumer;)V 38 <appendix> argL0 ; # com/sun/javafx/scene/control/LambdaMultiplePropertyChangeListenerHandler$$Lambda+0x00000000812b78d8
instanceKlass  @bci javafx/scene/control/skin/TextFieldSkin <init> (Ljavafx/scene/control/TextField;)V 477 <appendix> member <vmtarget> ; # javafx/scene/control/skin/TextFieldSkin$$Lambda+0x00000000812b7698
instanceKlass javafx/beans/property/StringPropertyBase$Listener
instanceKlass javafx/scene/shape/Rectangle$StyleableProperties
instanceKlass com/sun/javafx/collections/VetoableListDecorator$VetoableSubListDecorator
instanceKlass javafx/scene/Group$1
instanceKlass com/sun/javafx/scene/GroupHelper$GroupAccessor
instanceKlass  @bci javafx/scene/control/skin/TextFieldSkin <init> (Ljavafx/scene/control/TextField;)V 136 <appendix> member <vmtarget> ; # javafx/scene/control/skin/TextFieldSkin$$Lambda+0x00000000812b1f78
instanceKlass  @bci javafx/scene/control/skin/TextFieldSkin <init> (Ljavafx/scene/control/TextField;)V 122 <appendix> member <vmtarget> ; # javafx/scene/control/skin/TextFieldSkin$$Lambda+0x00000000812b1d38
instanceKlass  @bci com/sun/javafx/scene/control/behavior/TextFieldBehavior <init> (Ljavafx/scene/control/TextField;)V 94 <appendix> member <vmtarget> ; # com/sun/javafx/scene/control/behavior/TextFieldBehavior$$Lambda+0x00000000812b1b08
instanceKlass  @bci com/sun/javafx/scene/control/behavior/TextFieldBehavior <init> (Ljavafx/scene/control/TextField;)V 69 <appendix> member <vmtarget> ; # com/sun/javafx/scene/control/behavior/TextFieldBehavior$$Lambda+0x00000000812b18d8
instanceKlass  @cpi com/sun/javafx/scene/control/behavior/TextFieldBehavior 480 form vmentry <vmtarget> ; # java/lang/invoke/LambdaForm$DMH+0x00000000812b4000
instanceKlass  @bci com/sun/javafx/scene/control/behavior/TextFieldBehavior <init> (Ljavafx/scene/control/TextField;)V 43 <appendix> member <vmtarget> ; # com/sun/javafx/scene/control/behavior/TextFieldBehavior$$Lambda+0x00000000812b16a8
instanceKlass javafx/stage/PopupWindow$3
instanceKlass com/sun/javafx/util/TempState
instanceKlass  @bci javafx/stage/PopupWindow <init> ()V 29 <appendix> member <vmtarget> ; # javafx/stage/PopupWindow$$Lambda+0x00000000812af888
instanceKlass javafx/stage/PopupWindow$2
instanceKlass javafx/stage/PopupWindow$1
instanceKlass com/sun/javafx/stage/PopupWindowHelper$PopupWindowAccessor
instanceKlass  @bci com/sun/javafx/binding/ExpressionHelperBase trim (I[Ljava/lang/Object;)I 0 <appendix> argL0 ; # com/sun/javafx/binding/ExpressionHelperBase$$Lambda+0x00000000812a8000
instanceKlass com/sun/javafx/scene/control/behavior/TextInputControlBehavior$2
instanceKlass  @bci com/sun/javafx/scene/control/behavior/TextInputControlBehavior <init> (Ljavafx/scene/control/TextInputControl;)V 2061 <appendix> member <vmtarget> ; # com/sun/javafx/scene/control/behavior/TextInputControlBehavior$$Lambda+0x00000000812a7ae0
instanceKlass  @bci com/sun/javafx/scene/control/behavior/TextInputControlBehavior <init> (Ljavafx/scene/control/TextInputControl;)V 2031 <appendix> member <vmtarget> ; # com/sun/javafx/scene/control/behavior/TextInputControlBehavior$$Lambda+0x00000000812a78b0
instanceKlass  @bci com/sun/javafx/scene/control/behavior/TextInputControlBehavior <init> (Ljavafx/scene/control/TextInputControl;)V 1999 <appendix> member <vmtarget> ; # com/sun/javafx/scene/control/behavior/TextInputControlBehavior$$Lambda+0x00000000812a7680
instanceKlass  @bci com/sun/javafx/scene/control/behavior/TextInputControlBehavior <init> (Ljavafx/scene/control/TextInputControl;)V 1968 <appendix> member <vmtarget> ; # com/sun/javafx/scene/control/behavior/TextInputControlBehavior$$Lambda+0x00000000812a7450
instanceKlass  @bci com/sun/javafx/scene/control/behavior/TextInputControlBehavior <init> (Ljavafx/scene/control/TextInputControl;)V 1941 <appendix> member <vmtarget> ; # com/sun/javafx/scene/control/behavior/TextInputControlBehavior$$Lambda+0x00000000812a7220
instanceKlass  @bci com/sun/javafx/scene/control/behavior/TextInputControlBehavior <init> (Ljavafx/scene/control/TextInputControl;)V 1914 <appendix> member <vmtarget> ; # com/sun/javafx/scene/control/behavior/TextInputControlBehavior$$Lambda+0x00000000812a6ff0
instanceKlass  @bci com/sun/javafx/scene/control/behavior/TextInputControlBehavior <init> (Ljavafx/scene/control/TextInputControl;)V 1887 <appendix> member <vmtarget> ; # com/sun/javafx/scene/control/behavior/TextInputControlBehavior$$Lambda+0x00000000812a6dc0
instanceKlass  @bci com/sun/javafx/scene/control/behavior/TextInputControlBehavior <init> (Ljavafx/scene/control/TextInputControl;)V 1861 <appendix> member <vmtarget> ; # com/sun/javafx/scene/control/behavior/TextInputControlBehavior$$Lambda+0x00000000812a6b90
instanceKlass  @bci com/sun/javafx/scene/control/behavior/TextInputControlBehavior <init> (Ljavafx/scene/control/TextInputControl;)V 1835 <appendix> member <vmtarget> ; # com/sun/javafx/scene/control/behavior/TextInputControlBehavior$$Lambda+0x00000000812a6960
instanceKlass  @bci com/sun/javafx/scene/control/behavior/TextInputControlBehavior <init> (Ljavafx/scene/control/TextInputControl;)V 1809 <appendix> member <vmtarget> ; # com/sun/javafx/scene/control/behavior/TextInputControlBehavior$$Lambda+0x00000000812a6730
instanceKlass  @bci com/sun/javafx/scene/control/behavior/TextInputControlBehavior <init> (Ljavafx/scene/control/TextInputControl;)V 1783 <appendix> member <vmtarget> ; # com/sun/javafx/scene/control/behavior/TextInputControlBehavior$$Lambda+0x00000000812a6500
instanceKlass  @bci com/sun/javafx/scene/control/behavior/TextInputControlBehavior <init> (Ljavafx/scene/control/TextInputControl;)V 1757 <appendix> member <vmtarget> ; # com/sun/javafx/scene/control/behavior/TextInputControlBehavior$$Lambda+0x00000000812a62d0
instanceKlass  @bci com/sun/javafx/scene/control/behavior/TextInputControlBehavior <init> (Ljavafx/scene/control/TextInputControl;)V 1722 <appendix> argL0 ; # com/sun/javafx/scene/control/behavior/TextInputControlBehavior$$Lambda+0x00000000812a6078
instanceKlass  @bci com/sun/javafx/scene/control/behavior/BehaviorBase addDefaultChildMap (Lcom/sun/javafx/scene/control/inputmap/InputMap;Lcom/sun/javafx/scene/control/inputmap/InputMap;)V 17 <appendix> member <vmtarget> ; # com/sun/javafx/scene/control/behavior/BehaviorBase$$Lambda+0x00000000812a5e48
instanceKlass  @bci com/sun/javafx/scene/control/inputmap/InputMap reprocessAllMappings ()V 14 <appendix> member <vmtarget> ; # com/sun/javafx/scene/control/inputmap/InputMap$$Lambda+0x00000000812a5c08
instanceKlass  @bci com/sun/javafx/scene/control/behavior/TextInputControlBehavior <init> (Ljavafx/scene/control/TextInputControl;)V 1685 <appendix> member <vmtarget> ; # com/sun/javafx/scene/control/behavior/TextInputControlBehavior$$Lambda+0x00000000812a59d8
instanceKlass  @bci com/sun/javafx/scene/control/behavior/TextInputControlBehavior <init> (Ljavafx/scene/control/TextInputControl;)V 1655 <appendix> member <vmtarget> ; # com/sun/javafx/scene/control/behavior/TextInputControlBehavior$$Lambda+0x00000000812a57a8
instanceKlass  @bci com/sun/javafx/scene/control/behavior/TextInputControlBehavior <init> (Ljavafx/scene/control/TextInputControl;)V 1625 <appendix> member <vmtarget> ; # com/sun/javafx/scene/control/behavior/TextInputControlBehavior$$Lambda+0x00000000812a5578
instanceKlass  @bci com/sun/javafx/scene/control/behavior/TextInputControlBehavior <init> (Ljavafx/scene/control/TextInputControl;)V 1595 <appendix> member <vmtarget> ; # com/sun/javafx/scene/control/behavior/TextInputControlBehavior$$Lambda+0x00000000812a5348
instanceKlass  @bci com/sun/javafx/scene/control/behavior/TextInputControlBehavior <init> (Ljavafx/scene/control/TextInputControl;)V 1565 <appendix> member <vmtarget> ; # com/sun/javafx/scene/control/behavior/TextInputControlBehavior$$Lambda+0x00000000812a5118
instanceKlass  @bci com/sun/javafx/scene/control/behavior/TextInputControlBehavior <init> (Ljavafx/scene/control/TextInputControl;)V 1535 <appendix> member <vmtarget> ; # com/sun/javafx/scene/control/behavior/TextInputControlBehavior$$Lambda+0x00000000812a4ee8
instanceKlass  @bci com/sun/javafx/scene/control/behavior/TextInputControlBehavior <init> (Ljavafx/scene/control/TextInputControl;)V 1508 <appendix> member <vmtarget> ; # com/sun/javafx/scene/control/behavior/TextInputControlBehavior$$Lambda+0x00000000812a4cb8
instanceKlass  @bci com/sun/javafx/scene/control/behavior/TextInputControlBehavior <init> (Ljavafx/scene/control/TextInputControl;)V 1481 <appendix> member <vmtarget> ; # com/sun/javafx/scene/control/behavior/TextInputControlBehavior$$Lambda+0x00000000812a4a88
instanceKlass  @bci com/sun/javafx/scene/control/behavior/TextInputControlBehavior <init> (Ljavafx/scene/control/TextInputControl;)V 1454 <appendix> member <vmtarget> ; # com/sun/javafx/scene/control/behavior/TextInputControlBehavior$$Lambda+0x00000000812a4858
instanceKlass  @bci com/sun/javafx/scene/control/behavior/TextInputControlBehavior <init> (Ljavafx/scene/control/TextInputControl;)V 1428 <appendix> member <vmtarget> ; # com/sun/javafx/scene/control/behavior/TextInputControlBehavior$$Lambda+0x00000000812a4628
instanceKlass  @bci com/sun/javafx/scene/control/behavior/TextInputControlBehavior <init> (Ljavafx/scene/control/TextInputControl;)V 1402 <appendix> member <vmtarget> ; # com/sun/javafx/scene/control/behavior/TextInputControlBehavior$$Lambda+0x00000000812a43f8
instanceKlass  @bci com/sun/javafx/scene/control/behavior/TextInputControlBehavior <init> (Ljavafx/scene/control/TextInputControl;)V 1376 <appendix> member <vmtarget> ; # com/sun/javafx/scene/control/behavior/TextInputControlBehavior$$Lambda+0x00000000812a41c8
instanceKlass  @bci com/sun/javafx/scene/control/behavior/TextInputControlBehavior <init> (Ljavafx/scene/control/TextInputControl;)V 1350 <appendix> member <vmtarget> ; # com/sun/javafx/scene/control/behavior/TextInputControlBehavior$$Lambda+0x00000000812a3f98
instanceKlass  @bci com/sun/javafx/scene/control/behavior/TextInputControlBehavior <init> (Ljavafx/scene/control/TextInputControl;)V 1324 <appendix> member <vmtarget> ; # com/sun/javafx/scene/control/behavior/TextInputControlBehavior$$Lambda+0x00000000812a3d68
instanceKlass  @bci com/sun/javafx/scene/control/behavior/TextInputControlBehavior <init> (Ljavafx/scene/control/TextInputControl;)V 1289 <appendix> argL0 ; # com/sun/javafx/scene/control/behavior/TextInputControlBehavior$$Lambda+0x00000000812a3b10
instanceKlass  @bci com/sun/javafx/scene/control/inputmap/InputMap addMapping (Lcom/sun/javafx/scene/control/inputmap/InputMap$Mapping;)V 23 <appendix> argL0 ; # com/sun/javafx/scene/control/inputmap/InputMap$$Lambda+0x00000000812a38c8
instanceKlass  @bci com/sun/javafx/scene/control/inputmap/InputMap addEventHandler (Ljavafx/event/EventType;)V 20 <appendix> member <vmtarget> ; # com/sun/javafx/scene/control/inputmap/InputMap$$Lambda+0x00000000812a3698
instanceKlass  @bci com/sun/javafx/scene/control/inputmap/InputMap addEventHandler (Ljavafx/event/EventType;)V 5 <appendix> argL0 ; # com/sun/javafx/scene/control/inputmap/InputMap$$Lambda+0x00000000812a3450
instanceKlass  @bci com/sun/javafx/scene/control/behavior/TextInputControlBehavior <init> (Ljavafx/scene/control/TextInputControl;)V 1247 <appendix> member <vmtarget> ; # com/sun/javafx/scene/control/behavior/TextInputControlBehavior$$Lambda+0x00000000812a3220
instanceKlass  @bci com/sun/javafx/scene/control/behavior/TextInputControlBehavior <init> (Ljavafx/scene/control/TextInputControl;)V 1226 <appendix> member <vmtarget> ; # com/sun/javafx/scene/control/behavior/TextInputControlBehavior$$Lambda+0x00000000812a2dc8
instanceKlass  @bci com/sun/javafx/scene/control/behavior/TextInputControlBehavior <init> (Ljavafx/scene/control/TextInputControl;)V 1206 <appendix> member <vmtarget> ; # com/sun/javafx/scene/control/behavior/TextInputControlBehavior$$Lambda+0x00000000812a2b98
instanceKlass  @bci com/sun/javafx/scene/control/behavior/TextInputControlBehavior <init> (Ljavafx/scene/control/TextInputControl;)V 1186 <appendix> member <vmtarget> ; # com/sun/javafx/scene/control/behavior/TextInputControlBehavior$$Lambda+0x00000000812a2968
instanceKlass  @bci com/sun/javafx/scene/control/behavior/TextInputControlBehavior <init> (Ljavafx/scene/control/TextInputControl;)V 1166 <appendix> argL0 ; # com/sun/javafx/scene/control/behavior/TextInputControlBehavior$$Lambda+0x00000000812a24e8
instanceKlass  @bci com/sun/javafx/scene/control/behavior/TextInputControlBehavior <init> (Ljavafx/scene/control/TextInputControl;)V 1161 <appendix> member <vmtarget> ; # com/sun/javafx/scene/control/behavior/TextInputControlBehavior$$Lambda+0x00000000812a22b8
instanceKlass  @bci com/sun/javafx/scene/control/behavior/TextInputControlBehavior <init> (Ljavafx/scene/control/TextInputControl;)V 1125 <appendix> argL0 ; # com/sun/javafx/scene/control/behavior/TextInputControlBehavior$$Lambda+0x00000000812a2090
instanceKlass  @bci com/sun/javafx/scene/control/behavior/TextInputControlBehavior <init> (Ljavafx/scene/control/TextInputControl;)V 1095 <appendix> member <vmtarget> ; # com/sun/javafx/scene/control/behavior/TextInputControlBehavior$$Lambda+0x00000000812a1e60
instanceKlass  @bci com/sun/javafx/scene/control/behavior/TextInputControlBehavior <init> (Ljavafx/scene/control/TextInputControl;)V 1046 <appendix> member <vmtarget> ; # com/sun/javafx/scene/control/behavior/TextInputControlBehavior$$Lambda+0x00000000812a1c30
instanceKlass  @bci com/sun/javafx/scene/control/behavior/TextInputControlBehavior <init> (Ljavafx/scene/control/TextInputControl;)V 1016 <appendix> member <vmtarget> ; # com/sun/javafx/scene/control/behavior/TextInputControlBehavior$$Lambda+0x00000000812a1a00
instanceKlass  @bci com/sun/javafx/scene/control/behavior/TextInputControlBehavior <init> (Ljavafx/scene/control/TextInputControl;)V 996 <appendix> argL0 ; # com/sun/javafx/scene/control/behavior/TextInputControlBehavior$$Lambda+0x00000000812a17d8
instanceKlass  @bci com/sun/javafx/scene/control/behavior/TextInputControlBehavior <init> (Ljavafx/scene/control/TextInputControl;)V 964 <appendix> argL0 ; # com/sun/javafx/scene/control/behavior/TextInputControlBehavior$$Lambda+0x00000000812a15b0
instanceKlass  @bci com/sun/javafx/scene/control/behavior/TextInputControlBehavior <init> (Ljavafx/scene/control/TextInputControl;)V 935 <appendix> argL0 ; # com/sun/javafx/scene/control/behavior/TextInputControlBehavior$$Lambda+0x00000000812a1388
instanceKlass  @bci com/sun/javafx/scene/control/behavior/TextInputControlBehavior <init> (Ljavafx/scene/control/TextInputControl;)V 906 <appendix> argL0 ; # com/sun/javafx/scene/control/behavior/TextInputControlBehavior$$Lambda+0x00000000812a1160
instanceKlass com/sun/javafx/scene/control/behavior/FocusTraversalInputMap
instanceKlass  @bci com/sun/javafx/scene/control/behavior/TextInputControlBehavior <init> (Ljavafx/scene/control/TextInputControl;)V 880 <appendix> member <vmtarget> ; # com/sun/javafx/scene/control/behavior/TextInputControlBehavior$$Lambda+0x00000000812a0d20
instanceKlass  @bci com/sun/javafx/scene/control/behavior/TextInputControlBehavior <init> (Ljavafx/scene/control/TextInputControl;)V 853 <appendix> member <vmtarget> ; # com/sun/javafx/scene/control/behavior/TextInputControlBehavior$$Lambda+0x00000000812a0af0
instanceKlass  @bci com/sun/javafx/scene/control/behavior/TextInputControlBehavior <init> (Ljavafx/scene/control/TextInputControl;)V 823 <appendix> member <vmtarget> ; # com/sun/javafx/scene/control/behavior/TextInputControlBehavior$$Lambda+0x00000000812a08c0
instanceKlass  @bci com/sun/javafx/scene/control/behavior/TextInputControlBehavior <init> (Ljavafx/scene/control/TextInputControl;)V 793 <appendix> member <vmtarget> ; # com/sun/javafx/scene/control/behavior/TextInputControlBehavior$$Lambda+0x00000000812a0690
instanceKlass  @bci com/sun/javafx/scene/control/behavior/TextInputControlBehavior <init> (Ljavafx/scene/control/TextInputControl;)V 766 <appendix> member <vmtarget> ; # com/sun/javafx/scene/control/behavior/TextInputControlBehavior$$Lambda+0x00000000812a0460
instanceKlass  @bci com/sun/javafx/scene/control/behavior/TextInputControlBehavior <init> (Ljavafx/scene/control/TextInputControl;)V 739 <appendix> member <vmtarget> ; # com/sun/javafx/scene/control/behavior/TextInputControlBehavior$$Lambda+0x00000000812a0230
instanceKlass  @bci com/sun/javafx/scene/control/behavior/TextInputControlBehavior <init> (Ljavafx/scene/control/TextInputControl;)V 712 <appendix> member <vmtarget> ; # com/sun/javafx/scene/control/behavior/TextInputControlBehavior$$Lambda+0x00000000812a0000
instanceKlass  @bci com/sun/javafx/scene/control/behavior/TextInputControlBehavior <init> (Ljavafx/scene/control/TextInputControl;)V 684 <appendix> member <vmtarget> ; # com/sun/javafx/scene/control/behavior/TextInputControlBehavior$$Lambda+0x000000008129fbe0
instanceKlass  @bci com/sun/javafx/scene/control/behavior/TextInputControlBehavior <init> (Ljavafx/scene/control/TextInputControl;)V 656 <appendix> member <vmtarget> ; # com/sun/javafx/scene/control/behavior/TextInputControlBehavior$$Lambda+0x000000008129f9b0
instanceKlass  @bci com/sun/javafx/scene/control/behavior/TextInputControlBehavior <init> (Ljavafx/scene/control/TextInputControl;)V 631 <appendix> member <vmtarget> ; # com/sun/javafx/scene/control/behavior/TextInputControlBehavior$$Lambda+0x000000008129f780
instanceKlass  @bci com/sun/javafx/scene/control/behavior/TextInputControlBehavior <init> (Ljavafx/scene/control/TextInputControl;)V 604 <appendix> member <vmtarget> ; # com/sun/javafx/scene/control/behavior/TextInputControlBehavior$$Lambda+0x000000008129f550
instanceKlass  @bci com/sun/javafx/scene/control/behavior/TextInputControlBehavior <init> (Ljavafx/scene/control/TextInputControl;)V 587 <appendix> member <vmtarget> ; # com/sun/javafx/scene/control/behavior/TextInputControlBehavior$$Lambda+0x000000008129f320
instanceKlass  @bci com/sun/javafx/scene/control/behavior/TextInputControlBehavior <init> (Ljavafx/scene/control/TextInputControl;)V 560 <appendix> member <vmtarget> ; # com/sun/javafx/scene/control/behavior/TextInputControlBehavior$$Lambda+0x000000008129f0f0
instanceKlass  @bci com/sun/javafx/scene/control/behavior/TextInputControlBehavior <init> (Ljavafx/scene/control/TextInputControl;)V 532 <appendix> member <vmtarget> ; # com/sun/javafx/scene/control/behavior/TextInputControlBehavior$$Lambda+0x000000008129eec0
instanceKlass  @bci com/sun/javafx/scene/control/behavior/TextInputControlBehavior <init> (Ljavafx/scene/control/TextInputControl;)V 507 <appendix> member <vmtarget> ; # com/sun/javafx/scene/control/behavior/TextInputControlBehavior$$Lambda+0x000000008129ec90
instanceKlass  @bci com/sun/javafx/scene/control/behavior/TextInputControlBehavior <init> (Ljavafx/scene/control/TextInputControl;)V 479 <appendix> member <vmtarget> ; # com/sun/javafx/scene/control/behavior/TextInputControlBehavior$$Lambda+0x000000008129ea60
instanceKlass  @bci com/sun/javafx/scene/control/behavior/TextInputControlBehavior <init> (Ljavafx/scene/control/TextInputControl;)V 454 <appendix> member <vmtarget> ; # com/sun/javafx/scene/control/behavior/TextInputControlBehavior$$Lambda+0x000000008129e830
instanceKlass  @bci com/sun/javafx/scene/control/behavior/TextInputControlBehavior <init> (Ljavafx/scene/control/TextInputControl;)V 426 <appendix> member <vmtarget> ; # com/sun/javafx/scene/control/behavior/TextInputControlBehavior$$Lambda+0x000000008129e600
instanceKlass  @bci com/sun/javafx/scene/control/behavior/TextInputControlBehavior <init> (Ljavafx/scene/control/TextInputControl;)V 402 <appendix> member <vmtarget> ; # com/sun/javafx/scene/control/behavior/TextInputControlBehavior$$Lambda+0x000000008129e3d0
instanceKlass  @bci com/sun/javafx/scene/control/behavior/TextInputControlBehavior <init> (Ljavafx/scene/control/TextInputControl;)V 375 <appendix> member <vmtarget> ; # com/sun/javafx/scene/control/behavior/TextInputControlBehavior$$Lambda+0x000000008129e1a0
instanceKlass com/sun/javafx/scene/control/inputmap/KeyBinding$1
instanceKlass  @bci com/sun/javafx/scene/control/behavior/TextInputControlBehavior <init> (Ljavafx/scene/control/TextInputControl;)V 345 <appendix> member <vmtarget> ; # com/sun/javafx/scene/control/behavior/TextInputControlBehavior$$Lambda+0x000000008129dd60
instanceKlass  @bci com/sun/javafx/scene/control/behavior/TextInputControlBehavior <init> (Ljavafx/scene/control/TextInputControl;)V 328 <appendix> member <vmtarget> ; # com/sun/javafx/scene/control/behavior/TextInputControlBehavior$$Lambda+0x000000008129db30
instanceKlass  @bci com/sun/javafx/scene/control/behavior/TextInputControlBehavior <init> (Ljavafx/scene/control/TextInputControl;)V 312 <appendix> member <vmtarget> ; # com/sun/javafx/scene/control/behavior/TextInputControlBehavior$$Lambda+0x000000008129d900
instanceKlass  @bci com/sun/javafx/scene/control/behavior/TextInputControlBehavior <init> (Ljavafx/scene/control/TextInputControl;)V 296 <appendix> member <vmtarget> ; # com/sun/javafx/scene/control/behavior/TextInputControlBehavior$$Lambda+0x000000008129d6d0
instanceKlass  @bci com/sun/javafx/scene/control/behavior/TextInputControlBehavior <init> (Ljavafx/scene/control/TextInputControl;)V 280 <appendix> member <vmtarget> ; # com/sun/javafx/scene/control/behavior/TextInputControlBehavior$$Lambda+0x000000008129d4a0
instanceKlass  @bci com/sun/javafx/scene/control/behavior/TextInputControlBehavior <init> (Ljavafx/scene/control/TextInputControl;)V 264 <appendix> member <vmtarget> ; # com/sun/javafx/scene/control/behavior/TextInputControlBehavior$$Lambda+0x000000008129d270
instanceKlass com/sun/javafx/scene/control/inputmap/KeyBinding
instanceKlass  @bci com/sun/javafx/scene/control/behavior/TextInputControlBehavior <init> (Ljavafx/scene/control/TextInputControl;)V 248 <appendix> member <vmtarget> ; # com/sun/javafx/scene/control/behavior/TextInputControlBehavior$$Lambda+0x000000008129c7a8
instanceKlass com/sun/javafx/scene/control/inputmap/InputMap$Mapping
instanceKlass  @bci com/sun/javafx/scene/control/behavior/TextInputControlBehavior <init> (Ljavafx/scene/control/TextInputControl;)V 224 <appendix> argL0 ; # com/sun/javafx/scene/control/behavior/TextInputControlBehavior$$Lambda+0x000000008129c128
instanceKlass  @bci com/sun/javafx/scene/control/behavior/TextInputControlBehavior <init> (Ljavafx/scene/control/TextInputControl;)V 218 <appendix> argL0 ; # com/sun/javafx/scene/control/behavior/TextInputControlBehavior$$Lambda+0x000000008129bed0
instanceKlass  @bci com/sun/javafx/scene/control/behavior/TextInputControlBehavior <init> (Ljavafx/scene/control/TextInputControl;)V 212 <appendix> member <vmtarget> ; # com/sun/javafx/scene/control/behavior/TextInputControlBehavior$$Lambda+0x000000008129bc70
instanceKlass  @bci com/sun/javafx/scene/control/inputmap/InputMap <init> (Ljavafx/scene/Node;)V 108 <appendix> member <vmtarget> ; # com/sun/javafx/scene/control/inputmap/InputMap$$Lambda+0x000000008129ba40
instanceKlass  @bci com/sun/javafx/scene/control/inputmap/InputMap <init> (Ljavafx/scene/Node;)V 86 <appendix> member <vmtarget> ; # com/sun/javafx/scene/control/inputmap/InputMap$$Lambda+0x000000008129b810
instanceKlass com/sun/javafx/scene/control/inputmap/InputMap
instanceKlass javafx/scene/control/Separator$StyleableProperties
instanceKlass  @bci com/sun/javafx/scene/control/behavior/TextInputControlBehavior <init> (Ljavafx/scene/control/TextInputControl;)V 176 <appendix> member <vmtarget> ; # com/sun/javafx/scene/control/behavior/TextInputControlBehavior$$Lambda+0x0000000081298af0
instanceKlass  @bci com/sun/javafx/scene/control/behavior/TextInputControlBehavior <init> (Ljavafx/scene/control/TextInputControl;)V 157 <appendix> member <vmtarget> ; # com/sun/javafx/scene/control/behavior/TextInputControlBehavior$$Lambda+0x00000000812988c0
instanceKlass  @bci com/sun/javafx/scene/control/behavior/TextInputControlBehavior <init> (Ljavafx/scene/control/TextInputControl;)V 138 <appendix> member <vmtarget> ; # com/sun/javafx/scene/control/behavior/TextInputControlBehavior$$Lambda+0x0000000081298690
instanceKlass  @bci com/sun/javafx/scene/control/behavior/TextInputControlBehavior <init> (Ljavafx/scene/control/TextInputControl;)V 119 <appendix> member <vmtarget> ; # com/sun/javafx/scene/control/behavior/TextInputControlBehavior$$Lambda+0x0000000081298460
instanceKlass  @bci com/sun/javafx/scene/control/behavior/TextInputControlBehavior <init> (Ljavafx/scene/control/TextInputControl;)V 100 <appendix> member <vmtarget> ; # com/sun/javafx/scene/control/behavior/TextInputControlBehavior$$Lambda+0x0000000081298230
instanceKlass  @bci com/sun/javafx/scene/control/behavior/TextInputControlBehavior <init> (Ljavafx/scene/control/TextInputControl;)V 81 <appendix> member <vmtarget> ; # com/sun/javafx/scene/control/behavior/TextInputControlBehavior$$Lambda+0x0000000081298000
instanceKlass  @bci com/sun/javafx/scene/control/behavior/TextInputControlBehavior <init> (Ljavafx/scene/control/TextInputControl;)V 62 <appendix> member <vmtarget> ; # com/sun/javafx/scene/control/behavior/TextInputControlBehavior$$Lambda+0x0000000081297dc0
instanceKlass com/sun/javafx/scene/control/skin/resources/ControlResources
instanceKlass  @bci com/sun/javafx/scene/control/behavior/TextInputControlBehavior <init> (Ljavafx/scene/control/TextInputControl;)V 43 <appendix> member <vmtarget> ; # com/sun/javafx/scene/control/behavior/TextInputControlBehavior$$Lambda+0x0000000081297980
instanceKlass  @bci com/sun/javafx/scene/control/behavior/TextInputControlBehavior <init> (Ljavafx/scene/control/TextInputControl;)V 7 <appendix> member <vmtarget> ; # com/sun/javafx/scene/control/behavior/TextInputControlBehavior$$Lambda+0x0000000081296478
instanceKlass javafx/scene/control/MenuItem
instanceKlass com/sun/javafx/geom/PathIterator
instanceKlass javafx/scene/shape/Rectangle$1
instanceKlass com/sun/javafx/scene/shape/RectangleHelper$RectangleAccessor
instanceKlass  @bci javafx/scene/control/skin/TextInputControlSkin <init> (Ljavafx/scene/control/TextInputControl;)V 59 <appendix> member <vmtarget> ; # javafx/scene/control/skin/TextInputControlSkin$$Lambda+0x0000000081290000
instanceKlass javafx/scene/shape/Path$1
instanceKlass com/sun/javafx/scene/shape/PathHelper$PathAccessor
instanceKlass  @bci javafx/scene/control/skin/TextInputControlSkin$CaretBlinking <init> (Ljavafx/beans/property/BooleanProperty;)V 82 <appendix> member <vmtarget> ; # javafx/scene/control/skin/TextInputControlSkin$CaretBlinking$$Lambda+0x000000008128e318
instanceKlass javafx/animation/KeyValue
instanceKlass  @bci javafx/scene/control/skin/TextInputControlSkin$CaretBlinking <init> (Ljavafx/beans/property/BooleanProperty;)V 56 <appendix> member <vmtarget> ; # javafx/scene/control/skin/TextInputControlSkin$CaretBlinking$$Lambda+0x000000008128dcd0
instanceKlass com/sun/scenario/animation/shared/InterpolationInterval
instanceKlass com/sun/scenario/animation/shared/ClipInterpolator
instanceKlass  @bci com/sun/scenario/animation/shared/TimelineClipCore <clinit> ()V 0 <appendix> argL0 ; # com/sun/scenario/animation/shared/TimelineClipCore$$Lambda+0x000000008128cb50
instanceKlass javafx/animation/KeyFrame
instanceKlass com/sun/scenario/animation/shared/TimelineClipCore
instanceKlass com/sun/scenario/animation/shared/ClipEnvelope
instanceKlass javafx/animation/Animation$1
instanceKlass com/sun/scenario/animation/shared/AnimationAccessor
instanceKlass com/sun/scenario/animation/shared/PulseReceiver
instanceKlass javafx/animation/Animation
instanceKlass javafx/scene/control/skin/TextInputControlSkin$CaretBlinking
instanceKlass com/sun/javafx/scene/control/Properties
instanceKlass com/sun/javafx/scene/control/behavior/BehaviorBase
instanceKlass com/sun/javafx/cursor/CursorFrame
instanceKlass javafx/scene/layout/BorderStroke
instanceKlass javafx/scene/layout/BorderStrokeStyle
instanceKlass javafx/scene/control/SkinBase$StyleableProperties
instanceKlass com/sun/javafx/scene/control/Logging
instanceKlass  @bci javafx/scene/control/skin/LabelSkin <init> (Ljavafx/scene/control/Label;)V 16 <appendix> member <vmtarget> ; # javafx/scene/control/skin/LabelSkin$$Lambda+0x0000000081270a40
instanceKlass  @bci javafx/scene/control/skin/LabeledSkinBase <init> (Ljavafx/scene/control/Labeled;)V 305 <appendix> member <vmtarget> ; # javafx/scene/control/skin/LabeledSkinBase$$Lambda+0x0000000081270800
instanceKlass  @bci javafx/scene/control/skin/LabeledSkinBase <init> (Ljavafx/scene/control/Labeled;)V 291 <appendix> member <vmtarget> ; # javafx/scene/control/skin/LabeledSkinBase$$Lambda+0x000000008127fbc8
instanceKlass  @bci javafx/scene/control/skin/LabeledSkinBase <init> (Ljavafx/scene/control/Labeled;)V 277 <appendix> member <vmtarget> ; # javafx/scene/control/skin/LabeledSkinBase$$Lambda+0x000000008127f988
instanceKlass  @bci javafx/scene/control/skin/LabeledSkinBase <init> (Ljavafx/scene/control/Labeled;)V 263 <appendix> member <vmtarget> ; # javafx/scene/control/skin/LabeledSkinBase$$Lambda+0x000000008127f748
instanceKlass  @bci javafx/scene/control/skin/LabeledSkinBase <init> (Ljavafx/scene/control/Labeled;)V 249 <appendix> member <vmtarget> ; # javafx/scene/control/skin/LabeledSkinBase$$Lambda+0x000000008127f508
instanceKlass  @bci javafx/scene/control/skin/LabeledSkinBase <init> (Ljavafx/scene/control/Labeled;)V 235 <appendix> argL0 ; # javafx/scene/control/skin/LabeledSkinBase$$Lambda+0x000000008127f2d0
instanceKlass  @bci javafx/scene/control/skin/LabeledSkinBase <init> (Ljavafx/scene/control/Labeled;)V 222 <appendix> member <vmtarget> ; # javafx/scene/control/skin/LabeledSkinBase$$Lambda+0x000000008127f090
instanceKlass  @bci javafx/scene/control/skin/LabeledSkinBase <init> (Ljavafx/scene/control/Labeled;)V 208 <appendix> member <vmtarget> ; # javafx/scene/control/skin/LabeledSkinBase$$Lambda+0x000000008127ee50
instanceKlass  @bci javafx/scene/control/skin/LabeledSkinBase <init> (Ljavafx/scene/control/Labeled;)V 194 <appendix> member <vmtarget> ; # javafx/scene/control/skin/LabeledSkinBase$$Lambda+0x000000008127ec10
instanceKlass  @bci javafx/scene/control/skin/LabeledSkinBase <init> (Ljavafx/scene/control/Labeled;)V 180 <appendix> member <vmtarget> ; # javafx/scene/control/skin/LabeledSkinBase$$Lambda+0x000000008127e9d0
instanceKlass  @bci javafx/scene/control/skin/LabeledSkinBase <init> (Ljavafx/scene/control/Labeled;)V 166 <appendix> member <vmtarget> ; # javafx/scene/control/skin/LabeledSkinBase$$Lambda+0x000000008127e790
instanceKlass  @bci javafx/scene/control/skin/LabeledSkinBase <init> (Ljavafx/scene/control/Labeled;)V 152 <appendix> member <vmtarget> ; # javafx/scene/control/skin/LabeledSkinBase$$Lambda+0x000000008127e550
instanceKlass  @bci javafx/scene/control/skin/LabeledSkinBase <init> (Ljavafx/scene/control/Labeled;)V 138 <appendix> member <vmtarget> ; # javafx/scene/control/skin/LabeledSkinBase$$Lambda+0x000000008127e310
instanceKlass  @bci javafx/scene/control/skin/LabeledSkinBase <init> (Ljavafx/scene/control/Labeled;)V 124 <appendix> member <vmtarget> ; # javafx/scene/control/skin/LabeledSkinBase$$Lambda+0x000000008127e0d0
instanceKlass  @bci javafx/scene/control/skin/LabeledSkinBase <init> (Ljavafx/scene/control/Labeled;)V 110 <appendix> member <vmtarget> ; # javafx/scene/control/skin/LabeledSkinBase$$Lambda+0x000000008127de90
instanceKlass  @bci javafx/scene/control/skin/LabeledSkinBase <init> (Ljavafx/scene/control/Labeled;)V 96 <appendix> member <vmtarget> ; # javafx/scene/control/skin/LabeledSkinBase$$Lambda+0x000000008127dc50
instanceKlass  @bci com/sun/javafx/scene/control/LambdaMultiplePropertyChangeListenerHandler registerChangeListener (Ljavafx/beans/value/ObservableValue;Ljava/util/function/Consumer;)V 38 <appendix> argL0 ; # com/sun/javafx/scene/control/LambdaMultiplePropertyChangeListenerHandler$$Lambda+0x000000008127da18
instanceKlass  @bci com/sun/javafx/scene/control/LambdaMultiplePropertyChangeListenerHandler <init> ()V 89 <appendix> member <vmtarget> ; # com/sun/javafx/scene/control/LambdaMultiplePropertyChangeListenerHandler$$Lambda+0x000000008127d7e8
instanceKlass  @bci com/sun/javafx/scene/control/LambdaMultiplePropertyChangeListenerHandler <init> ()V 53 <appendix> member <vmtarget> ; # com/sun/javafx/scene/control/LambdaMultiplePropertyChangeListenerHandler$$Lambda+0x000000008127d5b8
instanceKlass  @bci com/sun/javafx/scene/control/LambdaMultiplePropertyChangeListenerHandler <init> ()V 17 <appendix> member <vmtarget> ; # com/sun/javafx/scene/control/LambdaMultiplePropertyChangeListenerHandler$$Lambda+0x000000008127d388
instanceKlass  @bci com/sun/javafx/scene/control/LambdaMultiplePropertyChangeListenerHandler <clinit> ()V 0 <appendix> argL0 ; # com/sun/javafx/scene/control/LambdaMultiplePropertyChangeListenerHandler$$Lambda+0x000000008127d150
instanceKlass com/sun/javafx/scene/control/LambdaMultiplePropertyChangeListenerHandler
instanceKlass  @bci javafx/scene/control/skin/LabeledSkinBase <init> (Ljavafx/scene/control/Labeled;)V 82 <appendix> member <vmtarget> ; # javafx/scene/control/skin/LabeledSkinBase$$Lambda+0x000000008127ccf8
instanceKlass javafx/beans/property/DoublePropertyBase$Listener
instanceKlass javafx/beans/property/BooleanPropertyBase$Listener
instanceKlass javafx/beans/property/ObjectPropertyBase$Listener
instanceKlass javafx/scene/text/Text$TextAttribute
instanceKlass com/sun/javafx/text/FixedTabAdvancePolicy
instanceKlass com/sun/javafx/font/CMap
instanceKlass com/sun/javafx/font/Disposer
instanceKlass com/sun/javafx/font/CompositeStrikeDisposer
instanceKlass com/sun/javafx/font/Metrics
instanceKlass com/sun/javafx/font/CompositeStrike
instanceKlass com/sun/javafx/font/FontStrikeDesc
instanceKlass com/sun/javafx/font/PrismCompositeFontResource
instanceKlass com/sun/javafx/font/PrismFontFile$DirectoryEntry
instanceKlass com/sun/javafx/font/FontFileReader$Buffer
instanceKlass com/sun/javafx/font/FontFileReader
instanceKlass com/sun/javafx/font/PrismFontStrike
instanceKlass com/sun/javafx/font/DisposerRecord
instanceKlass  @bci com/sun/scenario/effect/impl/Renderer getPeerInstance (Lcom/sun/scenario/effect/FilterContext;Ljava/lang/String;I)Lcom/sun/scenario/effect/impl/EffectPeer; 33 <appendix> form vmentry <vmtarget> ; # java/lang/invoke/LambdaForm$MH+0x0000000081270400
instanceKlass com/sun/javafx/font/WindowsFontMap$FamilyDescription
instanceKlass com/sun/javafx/font/WindowsFontMap
instanceKlass javafx/scene/shape/Shape$StyleableProperties
instanceKlass javafx/scene/text/Text$StyleableProperties
instanceKlass  @bci javafx/scene/control/skin/LabeledSkinBase <init> (Ljavafx/scene/control/Labeled;)V 26 <appendix> member <vmtarget> ; # javafx/scene/control/skin/LabeledSkinBase$$Lambda+0x000000008126aaa0
instanceKlass  @bci javafx/scene/control/SkinBase <clinit> ()V 8 <appendix> argL0 ; # javafx/scene/control/SkinBase$$Lambda+0x000000008126a878
instanceKlass com/sun/javafx/scene/control/ListenerHelper$InLi
instanceKlass com/sun/javafx/scene/control/ListenerHelper$ChLi
instanceKlass  @bci javafx/scene/control/SkinBase <clinit> ()V 0 <appendix> argL0 ; # javafx/scene/control/SkinBase$$Lambda+0x00000000812695d8
instanceKlass com/sun/javafx/scene/control/ListenerHelper
instanceKlass com/sun/javafx/scene/control/IDisconnectable
instanceKlass javafx/scene/control/SkinBase
instanceKlass javafx/scene/paint/Stop
instanceKlass com/sun/scenario/effect/EffectHelper
instanceKlass javafx/scene/effect/Effect$1
instanceKlass com/sun/scenario/effect/EffectHelper$EffectAccessor
instanceKlass com/sun/javafx/scene/layout/ScaledMath
instanceKlass javafx/scene/layout/BackgroundFill
instanceKlass com/sun/javafx/css/InterpolatorConverter$Holder
instanceKlass javafx/css/converter/DurationConverter$Holder
instanceKlass com/sun/javafx/css/TransitionDefinitionConverter$Holder
instanceKlass com/sun/javafx/css/TransitionDefinitionCssMetaData$Holder
instanceKlass com/sun/javafx/animation/InterpolatorHelper
instanceKlass javafx/animation/Interpolator$1
instanceKlass com/sun/javafx/animation/InterpolatorHelper$Accessor
instanceKlass javafx/animation/Interpolator
instanceKlass javafx/util/Duration
instanceKlass com/sun/javafx/css/StyleCacheEntry
instanceKlass javafx/css/Style
instanceKlass  @bci java/util/stream/Collectors toUnmodifiableSet ()Ljava/util/stream/Collector; 19 <appendix> argL0 ; # java/util/stream/Collectors$$Lambda+0x00000000811c4fd0
instanceKlass  @bci java/util/stream/Collectors toUnmodifiableSet ()Ljava/util/stream/Collector; 14 <appendix> argL0 ; # java/util/stream/Collectors$$Lambda+0x00000000811c4d80
instanceKlass  @bci java/util/stream/Collectors toUnmodifiableSet ()Ljava/util/stream/Collector; 9 <appendix> argL0 ; # java/util/stream/Collectors$$Lambda+0x00000000811c4b48
instanceKlass  @bci java/util/stream/Collectors toUnmodifiableSet ()Ljava/util/stream/Collector; 4 <appendix> argL0 ; # java/util/stream/Collectors$$Lambda+0x00000000811c4920
instanceKlass  @bci com/sun/javafx/css/SimpleSelector getStyleClassSet ()Ljava/util/Set; 17 <appendix> argL0 ; # com/sun/javafx/css/SimpleSelector$$Lambda+0x0000000081258218
instanceKlass javafx/css/StyleClass
instanceKlass  @bci javafx/css/Match of (Ljavafx/css/Selector;)Ljavafx/css/Match; 11 <appendix> member <vmtarget> ; # javafx/css/Match$$TypeSwitch+0x0000000081257c20
instanceKlass javafx/css/Match
instanceKlass com/sun/javafx/css/CalculatedValue
instanceKlass com/sun/javafx/css/StyleCacheEntry$Key
instanceKlass com/sun/javafx/css/StyleCache
instanceKlass javafx/scene/layout/VBox$StyleableProperties
instanceKlass javafx/scene/layout/StackPane$StyleableProperties
instanceKlass javafx/scene/layout/HBox$StyleableProperties
instanceKlass javafx/scene/Node$22
instanceKlass com/sun/javafx/logging/PrintLogger$PulseData
instanceKlass com/sun/javafx/logging/Logger
instanceKlass com/sun/javafx/logging/PulseLogger
instanceKlass  @bci com/sun/javafx/tk/quantum/WindowStage setScene (Lcom/sun/javafx/tk/TKScene;)V 40 <appendix> member <vmtarget> ; # com/sun/javafx/tk/quantum/WindowStage$$Lambda+0x00000000812540d8
instanceKlass  @bci javafx/util/Subscription combine ([Ljavafx/util/Subscription;)Ljavafx/util/Subscription; 6 <appendix> member <vmtarget> ; # javafx/util/Subscription$$Lambda+0x0000000081253e98
instanceKlass  @bci com/sun/javafx/tk/quantum/ViewSceneOverlay <init> (Ljavafx/scene/Scene;Lcom/sun/javafx/tk/quantum/ViewPainter;)V 42 <appendix> member <vmtarget> ; # com/sun/javafx/tk/quantum/ViewSceneOverlay$$Lambda+0x0000000081253c58
instanceKlass  @bci com/sun/javafx/tk/quantum/ViewSceneOverlay <init> (Ljavafx/scene/Scene;Lcom/sun/javafx/tk/quantum/ViewPainter;)V 26 <appendix> member <vmtarget> ; # com/sun/javafx/tk/quantum/ViewSceneOverlay$$Lambda+0x0000000081253a18
instanceKlass com/sun/javafx/tk/quantum/ViewSceneOverlay
instanceKlass com/sun/javafx/geom/DirtyRegionContainer
instanceKlass com/sun/javafx/geom/DirtyRegionPool
instanceKlass com/sun/javafx/sg/prism/NodePath
instanceKlass javafx/scene/Scene$InputMethodRequestsDelegate
instanceKlass com/sun/javafx/scene/input/ExtendedInputMethodRequests
instanceKlass javafx/scene/Scene$DropTargetListener
instanceKlass com/sun/javafx/util/WeakReferenceQueue
instanceKlass com/sun/javafx/scene/transform/TransformUtils
instanceKlass  @bci javafx/scene/Camera <init> ()V 115 <appendix> member <vmtarget> ; # javafx/scene/Camera$$Lambda+0x000000008124aea0
instanceKlass javafx/scene/ParallelCamera$1
instanceKlass javafx/scene/Camera$1
instanceKlass com/sun/javafx/scene/ParallelCameraHelper$ParallelCameraAccessor
instanceKlass com/sun/javafx/scene/CameraHelper$CameraAccessor
instanceKlass  @bci com/sun/javafx/tk/Toolkit getPaint (Ljavafx/scene/paint/Paint;)Ljava/lang/Object; 11 <appendix> member <vmtarget> ; # com/sun/javafx/tk/Toolkit$$TypeSwitch+0x0000000081240c50
instanceKlass java/lang/classfile/MethodModel
instanceKlass java/lang/classfile/FieldModel
instanceKlass  @bci jdk/internal/classfile/impl/ClassFileImpl attributeMapper ()Ljava/util/function/Function; 7 <appendix> argL0 ; # jdk/internal/classfile/impl/ClassFileImpl$$Lambda+0x80000004b
instanceKlass java/lang/classfile/ClassModel
instanceKlass java/lang/classfile/AttributedElement
instanceKlass java/lang/classfile/CompoundElement
instanceKlass java/lang/classfile/instruction/SwitchCase
instanceKlass  @bci java/lang/runtime/SwitchBootstraps generateTypeSwitchSkeleton (Ljava/lang/Class;[Ljava/lang/Object;Ljava/util/List;Ljava/util/List;)Ljava/util/function/Consumer; 45 <appendix> member <vmtarget> ; # java/lang/runtime/SwitchBootstraps$$Lambda+0x800000019
instanceKlass java/lang/classfile/AccessFlags
instanceKlass  @bci java/lang/runtime/SwitchBootstraps generateTypeSwitch (Ljava/lang/invoke/MethodHandles$Lookup;Ljava/lang/Class;[Ljava/lang/Object;)Ljava/lang/invoke/MethodHandle; 70 <appendix> member <vmtarget> ; # java/lang/runtime/SwitchBootstraps$$Lambda+0x800000018
instanceKlass java/lang/invoke/DirectMethodHandle$1
instanceKlass java/util/function/BiPredicate
instanceKlass jdk/internal/misc/PreviewFeatures
instanceKlass java/lang/runtime/SwitchBootstraps
instanceKlass com/sun/scenario/effect/impl/state/AccessHelper
instanceKlass  @bci com/sun/scenario/effect/Effect <clinit> ()V 4 <appendix> argL0 ; # com/sun/scenario/effect/Effect$$Lambda+0x0000000081241688
instanceKlass com/sun/scenario/effect/impl/state/AccessHelper$StateAccessor
instanceKlass com/sun/javafx/geom/Rectangle
instanceKlass com/sun/prism/paint/Paint
instanceKlass com/sun/scenario/effect/Effect
instanceKlass javafx/scene/Scene$ScenePeerPaintListener
instanceKlass javafx/scene/Scene$ScenePeerListener
instanceKlass com/sun/javafx/tk/quantum/SwipeGestureRecognizer$CenterComputer
instanceKlass com/sun/javafx/tk/quantum/SwipeGestureRecognizer$MultiTouchTracker
instanceKlass com/sun/javafx/tk/quantum/SwipeGestureRecognizer
instanceKlass com/sun/javafx/tk/quantum/GestureRecognizers
instanceKlass com/sun/javafx/tk/quantum/GlassSceneDnDEventHandler
instanceKlass com/sun/javafx/tk/quantum/GlassViewEventHandler$ViewEventNotification
instanceKlass com/sun/javafx/tk/quantum/GlassViewEventHandler$MouseEventNotification
instanceKlass com/sun/javafx/tk/quantum/GlassViewEventHandler$KeyEventNotification
instanceKlass com/sun/javafx/tk/quantum/GestureRecognizer
instanceKlass com/sun/javafx/tk/quantum/GlassTouchEventListener
instanceKlass  @bci com/sun/glass/ui/View <clinit> ()V 0 <appendix> argL0 ; # com/sun/glass/ui/View$$Lambda+0x0000000081245868
instanceKlass com/sun/prism/PresentableState
instanceKlass com/sun/javafx/tk/quantum/ViewPainter
instanceKlass com/sun/glass/ui/View$EventHandler
instanceKlass com/sun/glass/ui/ClipboardAssistance
instanceKlass  @bci com/sun/glass/ui/GestureSupport createTouchCountListener ()Lcom/sun/glass/ui/TouchInputSupport$TouchCountListener; 4 <appendix> member <vmtarget> ; # com/sun/glass/ui/GestureSupport$$Lambda+0x000000008123eca8
instanceKlass  @cpi com/sun/glass/ui/GestureSupport 195 form vmentry <vmtarget> ; # java/lang/invoke/LambdaForm$DMH+0x0000000081240000
instanceKlass com/sun/glass/ui/TouchInputSupport$TouchCountListener
instanceKlass com/sun/glass/ui/TouchInputSupport
instanceKlass com/sun/glass/ui/GestureSupport$GestureState
instanceKlass com/sun/glass/ui/GestureSupport
instanceKlass com/sun/glass/ui/win/WinGestureSupport
instanceKlass javafx/geometry/Dimension2D
instanceKlass com/sun/javafx/tk/quantum/WindowStage$1
instanceKlass javafx/scene/input/KeyCombination$Modifier
instanceKlass com/sun/glass/ui/Window$EventHandler
instanceKlass com/sun/javafx/tk/quantum/GlassStage
instanceKlass com/sun/javafx/event/EventUtil
instanceKlass  @bci com/sun/javafx/binding/FlatMappedBinding computeValue ()Ljava/lang/Object; 69 <appendix> member <vmtarget> ; # com/sun/javafx/binding/FlatMappedBinding$$Lambda+0x0000000081238d78
instanceKlass  @bci javafx/scene/Scene <init> (Ljavafx/scene/Parent;DDLjavafx/scene/paint/Paint;ZLjavafx/scene/SceneAntialiasing;)V 339 <appendix> member <vmtarget> ; # javafx/scene/Scene$$Lambda+0x0000000081238b48
instanceKlass  @bci com/sun/javafx/scene/SceneContext notifySizeChanged ()V 15 <appendix> member <vmtarget> ; # com/sun/javafx/scene/SceneContext$$Lambda+0x00000000812388e8
instanceKlass javafx/scene/control/TextInputControl$StyleableProperties
instanceKlass javafx/scene/control/TextField$StyleableProperties
instanceKlass com/sun/javafx/scene/layout/region/BorderImageSlices
instanceKlass javafx/scene/layout/BackgroundSize
instanceKlass javafx/scene/layout/BackgroundPosition
instanceKlass com/sun/javafx/scene/layout/region/RepeatStruct
instanceKlass com/sun/javafx/css/SubPropertyConverter
instanceKlass javafx/scene/layout/Region$StyleableProperties
instanceKlass javafx/scene/control/Control$StyleableProperties
instanceKlass javafx/scene/control/Labeled$StyleableProperties
instanceKlass com/sun/javafx/css/StyleCache$Key
instanceKlass javafx/scene/CssStyleHelper$CacheContainer
instanceKlass javafx/css/CssParser$Term
instanceKlass com/sun/javafx/css/parser/Token
instanceKlass  @bci com/sun/javafx/css/parser/CssLexer$UnitsState <init> (Lcom/sun/javafx/css/parser/CssLexer;)V 468 <appendix> argL0 ; # com/sun/javafx/css/parser/CssLexer$UnitsState$$Lambda+0x000000008122e730
instanceKlass  @bci com/sun/javafx/css/parser/CssLexer <init> ()V 419 <appendix> argL0 ; # com/sun/javafx/css/parser/CssLexer$$Lambda+0x000000008122e108
instanceKlass  @bci com/sun/javafx/css/parser/CssLexer <init> ()V 410 <appendix> argL0 ; # com/sun/javafx/css/parser/CssLexer$$Lambda+0x000000008122dee0
instanceKlass  @bci com/sun/javafx/css/parser/CssLexer <init> ()V 401 <appendix> argL0 ; # com/sun/javafx/css/parser/CssLexer$$Lambda+0x000000008122dcb8
instanceKlass  @bci com/sun/javafx/css/parser/CssLexer <init> ()V 392 <appendix> argL0 ; # com/sun/javafx/css/parser/CssLexer$$Lambda+0x000000008122da90
instanceKlass  @bci com/sun/javafx/css/parser/CssLexer <init> ()V 383 <appendix> argL0 ; # com/sun/javafx/css/parser/CssLexer$$Lambda+0x000000008122d868
instanceKlass  @bci com/sun/javafx/css/parser/CssLexer <init> ()V 374 <appendix> argL0 ; # com/sun/javafx/css/parser/CssLexer$$Lambda+0x000000008122d640
instanceKlass  @bci com/sun/javafx/css/parser/CssLexer <init> ()V 365 <appendix> argL0 ; # com/sun/javafx/css/parser/CssLexer$$Lambda+0x000000008122d418
instanceKlass  @bci com/sun/javafx/css/parser/CssLexer <init> ()V 356 <appendix> argL0 ; # com/sun/javafx/css/parser/CssLexer$$Lambda+0x000000008122d1f0
instanceKlass  @bci com/sun/javafx/css/parser/CssLexer <init> ()V 347 <appendix> argL0 ; # com/sun/javafx/css/parser/CssLexer$$Lambda+0x000000008122cfc8
instanceKlass  @bci com/sun/javafx/css/parser/CssLexer <init> ()V 338 <appendix> argL0 ; # com/sun/javafx/css/parser/CssLexer$$Lambda+0x000000008122cda0
instanceKlass  @bci com/sun/javafx/css/parser/CssLexer <init> ()V 329 <appendix> argL0 ; # com/sun/javafx/css/parser/CssLexer$$Lambda+0x000000008122cb78
instanceKlass  @bci com/sun/javafx/css/parser/CssLexer <init> ()V 320 <appendix> argL0 ; # com/sun/javafx/css/parser/CssLexer$$Lambda+0x000000008122c950
instanceKlass  @bci com/sun/javafx/css/parser/CssLexer <init> ()V 311 <appendix> argL0 ; # com/sun/javafx/css/parser/CssLexer$$Lambda+0x000000008122c728
instanceKlass  @bci com/sun/javafx/css/parser/CssLexer <init> ()V 302 <appendix> argL0 ; # com/sun/javafx/css/parser/CssLexer$$Lambda+0x000000008122c500
instanceKlass  @bci com/sun/javafx/css/parser/CssLexer <init> ()V 293 <appendix> argL0 ; # com/sun/javafx/css/parser/CssLexer$$Lambda+0x000000008122c2d8
instanceKlass  @bci com/sun/javafx/css/parser/CssLexer <init> ()V 284 <appendix> argL0 ; # com/sun/javafx/css/parser/CssLexer$$Lambda+0x000000008122c0b0
instanceKlass  @bci com/sun/javafx/css/parser/CssLexer <init> ()V 275 <appendix> argL0 ; # com/sun/javafx/css/parser/CssLexer$$Lambda+0x000000008122be88
instanceKlass  @bci com/sun/javafx/css/parser/CssLexer <init> ()V 266 <appendix> argL0 ; # com/sun/javafx/css/parser/CssLexer$$Lambda+0x000000008122bc60
instanceKlass  @bci com/sun/javafx/css/parser/CssLexer <init> ()V 257 <appendix> argL0 ; # com/sun/javafx/css/parser/CssLexer$$Lambda+0x000000008122ba38
instanceKlass  @bci com/sun/javafx/css/parser/CssLexer <init> ()V 248 <appendix> argL0 ; # com/sun/javafx/css/parser/CssLexer$$Lambda+0x000000008122b810
instanceKlass  @bci com/sun/javafx/css/parser/CssLexer <init> ()V 239 <appendix> argL0 ; # com/sun/javafx/css/parser/CssLexer$$Lambda+0x000000008122b5e8
instanceKlass  @bci com/sun/javafx/css/parser/CssLexer <init> ()V 230 <appendix> argL0 ; # com/sun/javafx/css/parser/CssLexer$$Lambda+0x000000008122b3c0
instanceKlass  @bci com/sun/javafx/css/parser/CssLexer <init> ()V 221 <appendix> argL0 ; # com/sun/javafx/css/parser/CssLexer$$Lambda+0x000000008122b198
instanceKlass  @bci com/sun/javafx/css/parser/CssLexer <init> ()V 212 <appendix> argL0 ; # com/sun/javafx/css/parser/CssLexer$$Lambda+0x000000008122af70
instanceKlass  @bci com/sun/javafx/css/parser/CssLexer <init> ()V 203 <appendix> argL0 ; # com/sun/javafx/css/parser/CssLexer$$Lambda+0x000000008122ad48
instanceKlass  @bci com/sun/javafx/css/parser/CssLexer <init> ()V 194 <appendix> argL0 ; # com/sun/javafx/css/parser/CssLexer$$Lambda+0x000000008122ab20
instanceKlass  @bci com/sun/javafx/css/parser/CssLexer <init> ()V 185 <appendix> argL0 ; # com/sun/javafx/css/parser/CssLexer$$Lambda+0x000000008122a8f8
instanceKlass  @bci com/sun/javafx/css/parser/CssLexer <init> ()V 176 <appendix> argL0 ; # com/sun/javafx/css/parser/CssLexer$$Lambda+0x000000008122a6d0
instanceKlass  @bci com/sun/javafx/css/parser/CssLexer <init> ()V 167 <appendix> argL0 ; # com/sun/javafx/css/parser/CssLexer$$Lambda+0x000000008122a4a8
instanceKlass  @bci com/sun/javafx/css/parser/CssLexer <init> ()V 158 <appendix> argL0 ; # com/sun/javafx/css/parser/CssLexer$$Lambda+0x000000008122a280
instanceKlass  @bci com/sun/javafx/css/parser/CssLexer <init> ()V 149 <appendix> argL0 ; # com/sun/javafx/css/parser/CssLexer$$Lambda+0x000000008122a058
instanceKlass  @bci com/sun/javafx/css/parser/CssLexer <init> ()V 140 <appendix> argL0 ; # com/sun/javafx/css/parser/CssLexer$$Lambda+0x0000000081229e30
instanceKlass  @bci com/sun/javafx/css/parser/CssLexer <init> ()V 131 <appendix> argL0 ; # com/sun/javafx/css/parser/CssLexer$$Lambda+0x0000000081229c08
instanceKlass  @bci com/sun/javafx/css/parser/CssLexer <init> ()V 122 <appendix> argL0 ; # com/sun/javafx/css/parser/CssLexer$$Lambda+0x00000000812299e0
instanceKlass  @bci com/sun/javafx/css/parser/CssLexer <init> ()V 113 <appendix> argL0 ; # com/sun/javafx/css/parser/CssLexer$$Lambda+0x00000000812297b8
instanceKlass  @bci com/sun/javafx/css/parser/CssLexer <init> ()V 104 <appendix> argL0 ; # com/sun/javafx/css/parser/CssLexer$$Lambda+0x0000000081229590
instanceKlass  @bci com/sun/javafx/css/parser/CssLexer <init> ()V 95 <appendix> argL0 ; # com/sun/javafx/css/parser/CssLexer$$Lambda+0x0000000081229368
instanceKlass  @bci com/sun/javafx/css/parser/CssLexer <init> ()V 86 <appendix> argL0 ; # com/sun/javafx/css/parser/CssLexer$$Lambda+0x0000000081229140
instanceKlass  @bci com/sun/javafx/css/parser/CssLexer <init> ()V 77 <appendix> argL0 ; # com/sun/javafx/css/parser/CssLexer$$Lambda+0x0000000081228f18
instanceKlass  @bci com/sun/javafx/css/parser/CssLexer <init> ()V 68 <appendix> argL0 ; # com/sun/javafx/css/parser/CssLexer$$Lambda+0x0000000081228cf0
instanceKlass  @bci com/sun/javafx/css/parser/CssLexer <init> ()V 59 <appendix> argL0 ; # com/sun/javafx/css/parser/CssLexer$$Lambda+0x0000000081228ac8
instanceKlass  @bci com/sun/javafx/css/parser/CssLexer <init> ()V 50 <appendix> argL0 ; # com/sun/javafx/css/parser/CssLexer$$Lambda+0x00000000812288a0
instanceKlass  @bci com/sun/javafx/css/parser/CssLexer <init> ()V 41 <appendix> argL0 ; # com/sun/javafx/css/parser/CssLexer$$Lambda+0x0000000081228678
instanceKlass  @bci com/sun/javafx/css/parser/CssLexer <init> ()V 32 <appendix> argL0 ; # com/sun/javafx/css/parser/CssLexer$$Lambda+0x0000000081228450
instanceKlass  @bci com/sun/javafx/css/parser/CssLexer <init> ()V 23 <appendix> argL0 ; # com/sun/javafx/css/parser/CssLexer$$Lambda+0x0000000081228228
instanceKlass  @bci com/sun/javafx/css/parser/CssLexer <init> ()V 14 <appendix> argL0 ; # com/sun/javafx/css/parser/CssLexer$$Lambda+0x0000000081228000
instanceKlass  @bci com/sun/javafx/css/parser/CssLexer <init> ()V 5 <appendix> argL0 ; # com/sun/javafx/css/parser/CssLexer$$Lambda+0x0000000081227d60
instanceKlass com/sun/javafx/css/parser/Recognizer
instanceKlass com/sun/javafx/css/parser/LexerState
instanceKlass com/sun/javafx/css/parser/CssLexer
instanceKlass com/sun/javafx/css/parser/CssParserHelper
instanceKlass javafx/css/CssParser$1
instanceKlass javafx/css/FontFace
instanceKlass javafx/css/CssParser$ParseError
instanceKlass com/sun/javafx/css/parser/CssParserHelper$Accessor
instanceKlass javafx/css/CssParser
instanceKlass com/sun/javafx/css/StyleManager$Cache$Key
instanceKlass com/sun/javafx/css/CssUtil
instanceKlass javafx/css/converter/CursorConverter$Holder
instanceKlass javafx/scene/Node$StyleableProperties
instanceKlass javafx/scene/image/ImageView$StyleableProperties
instanceKlass  @bci com/sun/javafx/css/StyleMap <clinit> ()V 30 <appendix> argL0 ; # com/sun/javafx/css/StyleMap$$Lambda+0x0000000081221188
instanceKlass com/sun/javafx/css/CascadingStyle
instanceKlass com/sun/javafx/css/StyleMap
instanceKlass com/sun/javafx/css/StyleManager$Cache
instanceKlass com/sun/javafx/css/FixedCapacitySet$Hashless$1
instanceKlass com/sun/javafx/css/StyleManager$Key
instanceKlass  @bci com/sun/javafx/css/StyleManager findMatchingStyles (Ljavafx/scene/Node;Ljavafx/scene/SubScene;[Ljava/util/Set;)Lcom/sun/javafx/css/StyleMap; 251 <appendix> argL0 ; # com/sun/javafx/css/StyleManager$$Lambda+0x0000000081220420
instanceKlass com/sun/javafx/css/StyleManager$CacheContainer
instanceKlass javafx/css/converter/FontConverter$FontStyleConverter$Holder
instanceKlass javafx/css/converter/FontConverter$Holder
instanceKlass com/sun/javafx/logging/PlatformLogger
instanceKlass com/sun/javafx/util/Logging
instanceKlass javafx/scene/CssStyleHelper
instanceKlass javafx/scene/Scene$ClickCounter
instanceKlass javafx/scene/Scene$ClickGenerator
instanceKlass javafx/scene/Scene$MouseHandler$1
instanceKlass com/sun/javafx/event/EventQueue
instanceKlass javafx/scene/Scene$MouseHandler
instanceKlass  @bci com/sun/javafx/scene/SceneContext onFullScreenChanged (Ljava/lang/Boolean;)V 15 <appendix> member <vmtarget> ; # com/sun/javafx/scene/SceneContext$$Lambda+0x000000008121e230
instanceKlass java/util/IdentityHashMap$IdentityHashMapSpliterator
instanceKlass  @bci com/sun/javafx/binding/MappedBinding observeSources ()Ljavafx/util/Subscription; 5 <appendix> member <vmtarget> ; # com/sun/javafx/binding/MappedBinding$$Lambda+0x000000008121e000
instanceKlass  @bci com/sun/javafx/scene/SceneContext <init> (Ljavafx/scene/Scene;)V 187 <appendix> member <vmtarget> ; # com/sun/javafx/scene/SceneContext$$Lambda+0x000000008121bbc0
instanceKlass  @bci com/sun/javafx/scene/SceneContext <init> (Ljavafx/scene/Scene;)V 176 <appendix> argL0 ; # com/sun/javafx/scene/SceneContext$$Lambda+0x000000008121b978
instanceKlass  @bci com/sun/javafx/scene/SceneContext <init> (Ljavafx/scene/Scene;)V 168 <appendix> argL0 ; # com/sun/javafx/scene/SceneContext$$Lambda+0x000000008121b310
instanceKlass  @bci javafx/beans/value/ObservableValue subscribe (Ljava/util/function/Consumer;)Ljavafx/util/Subscription; 35 <appendix> member <vmtarget> ; # javafx/beans/value/ObservableValue$$Lambda+0x000000008121b0d0
instanceKlass  @bci com/sun/javafx/binding/FlatMappedBinding observeSources ()Ljavafx/util/Subscription; 18 <appendix> member <vmtarget> ; # com/sun/javafx/binding/FlatMappedBinding$$Lambda+0x000000008121ae90
instanceKlass  @bci javafx/beans/Observable subscribe (Ljava/lang/Runnable;)Ljavafx/util/Subscription; 23 <appendix> member <vmtarget> ; # javafx/beans/Observable$$Lambda+0x000000008121ac50
instanceKlass  @cpi javafx/beans/value/ObservableValue 114 form vmentry <vmtarget> ; # java/lang/invoke/LambdaForm$DMH+0x000000008121c000
instanceKlass  @bci com/sun/javafx/binding/FlatMappedBinding observeSources ()Ljavafx/util/Subscription; 5 <appendix> member <vmtarget> ; # com/sun/javafx/binding/FlatMappedBinding$$Lambda+0x000000008121aa20
instanceKlass  @bci javafx/beans/Observable subscribe (Ljava/lang/Runnable;)Ljavafx/util/Subscription; 8 <appendix> member <vmtarget> ; # javafx/beans/Observable$$Lambda+0x000000008121a7f0
instanceKlass  @bci com/sun/javafx/binding/OrElseBinding observeSources ()Ljavafx/util/Subscription; 5 <appendix> member <vmtarget> ; # com/sun/javafx/binding/OrElseBinding$$Lambda+0x000000008121a5c0
instanceKlass  @bci javafx/beans/value/ObservableValue subscribe (Ljava/util/function/Consumer;)Ljavafx/util/Subscription; 8 <appendix> member <vmtarget> ; # javafx/beans/value/ObservableValue$$Lambda+0x000000008121a390
instanceKlass  @bci com/sun/javafx/scene/SceneContext <init> (Ljavafx/scene/Scene;)V 153 <appendix> member <vmtarget> ; # com/sun/javafx/scene/SceneContext$$Lambda+0x000000008121a150
instanceKlass  @bci javafx/util/Subscription <clinit> ()V 0 <appendix> argL0 ; # javafx/util/Subscription$$Lambda+0x0000000081219af8
instanceKlass javafx/util/Subscription
instanceKlass  @bci com/sun/javafx/scene/SceneContext <init> (Ljavafx/scene/Scene;)V 135 <appendix> argL0 ; # com/sun/javafx/scene/SceneContext$$Lambda+0x0000000081218e68
instanceKlass javafx/beans/value/WeakChangeListener
instanceKlass  @bci com/sun/javafx/beans/property/NullCoalescingPropertyBase <init> (Ljavafx/beans/value/ObservableValue;)V 6 <appendix> member <vmtarget> ; # com/sun/javafx/beans/property/NullCoalescingPropertyBase$$Lambda+0x00000000812189f0
instanceKlass com/sun/javafx/scene/SceneContext
instanceKlass com/sun/javafx/scene/traversal/TraversalEngine$BaseEngineContext
instanceKlass com/sun/javafx/scene/traversal/ContainerTabOrder
instanceKlass com/sun/javafx/scene/traversal/Algorithm
instanceKlass com/sun/javafx/scene/traversal/TraversalContext
instanceKlass  @bci javafx/scene/Scene <init> (Ljavafx/scene/Parent;DDLjavafx/scene/paint/Paint;ZLjavafx/scene/SceneAntialiasing;)V 176 <appendix> member <vmtarget> ; # javafx/scene/Scene$$Lambda+0x0000000081217400
instanceKlass javafx/scene/Scene$TouchMap
instanceKlass javafx/scene/Scene$TouchGesture
instanceKlass javafx/scene/Scene$TargetWrapper
instanceKlass javafx/scene/Scene$ScenePulseListener
instanceKlass javafx/scene/SceneAntialiasing
# instanceKlass java/lang/invoke/LambdaForm$MH+0x0000000081214c00
# instanceKlass java/lang/invoke/LambdaForm$MH+0x0000000081214800
instanceKlass  @cpi javafx/animation/Animation 682 form vmentry <vmtarget> ; # java/lang/invoke/LambdaForm$DMH+0x0000000081214400
instanceKlass javafx/fxml/Initializable
# instanceKlass java/lang/invoke/LambdaForm$MH+0x0000000081214000
instanceKlass javafx/fxml/FXMLLoader$ControllerMethodEventHandler
instanceKlass javafx/fxml/FXMLLoader$MethodHandler
instanceKlass com/uet/auction/common/Response/AuctionResponse
instanceKlass javafx/scene/paint/Color$NamedColors
instanceKlass  @bci jdk/internal/reflect/MethodHandleObjectFieldAccessorImpl set (Ljava/lang/Object;Ljava/lang/Object;)V 41 <adapter> ; # java/lang/invoke/LambdaForm$MH+0x00000000811b4400
instanceKlass javafx/fxml/FXML
instanceKlass javafx/scene/control/TextFormatter$Change
instanceKlass javafx/scene/control/TextFormatter
instanceKlass javafx/beans/DefaultProperty
instanceKlass com/sun/javafx/beans/IDProperty
instanceKlass  @bci javafx/scene/control/TextInputControl <init> (Ljavafx/scene/control/TextInputControl$Content;)V 243 <appendix> member <vmtarget> ; # javafx/scene/control/TextInputControl$$Lambda+0x000000008120d148
instanceKlass  @bci javafx/scene/control/TextInputControl <init> (Ljavafx/scene/control/TextInputControl$Content;)V 230 <appendix> member <vmtarget> ; # javafx/scene/control/TextInputControl$$Lambda+0x000000008120cb18
instanceKlass  @bci javafx/scene/control/TextInputControl <init> (Ljavafx/scene/control/TextInputControl$Content;)V 217 <appendix> member <vmtarget> ; # javafx/scene/control/TextInputControl$$Lambda+0x000000008120c8e8
instanceKlass javafx/beans/property/IntegerPropertyBase$Listener
instanceKlass com/sun/javafx/binding/BindingHelperObserver
instanceKlass  @bci javafx/scene/control/TextInputControl <init> (Ljavafx/scene/control/TextInputControl$Content;)V 187 <appendix> member <vmtarget> ; # javafx/scene/control/TextInputControl$$Lambda+0x000000008120b4a0
instanceKlass javafx/scene/control/TextInputControl$UndoRedoChange
instanceKlass javafx/scene/control/IndexRange
instanceKlass javafx/scene/control/TextInputControl$ContentBase
instanceKlass javafx/beans/value/ObservableIntegerValue
instanceKlass javafx/beans/value/WritableIntegerValue
instanceKlass javafx/scene/control/TextInputControl$Content
instanceKlass com/sun/javafx/scene/control/FormatterAccessor
instanceKlass com/sun/javafx/font/PrismFont
instanceKlass com/sun/javafx/font/CharToGlyphMapper
instanceKlass com/sun/javafx/font/FontStrike
instanceKlass com/sun/javafx/font/LogicalFont
instanceKlass com/sun/javafx/font/CompositeFontResource
instanceKlass com/sun/javafx/font/directwrite/IUnknown
instanceKlass com/sun/javafx/font/directwrite/OS
instanceKlass com/sun/javafx/font/FontFallbackInfo
instanceKlass com/sun/javafx/text/GlyphLayout
instanceKlass com/sun/javafx/font/PrismFontFile
instanceKlass com/sun/javafx/font/FontConstants
instanceKlass com/sun/javafx/scene/text/FontHelper
instanceKlass javafx/scene/text/Font$1
instanceKlass com/sun/javafx/scene/text/FontHelper$FontAccessor
instanceKlass  @bci javafx/scene/control/Label <init> ()V 6 <appendix> member <vmtarget> ; # javafx/scene/control/Label$$Lambda+0x00000000811b7460
instanceKlass javafx/event/WeakEventHandler
instanceKlass com/sun/javafx/event/CompositeEventHandler$EventProcessorRecord
instanceKlass com/sun/javafx/event/CompositeEventHandler
instanceKlass  @bci javafx/event/Event <clinit> ()V 0 <appendix> argL0 ; # javafx/event/Event$$Lambda+0x00000000811b3908
instanceKlass com/sun/javafx/scene/control/LabeledHelper
instanceKlass javafx/scene/control/Labeled$1
instanceKlass  @bci javafx/scene/control/Control <clinit> ()V 35 <appendix> argL0 ; # javafx/scene/control/Control$$Lambda+0x00000000811b32a0
instanceKlass  @cpi com/sun/javafx/scene/control/behavior/FocusTraversalInputMap 205 form vmentry <vmtarget> ; # java/lang/invoke/LambdaForm$DMH+0x00000000811b4000
instanceKlass com/sun/javafx/css/StyleManager$RefList
instanceKlass javafx/css/converter/FontConverter$FontWeightConverter$Holder
instanceKlass javafx/css/converter/StringConverter$Holder
instanceKlass javafx/css/converter/FontConverter$FontSizeConverter$Holder
instanceKlass javafx/css/converter/EffectConverter$Holder
instanceKlass com/sun/javafx/scene/layout/region/Margins
instanceKlass com/sun/javafx/scene/layout/region/Margins$Holder
instanceKlass javafx/css/converter/BooleanConverter$Holder
instanceKlass com/sun/javafx/css/FixedCapacitySet$Duo$1
instanceKlass javafx/css/converter/SizeConverter$Holder
instanceKlass com/sun/javafx/css/FixedCapacitySet$Single$1
instanceKlass javafx/css/converter/InsetsConverter$Holder
instanceKlass com/sun/javafx/css/SelectorPartitioning$Slot
instanceKlass com/sun/javafx/css/SelectorPartitioning$Partition
instanceKlass javafx/css/converter/PaintConverter$Holder
instanceKlass javafx/css/converter/StopConverter$Holder
instanceKlass javafx/css/converter/LadderConverter$Holder
instanceKlass javafx/css/converter/DeriveColorConverter$Holder
instanceKlass javafx/css/converter/URLConverter$Holder
instanceKlass javafx/css/StyleConverter
instanceKlass javafx/css/Size
instanceKlass javafx/css/ParsedValue
instanceKlass javafx/css/Declaration
instanceKlass javafx/css/Rule$Observables
instanceKlass  @bci com/sun/javafx/css/SelectorPartitioning <clinit> ()V 28 <appendix> argL0 ; # com/sun/javafx/css/SelectorPartitioning$$Lambda+0x00000000811a4890
instanceKlass com/sun/javafx/css/SelectorPartitioning$PartitionKey
instanceKlass com/sun/javafx/css/SelectorPartitioning
instanceKlass com/sun/javafx/css/StyleManager$StylesheetContainer
instanceKlass java/util/AbstractList$SubList$1
instanceKlass javafx/collections/ModifiableObservableListBase$SubObservableList
instanceKlass com/sun/javafx/css/BitSet$1
instanceKlass com/sun/javafx/css/ImmutablePseudoClassSetsCache
instanceKlass com/sun/javafx/css/BinarySerializer
instanceKlass com/sun/javafx/css/RuleHelper
instanceKlass javafx/css/Rule$1
instanceKlass com/sun/javafx/css/RuleHelper$Accessor
instanceKlass javafx/css/Rule
instanceKlass javafx/css/StyleConverter$StringStore
instanceKlass sun/net/www/protocol/jar/JarFileFactory
instanceKlass sun/net/www/protocol/jar/URLJarFile$URLJarFileCloseController
instanceKlass javafx/css/Stylesheet
instanceKlass java/io/FilenameFilter
instanceKlass com/sun/javafx/font/FontResource
instanceKlass com/sun/javafx/font/PGFont
instanceKlass com/sun/javafx/font/PrismFontFactory
instanceKlass com/sun/javafx/scene/text/TextLayout$CaretGeometry
instanceKlass com/sun/javafx/scene/text/TabAdvancePolicy
instanceKlass java/text/CharacterIterator
instanceKlass com/sun/javafx/scene/text/TextLine
instanceKlass com/sun/javafx/scene/text/GlyphList
instanceKlass com/sun/javafx/text/PrismTextLayout
instanceKlass com/sun/javafx/scene/text/TextLayout
instanceKlass com/sun/javafx/text/PrismTextLayoutFactory
instanceKlass  @bci javafx/scene/text/Text <init> ()V 64 <appendix> member <vmtarget> ; # javafx/scene/text/Text$$Lambda+0x000000008119d018
instanceKlass  @bci javafx/scene/text/Text <init> ()V 37 <appendix> member <vmtarget> ; # javafx/scene/text/Text$$Lambda+0x000000008119cde8
instanceKlass javafx/scene/text/Text$1
instanceKlass javafx/scene/shape/Shape$1
instanceKlass javafx/scene/text/LayoutInfo
instanceKlass com/sun/javafx/scene/text/TextSpan
instanceKlass com/sun/javafx/scene/shape/TextHelper$TextAccessor
instanceKlass com/sun/javafx/scene/shape/ShapeHelper$ShapeAccessor
instanceKlass com/sun/javafx/scene/control/skin/Utils
instanceKlass com/sun/javafx/css/StyleManager$ImageCache
instanceKlass com/sun/javafx/css/StyleManager$InstanceHolder
instanceKlass com/sun/javafx/css/StyleManager
instanceKlass com/sun/javafx/tk/quantum/QuantumToolkit$6
instanceKlass javafx/scene/control/Control$1
instanceKlass javafx/scene/control/Skin
instanceKlass com/sun/javafx/scene/control/LabeledHelper$Accessor
instanceKlass com/sun/javafx/scene/control/ControlHelper$ControlAccessor
instanceKlass javafx/scene/control/Skinnable
instanceKlass  @bci javafx/scene/layout/VBox <clinit> ()V 0 <appendix> argL0 ; # javafx/scene/layout/VBox$$Lambda+0x0000000081188000
# instanceKlass java/lang/invoke/LambdaForm$MH+0x0000000081184c00
# instanceKlass java/lang/invoke/LambdaForm$MH+0x0000000081184000
# instanceKlass java/lang/invoke/LambdaForm$MH+0x0000000081183c00
# instanceKlass java/lang/invoke/LambdaForm$MH+0x0000000081183800
# instanceKlass java/lang/invoke/LambdaForm$BMH+0x0000000081183400
# instanceKlass java/lang/invoke/LambdaForm$MH+0x0000000081183000
instanceKlass  @cpi javafx/scene/control/skin/TableViewSkin 445 form vmentry <vmtarget> ; # java/lang/invoke/LambdaForm$DMH+0x0000000081182c00
# instanceKlass java/lang/invoke/LambdaForm$MH+0x0000000081182800
# instanceKlass java/lang/invoke/LambdaForm$MH+0x0000000081182400
# instanceKlass java/lang/invoke/LambdaForm$MH+0x0000000081182000
# instanceKlass java/lang/invoke/LambdaForm$BMH+0x0000000081181c00
# instanceKlass java/lang/invoke/LambdaForm$DMH+0x0000000081181800
# instanceKlass java/lang/invoke/LambdaForm$MH+0x0000000081181400
# instanceKlass java/lang/invoke/LambdaForm$DMH+0x0000000081181000
instanceKlass java/lang/invoke/MethodHandles$1
# instanceKlass java/lang/invoke/LambdaForm$DMH+0x0000000081180800
# instanceKlass java/lang/invoke/LambdaForm$DMH+0x0000000081180400
instanceKlass sun/invoke/util/ValueConversions$1
# instanceKlass java/lang/invoke/LambdaForm$DMH+0x0000000081180000
instanceKlass com/sun/prism/Image$Serial
instanceKlass com/sun/javafx/image/impl/ByteBgraPre$Accessor
instanceKlass com/sun/javafx/image/impl/ByteBgraPre
instanceKlass com/sun/javafx/image/impl/BaseByteToByteConverter
instanceKlass com/sun/javafx/image/ByteToBytePixelConverter
instanceKlass com/sun/javafx/image/PixelConverter
instanceKlass com/sun/javafx/image/impl/ByteRgba$Accessor
instanceKlass com/sun/javafx/image/BytePixelAccessor
instanceKlass com/sun/javafx/image/BytePixelSetter
instanceKlass com/sun/javafx/image/PixelSetter
instanceKlass com/sun/javafx/image/BytePixelGetter
instanceKlass com/sun/javafx/image/impl/ByteRgba
instanceKlass com/sun/prism/Image$1
instanceKlass javafx/scene/image/PixelFormat
instanceKlass com/sun/javafx/image/PixelGetter
instanceKlass com/sun/prism/Image$Accessor
instanceKlass com/sun/prism/Image
instanceKlass com/sun/javafx/iio/ImageFrame
instanceKlass com/sun/javafx/iio/ImageMetadata
instanceKlass com/sun/javafx/iio/common/ImageLoaderImpl
instanceKlass com/sun/javafx/iio/common/ImageTools
instanceKlass com/sun/javafx/iio/ImageFormatDescription$Signature
instanceKlass com/sun/javafx/iio/common/ImageDescriptor
instanceKlass com/sun/javafx/iio/bmp/BMPImageLoaderFactory
instanceKlass com/sun/javafx/iio/png/PNGImageLoaderFactory
instanceKlass com/sun/javafx/iio/jpeg/JPEGImageLoaderFactory
instanceKlass com/sun/javafx/iio/ImageFormatDescription
instanceKlass com/sun/javafx/iio/ImageLoader
instanceKlass com/sun/javafx/iio/gif/GIFImageLoaderFactory
instanceKlass com/sun/javafx/iio/ImageLoaderFactory
instanceKlass com/sun/javafx/iio/ImageStorage$InstanceHolder
instanceKlass com/sun/javafx/iio/ImageStorage
instanceKlass com/sun/javafx/tk/quantum/PrismImageLoader2$PrismLoadListener
instanceKlass com/sun/javafx/iio/ImageLoadListener
instanceKlass com/sun/javafx/tk/quantum/PrismImageLoader2
instanceKlass com/sun/javafx/util/DataURI
instanceKlass javafx/beans/WeakInvalidationListener
instanceKlass javafx/scene/image/ImageView$1
instanceKlass com/sun/javafx/scene/ImageViewHelper$ImageViewAccessor
instanceKlass com/sun/javafx/beans/event/AbstractNotifyListener
instanceKlass  @bci javafx/scene/layout/StackPane <clinit> ()V 0 <appendix> argL0 ; # javafx/scene/layout/StackPane$$Lambda+0x000000008116dbd0
instanceKlass  @bci java/lang/ClassLoader definePackage (Ljava/lang/String;Ljava/lang/Module;)Ljava/lang/Package; 73 <appendix> member <vmtarget> ; # java/lang/ClassLoader$$Lambda+0x00000000810fca28
instanceKlass com/sun/javafx/reflect/Trampoline
instanceKlass com/sun/javafx/fxml/MethodHelper
instanceKlass java/lang/reflect/AnnotatedType
instanceKlass com/sun/javafx/fxml/ModuleHelper
instanceKlass  @bci com/sun/javafx/fxml/BeanAdapter getMethodName (Ljava/lang/String;Ljava/lang/String;)Ljava/lang/String; 14 <appendix> form vmentry <vmtarget> ; # java/lang/invoke/LambdaForm$MH+0x0000000081170800
instanceKlass  @bci com/sun/javafx/fxml/BeanAdapter getMethodName (Ljava/lang/String;Ljava/lang/String;)Ljava/lang/String; 14 <appendix> form names 6 function resolvedHandle form vmentry <vmtarget> ; # java/lang/invoke/LambdaForm$DMH+0x0000000081170400
instanceKlass javafx/animation/AnimationTimer
instanceKlass javafx/scene/Node$AccessibilityProperties
instanceKlass javafx/scene/Node$NodeTransformation
instanceKlass javafx/css/CssMetaData
instanceKlass com/sun/javafx/geom/Point2D
instanceKlass com/sun/javafx/scene/EventHandlerProperties
instanceKlass javafx/scene/input/Clipboard
instanceKlass javafx/scene/Node$MiscProperties
instanceKlass javafx/scene/effect/Effect
instanceKlass javafx/scene/Cursor
instanceKlass javafx/event/EventType
instanceKlass javafx/scene/SnapshotParameters
instanceKlass javafx/geometry/Point2D
instanceKlass javafx/css/Selector
instanceKlass javafx/scene/layout/Border
instanceKlass com/sun/javafx/scene/input/PickResultChooser
instanceKlass com/sun/javafx/geom/PickRay
instanceKlass javafx/scene/layout/Background
instanceKlass javafx/scene/layout/BorderWidths
instanceKlass javafx/scene/layout/CornerRadii
instanceKlass com/sun/javafx/fxml/BeanAdapter$MethodCache
instanceKlass com/sun/javafx/css/TransitionMediator
instanceKlass javafx/css/StyleableObjectProperty$TransitionController
instanceKlass  @bci javafx/scene/layout/Region <init> ()V 6 <appendix> member <vmtarget> ; # javafx/scene/layout/Region$$Lambda+0x0000000081162f68
instanceKlass  @bci javafx/scene/layout/HBox <clinit> ()V 0 <appendix> argL0 ; # javafx/scene/layout/HBox$$Lambda+0x0000000081164bf8
instanceKlass javafx/scene/layout/Pane$1
instanceKlass com/sun/javafx/geom/Vec2d
instanceKlass javafx/scene/layout/Region$1
instanceKlass javafx/scene/Parent$1
instanceKlass  @bci javafx/scene/Node <clinit> ()V 123 <appendix> argL0 ; # javafx/scene/Node$$Lambda+0x000000008115f870
instanceKlass  @cpi javafx/scene/Node 3408 form vmentry <vmtarget> ; # java/lang/invoke/LambdaForm$DMH+0x0000000081160000
instanceKlass com/sun/javafx/scene/BoundsAccessor
instanceKlass javafx/collections/SetChangeListener$Change
instanceKlass javafx/css/PseudoClass
instanceKlass javafx/geometry/Point3D
instanceKlass com/sun/javafx/scene/transform/TransformHelper
instanceKlass javafx/scene/transform/Transform$1
instanceKlass com/sun/javafx/scene/transform/TransformHelper$TransformAccessor
instanceKlass javafx/scene/transform/Transform
instanceKlass com/sun/javafx/scene/NodeHelper
instanceKlass javafx/scene/Node$1
instanceKlass com/sun/javafx/scene/layout/PaneHelper$PaneAccessor
instanceKlass com/sun/javafx/scene/layout/RegionHelper$RegionAccessor
instanceKlass com/sun/javafx/sg/prism/NGNode
instanceKlass com/sun/javafx/scene/ParentHelper$ParentAccessor
instanceKlass com/sun/javafx/css/media/MediaQueryContext
instanceKlass com/sun/javafx/scene/NodeHelper$NodeAccessor
instanceKlass com/sun/javafx/reflect/ConstructorUtil
instanceKlass javafx/scene/shape/Mesh
instanceKlass javafx/scene/text/Font
instanceKlass com/sun/javafx/reflect/ReflectUtil
instanceKlass com/uet/auction/client/controller/LoginController
instanceKlass javafx/fxml/FXMLLoader$Attribute
instanceKlass javafx/event/EventHandler
instanceKlass javafx/collections/SetChangeListener
instanceKlass javafx/collections/MapChangeListener
instanceKlass javafx/geometry/Insets
instanceKlass com/sun/org/apache/xerces/internal/util/XMLChar
instanceKlass com/sun/xml/internal/stream/util/BufferAllocator
instanceKlass com/sun/xml/internal/stream/util/ThreadLocalBufferAllocator
instanceKlass com/sun/xml/internal/stream/Entity
instanceKlass com/sun/org/apache/xerces/internal/util/XMLSymbols
instanceKlass jdk/xml/internal/XMLLimitAnalyzer
instanceKlass com/sun/org/apache/xerces/internal/impl/msg/XMLMessageFormatter
instanceKlass com/sun/org/apache/xerces/internal/util/MessageFormatter
instanceKlass com/sun/org/apache/xerces/internal/impl/XMLErrorReporter
instanceKlass com/sun/org/apache/xerces/internal/impl/XMLEntityScanner
instanceKlass com/sun/org/apache/xerces/internal/xni/XMLLocator
instanceKlass com/sun/xml/internal/stream/XMLEntityStorage
instanceKlass com/sun/org/apache/xerces/internal/impl/XMLEntityManager
instanceKlass com/sun/org/apache/xerces/internal/xni/parser/XMLEntityResolver
instanceKlass com/sun/org/apache/xerces/internal/util/NamespaceContextWrapper
instanceKlass javax/xml/namespace/NamespaceContext
instanceKlass com/sun/org/apache/xerces/internal/xni/grammars/XMLDTDDescription
instanceKlass com/sun/org/apache/xerces/internal/xni/grammars/XMLGrammarDescription
instanceKlass com/sun/org/apache/xerces/internal/impl/XMLDocumentScannerImpl$TrailingMiscDriver
instanceKlass com/sun/org/apache/xerces/internal/impl/XMLDocumentScannerImpl$PrologDriver
instanceKlass com/sun/org/apache/xerces/internal/impl/XMLDocumentScannerImpl$XMLDeclDriver
instanceKlass com/sun/org/apache/xerces/internal/util/NamespaceSupport
instanceKlass com/sun/org/apache/xerces/internal/xni/NamespaceContext
instanceKlass com/sun/org/apache/xerces/internal/util/AugmentationsImpl$AugmentationsItemsContainer
instanceKlass com/sun/org/apache/xerces/internal/util/AugmentationsImpl
instanceKlass com/sun/org/apache/xerces/internal/xni/Augmentations
instanceKlass com/sun/org/apache/xerces/internal/util/XMLAttributesImpl$Attribute
instanceKlass com/sun/org/apache/xerces/internal/util/XMLAttributesImpl
instanceKlass com/sun/org/apache/xerces/internal/xni/XMLAttributes
instanceKlass com/sun/org/apache/xerces/internal/impl/XMLDocumentFragmentScannerImpl$FragmentContentDriver
instanceKlass com/sun/org/apache/xerces/internal/impl/XMLDocumentFragmentScannerImpl$Driver
instanceKlass com/sun/org/apache/xerces/internal/impl/XMLDocumentFragmentScannerImpl$ElementStack2
instanceKlass com/sun/org/apache/xerces/internal/xni/QName
instanceKlass com/sun/org/apache/xerces/internal/impl/XMLDocumentFragmentScannerImpl$ElementStack
instanceKlass com/sun/org/apache/xerces/internal/util/XMLResourceIdentifierImpl
instanceKlass com/sun/org/apache/xerces/internal/xni/XMLResourceIdentifier
instanceKlass com/sun/org/apache/xerces/internal/xni/XMLString
instanceKlass com/sun/org/apache/xerces/internal/impl/XMLScanner
instanceKlass com/sun/xml/internal/stream/XMLBufferListener
instanceKlass com/sun/org/apache/xerces/internal/impl/XMLEntityHandler
instanceKlass com/sun/org/apache/xerces/internal/xni/parser/XMLComponent
instanceKlass com/sun/org/apache/xerces/internal/xni/parser/XMLDocumentScanner
instanceKlass com/sun/org/apache/xerces/internal/xni/parser/XMLDocumentSource
instanceKlass com/sun/org/apache/xerces/internal/util/SymbolTable$Entry
instanceKlass com/sun/org/apache/xerces/internal/util/SymbolTable
instanceKlass com/sun/org/apache/xerces/internal/impl/XMLStreamReaderImpl
instanceKlass com/sun/org/apache/xerces/internal/xni/parser/XMLInputSource
instanceKlass javax/xml/stream/util/StreamReaderDelegate
instanceKlass  @bci javax/xml/stream/FactoryFinder newInstance (Ljava/lang/Class;Ljava/lang/String;Ljava/lang/ClassLoader;ZZ)Ljava/lang/Object; 80 <appendix> member <vmtarget> ; # javax/xml/stream/FactoryFinder$$Lambda+0x00000000810f0020
instanceKlass jdk/xml/internal/JdkConstants
instanceKlass  @bci javax/xml/catalog/CatalogFeatures setProperties (Ljavax/xml/catalog/CatalogFeatures$Builder;)V 5 <appendix> member <vmtarget> ; # javax/xml/catalog/CatalogFeatures$$Lambda+0x00000000810efbd0
instanceKlass javax/xml/catalog/CatalogMessages
instanceKlass javax/xml/catalog/Util
instanceKlass javax/xml/catalog/CatalogFeatures$Builder
instanceKlass javax/xml/catalog/CatalogFeatures
instanceKlass jdk/xml/internal/JdkXmlUtils
instanceKlass com/sun/org/apache/xerces/internal/impl/PropertyManager
instanceKlass  @bci javax/xml/stream/FactoryFinder find (Ljava/lang/Class;Ljava/lang/String;Ljava/lang/ClassLoader;Ljava/lang/String;)Ljava/lang/Object; 147 <appendix> member <vmtarget> ; # javax/xml/stream/FactoryFinder$$Lambda+0x00000000810ee168
instanceKlass jdk/xml/internal/JdkXmlFeatures
instanceKlass jdk/xml/internal/FeaturePropertyBase
instanceKlass java/util/Collections$UnmodifiableMap$UnmodifiableEntrySet$UnmodifiableEntry
instanceKlass  @bci java/util/Collections$UnmodifiableMap$UnmodifiableEntrySet entryConsumer (Ljava/util/function/Consumer;)Ljava/util/function/Consumer; 1 <appendix> member <vmtarget> ; # java/util/Collections$UnmodifiableMap$UnmodifiableEntrySet$$Lambda+0x00000000810eb730
instanceKlass  @bci jdk/xml/internal/XMLSecurityManager$StringMapper <init> (Ljava/util/Map;)V 30 <appendix> argL0 ; # jdk/xml/internal/XMLSecurityManager$StringMapper$$Lambda+0x00000000810eb4e8
instanceKlass  @bci jdk/xml/internal/XMLSecurityManager$StringMapper <init> (Ljava/util/Map;)V 25 <appendix> argL0 ; # jdk/xml/internal/XMLSecurityManager$StringMapper$$Lambda+0x00000000810eb2a0
instanceKlass java/util/Collections$UnmodifiableMap$UnmodifiableEntrySet$UnmodifiableEntrySetSpliterator
instanceKlass jdk/xml/internal/XMLSecurityManager$ValueMapper
instanceKlass jdk/xml/internal/XMLSecurityManager
instanceKlass jdk/xml/internal/JdkXmlConfig
instanceKlass jdk/xml/internal/SecuritySupport
instanceKlass  @bci javax/xml/stream/FactoryFinder find (Ljava/lang/Class;Ljava/lang/String;Ljava/lang/ClassLoader;Ljava/lang/String;)Ljava/lang/Object; 1 <appendix> member <vmtarget> ; # javax/xml/stream/FactoryFinder$$Lambda+0x00000000810e9ac8
instanceKlass javax/xml/stream/FactoryFinder
instanceKlass javax/xml/stream/XMLInputFactory
instanceKlass sun/net/www/MessageHeader
instanceKlass java/net/URLConnection
instanceKlass com/sun/javafx/scene/SceneHelper
instanceKlass javafx/scene/Scene$2
instanceKlass javafx/css/StyleableProperty
instanceKlass javafx/scene/input/InputMethodRequests
instanceKlass com/sun/javafx/tk/TKDropTargetListener
instanceKlass com/sun/javafx/tk/TKScenePaintListener
instanceKlass com/sun/javafx/tk/TKSceneListener
instanceKlass javafx/scene/Scene$Preferences
instanceKlass com/sun/glass/ui/Accessible$EventHandler
instanceKlass com/sun/javafx/scene/SceneHelper$SceneAccessor
instanceKlass com/sun/javafx/perf/PerformanceTracker$SceneAccessor
instanceKlass com/sun/javafx/scene/traversal/TraversalEngine
instanceKlass javafx/scene/Scene
instanceKlass javafx/fxml/FXMLLoader$ControllerAccessor
instanceKlass com/sun/javafx/collections/ObservableMapWrapper
instanceKlass com/sun/javafx/fxml/FXMLLoaderHelper
instanceKlass javafx/fxml/FXMLLoader$1
instanceKlass java/util/ResourceBundle$CacheKeyReference
instanceKlass java/util/ResourceBundle$CacheKey
instanceKlass  @bci com/sun/javafx/application/WindowsHighContrastScheme <clinit> ()V 92 <appendix> argL0 ; # com/sun/javafx/application/WindowsHighContrastScheme$$Lambda+0x00000000811363a0
instanceKlass  @bci sun/util/locale/provider/FallbackLocaleProviderAdapter getAvailableLocales ()[Ljava/util/Locale; 21 <appendix> argL0 ; # sun/util/locale/provider/FallbackLocaleProviderAdapter$$Lambda+0x00000000810e71f0
instanceKlass java/util/stream/Streams$2
instanceKlass java/util/stream/Streams$ConcatSpliterator
instanceKlass java/util/Locale$LocaleKey
instanceKlass sun/util/locale/Extension
instanceKlass sun/util/locale/LocaleExtensions
instanceKlass sun/util/locale/provider/JRELocaleConstants
instanceKlass  @bci sun/util/locale/provider/JRELocaleProviderAdapter createAvailableLocales ()[Ljava/util/Locale; 50 <appendix> argL0 ; # sun/util/locale/provider/JRELocaleProviderAdapter$$Lambda+0x00000000810e5d38
instanceKlass  @bci sun/util/locale/provider/JRELocaleProviderAdapter createAvailableLocales ()[Ljava/util/Locale; 35 <appendix> argL0 ; # sun/util/locale/provider/JRELocaleProviderAdapter$$Lambda+0x00000000810e5af0
instanceKlass sun/util/locale/provider/JRELocaleProviderAdapter$AvailableJRELocales
instanceKlass  @bci sun/util/cldr/CLDRLocaleProviderAdapter getAvailableLocales ()[Ljava/util/Locale; 27 <appendix> argL0 ; # sun/util/cldr/CLDRLocaleProviderAdapter$$Lambda+0x00000000810e56b8
instanceKlass  @bci sun/util/cldr/CLDRLocaleProviderAdapter getAvailableLocales ()[Ljava/util/Locale; 17 <appendix> argL0 ; # sun/util/cldr/CLDRLocaleProviderAdapter$$Lambda+0x00000000810e5470
instanceKlass  @bci sun/util/locale/provider/LocaleProviderAdapter toLocaleArray (Ljava/util/Set;)[Ljava/util/Locale; 21 <appendix> argL0 ; # sun/util/locale/provider/LocaleProviderAdapter$$Lambda+0x80000005d
instanceKlass java/util/stream/DistinctOps
instanceKlass  @bci sun/util/locale/provider/LocaleProviderAdapter toLocaleArray (Ljava/util/Set;)[Ljava/util/Locale; 6 <appendix> argL0 ; # sun/util/locale/provider/LocaleProviderAdapter$$Lambda+0x80000005b
instanceKlass sun/util/locale/provider/LocaleServiceProviderPool$AllAvailableLocales
instanceKlass com/sun/javafx/application/PlatformImpl$2
instanceKlass javafx/application/Platform
instanceKlass javafx/util/Builder
instanceKlass javafx/fxml/JavaFXBuilderFactory
instanceKlass javax/script/Bindings
instanceKlass javafx/fxml/FXMLLoader$Element
instanceKlass javax/xml/stream/XMLStreamReader
instanceKlass javax/xml/stream/XMLStreamConstants
instanceKlass com/sun/javafx/fxml/FXMLLoaderHelper$FXMLLoaderAccessor
instanceKlass javafx/util/BuilderFactory
instanceKlass javafx/fxml/FXMLLoader
instanceKlass com/uet/auction/client/network/ResponseListener
instanceKlass com/uet/auction/client/network/SocketClient
instanceKlass com/uet/auction/client/util/SceneManager
instanceKlass  @bci com/sun/javafx/collections/VetoableListDecorator <init> (Ljavafx/collections/ObservableList;)V 14 <appendix> member <vmtarget> ; # com/sun/javafx/collections/VetoableListDecorator$$Lambda+0x0000000081131f78
instanceKlass  @bci com/sun/javafx/collections/TrackableObservableList <init> ()V 13 <appendix> member <vmtarget> ; # com/sun/javafx/collections/TrackableObservableList$$Lambda+0x0000000081131d48
instanceKlass com/sun/javafx/collections/VetoableListDecorator$ModCountAccessor
instanceKlass com/sun/javafx/collections/VetoableListDecorator
instanceKlass com/sun/javafx/event/EventDispatchChainImpl
instanceKlass javafx/event/EventDispatchChain
instanceKlass com/sun/javafx/event/BasicEventDispatcher
instanceKlass javafx/event/EventDispatcher
instanceKlass  @bci javafx/stage/Window$SceneModel <init> (Ljavafx/stage/Window;)V 11 <appendix> member <vmtarget> ; # javafx/stage/Window$SceneModel$$Lambda+0x000000008112ce70
instanceKlass javafx/beans/binding/NumberBinding
instanceKlass javafx/stage/Window$TKBoundsConfigurator
instanceKlass com/sun/javafx/tk/TKPulseListener
instanceKlass javafx/stage/Stage$2
instanceKlass javafx/stage/Stage$1
instanceKlass com/sun/javafx/stage/WindowHelper
instanceKlass javafx/stage/Window$1
instanceKlass com/sun/javafx/stage/WindowPeerListener
instanceKlass com/sun/javafx/tk/TKStageListener
instanceKlass javafx/beans/binding/StringExpression
instanceKlass javafx/beans/value/ObservableStringValue
instanceKlass javafx/beans/value/WritableStringValue
instanceKlass com/sun/javafx/stage/StagePeerListener$StageAccessor
instanceKlass com/sun/javafx/stage/StageHelper$StageAccessor
instanceKlass javafx/scene/Node
instanceKlass javafx/css/Styleable
instanceKlass com/sun/javafx/stage/WindowHelper$WindowAccessor
instanceKlass javafx/beans/value/WritableDoubleValue
instanceKlass javafx/beans/value/WritableNumberValue
# instanceKlass java/lang/invoke/LambdaForm$MH+0x0000000081113800
# instanceKlass java/lang/invoke/LambdaForm$MH+0x0000000081113400
instanceKlass  @bci com/sun/javafx/application/LauncherImpl launchApplication1 (Ljava/lang/Class;Ljava/lang/Class;[Ljava/lang/String;)V 415 <appendix> member <vmtarget> ; # com/sun/javafx/application/LauncherImpl$$Lambda+0x00000000811176d8
# instanceKlass java/lang/invoke/LambdaForm$MH+0x0000000081113000
instanceKlass  @bci com/sun/javafx/application/PlatformImpl setApplicationName (Ljava/lang/Class;)V 1 <appendix> member <vmtarget> ; # com/sun/javafx/application/PlatformImpl$$Lambda+0x00000000811174a8
instanceKlass  @bci com/sun/javafx/application/LauncherImpl launchApplication1 (Ljava/lang/Class;Ljava/lang/Class;[Ljava/lang/String;)V 303 <appendix> member <vmtarget> ; # com/sun/javafx/application/LauncherImpl$$Lambda+0x0000000081117278
instanceKlass com/sun/javafx/application/LauncherImpl$1
instanceKlass  @bci com/sun/javafx/tk/quantum/WindowStage setScene (Lcom/sun/javafx/tk/TKScene;)V 40 <appendix> form vmentry <vmtarget> ; # java/lang/invoke/LambdaForm$DMH+0x0000000081112c00
instanceKlass javax/management/openmbean/CompositeDataSupport
instanceKlass  @bci com/sun/javafx/application/LauncherImpl launchApplication (Ljava/lang/Class;Ljava/lang/Class;[Ljava/lang/String;)V 109 <appendix> member <vmtarget> ; # com/sun/javafx/application/LauncherImpl$$Lambda+0x0000000081116e00
# instanceKlass java/lang/invoke/LambdaForm$MH+0x0000000081112800
instanceKlass java/lang/StackTraceElement$HashedModules
# instanceKlass java/lang/invoke/LambdaForm$MH+0x0000000081112000
# instanceKlass java/lang/invoke/LambdaForm$DMH+0x0000000081111400
# instanceKlass java/lang/invoke/LambdaForm$DMH+0x0000000081111000
instanceKlass javafx/stage/Window
instanceKlass javafx/event/EventTarget
instanceKlass com/sun/glass/ui/InvokeLaterDispatcher$Future
instanceKlass com/sun/scenario/animation/AbstractPrimaryTimer$MainLoop
instanceKlass com/sun/scenario/DelayedRunnable
instanceKlass java/util/concurrent/LinkedBlockingDeque$Node
instanceKlass  @bci com/sun/javafx/application/PlatformImpl runLater (Ljava/lang/Runnable;Z)V 63 <appendix> member <vmtarget> ; # com/sun/javafx/application/PlatformImpl$$Lambda+0x0000000081115cd0
instanceKlass com/sun/scenario/animation/AbstractPrimaryTimer$ReceiverRecord
instanceKlass  @bci com/sun/javafx/application/PlatformImpl runAndWait (Ljava/lang/Runnable;Z)V 43 <appendix> member <vmtarget> ; # com/sun/javafx/application/PlatformImpl$$Lambda+0x0000000081115678
instanceKlass com/sun/javafx/animation/TickCalculation
instanceKlass  @bci com/sun/javafx/application/LauncherImpl launchApplicationWithArgs (Lcom/sun/javafx/application/ModuleAccess;Ljava/lang/String;Ljava/lang/String;[Ljava/lang/String;)V 55 <appendix> form vmentry <vmtarget> ; # java/lang/invoke/LambdaForm$DMH+0x0000000081110800
instanceKlass  @bci com/sun/scenario/animation/AbstractPrimaryTimer <clinit> ()V 16 <appendix> argL0 ; # com/sun/scenario/animation/AbstractPrimaryTimer$$Lambda+0x0000000081115240
instanceKlass  @bci com/sun/javafx/application/LauncherImpl launchApplicationWithArgs (Lcom/sun/javafx/application/ModuleAccess;Ljava/lang/String;Ljava/lang/String;[Ljava/lang/String;)V 55 <appendix> member <vmtarget> ; # com/sun/javafx/application/LauncherImpl$$Lambda+0x0000000081115010
instanceKlass com/sun/scenario/Settings
instanceKlass  @cpi com/sun/javafx/application/LauncherImpl 838 form vmentry <vmtarget> ; # java/lang/invoke/LambdaForm$DMH+0x0000000081110400
instanceKlass javafx/collections/ListChangeBuilder$SubChange
instanceKlass javafx/collections/ListChangeBuilder
instanceKlass javafx/geometry/Rectangle2D
instanceKlass  @bci javafx/stage/Screen <clinit> ()V 29 <appendix> argL0 ; # javafx/stage/Screen$$Lambda+0x0000000081114000
instanceKlass  @cpi javafx/util/Subscription 72 form vmentry <vmtarget> ; # java/lang/invoke/LambdaForm$DMH+0x0000000081110000
instanceKlass com/sun/javafx/tk/TKScreenConfigurationListener
instanceKlass javafx/collections/WeakListChangeListener
instanceKlass javafx/beans/WeakListener
instanceKlass  @bci javafx/collections/FXCollections$UnmodifiableObservableListImpl <init> (Ljavafx/collections/ObservableList;)V 11 <appendix> member <vmtarget> ; # javafx/collections/FXCollections$UnmodifiableObservableListImpl$$Lambda+0x000000008110eca0
instanceKlass javafx/collections/ListChangeListener
instanceKlass javafx/collections/ListChangeListener$Change
instanceKlass javafx/util/Callback
instanceKlass javafx/collections/FXCollections$EmptyObservableSet$1
instanceKlass javafx/collections/FXCollections$EmptyObservableList$1
instanceKlass javafx/collections/ObservableIntegerArray
instanceKlass com/sun/javafx/collections/SortableList
instanceKlass javafx/collections/ObservableFloatArray
instanceKlass javafx/collections/ObservableArray
instanceKlass javafx/collections/ObservableSet
instanceKlass javafx/collections/ObservableList
instanceKlass javafx/collections/FXCollections
instanceKlass javafx/stage/Screen
instanceKlass  @bci com/sun/javafx/application/preferences/PlatformPreferences fireValueChangedEvent (Ljava/util/Map;)V 5 <appendix> member <vmtarget> ; # com/sun/javafx/application/preferences/PlatformPreferences$$Lambda+0x0000000081108b48
instanceKlass  @bci com/sun/javafx/application/preferences/PlatformPreferences update (Ljava/util/Map;)V 36 <appendix> argL0 ; # com/sun/javafx/application/preferences/PlatformPreferences$$Lambda+0x00000000811088f0
instanceKlass  @bci com/sun/glass/ui/win/WinApplication getPlatformKeyMappings ()Ljava/util/Map; 120 <appendix> argL0 ; # com/sun/glass/ui/win/WinApplication$$Lambda+0x0000000081108490
instanceKlass  @bci com/sun/glass/ui/win/WinApplication getPlatformKeyMappings ()Ljava/util/Map; 100 <appendix> argL0 ; # com/sun/glass/ui/win/WinApplication$$Lambda+0x0000000081108248
instanceKlass  @bci com/sun/glass/ui/win/WinApplication getPlatformKeyMappings ()Ljava/util/Map; 80 <appendix> argL0 ; # com/sun/glass/ui/win/WinApplication$$Lambda+0x0000000081108000
instanceKlass  @bci com/sun/glass/ui/win/WinApplication getPlatformKeyMappings ()Ljava/util/Map; 60 <appendix> argL0 ; # com/sun/glass/ui/win/WinApplication$$Lambda+0x0000000081100c00
instanceKlass  @bci com/sun/javafx/application/preferences/PreferenceMapping <init> (Ljava/lang/String;Ljava/lang/Class;)V 3 <appendix> argL0 ; # com/sun/javafx/application/preferences/PreferenceMapping$$Lambda+0x0000000081101d10
instanceKlass  @bci com/sun/javafx/tk/quantum/QuantumToolkit runToolkit ()V 55 <appendix> member <vmtarget> ; # com/sun/javafx/tk/quantum/QuantumToolkit$$Lambda+0x00000000811018c8
instanceKlass  @bci com/sun/javafx/tk/quantum/QuantumToolkit runToolkit ()V 45 <appendix> member <vmtarget> ; # com/sun/javafx/tk/quantum/QuantumToolkit$$Lambda+0x0000000081101698
instanceKlass com/sun/prism/impl/ps/BaseShaderContext$State
instanceKlass com/sun/javafx/geom/Vec3d
instanceKlass com/sun/prism/impl/VertexBuffer
instanceKlass com/sun/javafx/geom/BaseBounds
instanceKlass com/sun/javafx/geom/transform/GeneralTransform3D
instanceKlass com/sun/javafx/geom/transform/BaseTransform
instanceKlass com/sun/javafx/geom/transform/CanTransformVec3d
instanceKlass com/sun/prism/MaskTextureGraphics
instanceKlass com/sun/prism/ReadbackGraphics
instanceKlass com/sun/prism/ps/ShaderGraphics
instanceKlass com/sun/prism/impl/BaseGraphics
instanceKlass com/sun/prism/RectShadowGraphics
instanceKlass com/sun/prism/Graphics
instanceKlass com/sun/prism/impl/BaseContext
instanceKlass com/sun/prism/Mesh
instanceKlass com/sun/prism/Presentable
instanceKlass com/sun/prism/MeshView
instanceKlass com/sun/prism/PhongMaterial
instanceKlass com/sun/prism/Material
instanceKlass com/sun/prism/RTTexture
instanceKlass com/sun/prism/RenderTarget
instanceKlass com/sun/prism/Surface
instanceKlass com/sun/prism/impl/TextureResourcePool
instanceKlass com/sun/prism/impl/ResourcePool
instanceKlass com/sun/prism/Texture
instanceKlass com/sun/prism/ps/Shader
instanceKlass com/sun/prism/shape/ShapeRep
instanceKlass  @bci com/sun/javafx/tk/quantum/QuantumRenderer createResourceFactory ()V 16 <appendix> argL0 ; # com/sun/javafx/tk/quantum/QuantumRenderer$$Lambda+0x00000000810dd6e0
instanceKlass  @bci com/sun/javafx/tk/quantum/QuantumRenderer createResourceFactory ()V 10 <appendix> member <vmtarget> ; # com/sun/javafx/tk/quantum/QuantumRenderer$$Lambda+0x00000000810dd4b0
instanceKlass  @bci com/sun/glass/ui/win/WinApplication runLoop (Ljava/lang/Runnable;)V 53 <adapter> ; # java/lang/invoke/LambdaForm$MH+0x0000000081100800
instanceKlass  @bci com/sun/glass/ui/win/WinApplication runLoop (Ljava/lang/Runnable;)V 53 <appendix> form vmentry <vmtarget> ; # java/lang/invoke/LambdaForm$DMH+0x0000000081100400
instanceKlass  @bci com/sun/glass/ui/win/WinApplication runLoop (Ljava/lang/Runnable;)V 53 <appendix> member <vmtarget> ; # com/sun/glass/ui/win/WinApplication$$Lambda+0x00000000810dcd40
instanceKlass  @cpi com/sun/glass/ui/win/WinApplication 613 form vmentry <vmtarget> ; # java/lang/invoke/LambdaForm$DMH+0x0000000081100000
instanceKlass  @bci com/sun/glass/ui/Application run (Ljava/lang/Runnable;)V 29 <appendix> member <vmtarget> ; # com/sun/glass/ui/Application$$Lambda+0x00000000810dcb10
instanceKlass java/util/concurrent/BlockingDeque
instanceKlass java/lang/ProcessEnvironment$CheckedEntry
instanceKlass java/lang/ProcessEnvironment$CheckedEntrySet$1
instanceKlass java/lang/ProcessEnvironment$EntryComparator
instanceKlass java/lang/ProcessEnvironment$NameComparator
instanceKlass com/sun/glass/ui/Timer
instanceKlass com/sun/glass/ui/View
instanceKlass com/sun/glass/ui/GlassRobot
instanceKlass com/sun/glass/ui/Accessible
instanceKlass com/sun/glass/ui/Cursor
instanceKlass com/sun/glass/ui/Pixels
instanceKlass com/sun/glass/ui/Window
instanceKlass com/sun/glass/ui/delegate/MenuItemDelegate
instanceKlass com/sun/glass/ui/delegate/ClipboardDelegate
instanceKlass com/sun/glass/ui/delegate/MenuBarDelegate
instanceKlass com/sun/glass/ui/delegate/MenuDelegate
instanceKlass com/sun/glass/ui/InvokeLaterDispatcher$InvokeLaterSubmitter
instanceKlass com/sun/glass/ui/Platform
instanceKlass com/sun/glass/ui/PlatformFactory
instanceKlass  @bci com/sun/javafx/tk/quantum/QuantumToolkit startup (Ljava/lang/Runnable;)V 16 <appendix> member <vmtarget> ; # com/sun/javafx/tk/quantum/QuantumToolkit$$Lambda+0x00000000810d84d0
instanceKlass  @bci com/sun/javafx/application/PlatformImpl startup (Ljava/lang/Runnable;Z)V 448 <appendix> member <vmtarget> ; # com/sun/javafx/application/PlatformImpl$$Lambda+0x00000000810d82a0
instanceKlass  @bci com/sun/javafx/tk/quantum/PaintCollector <clinit> ()V 16 <appendix> argL0 ; # com/sun/javafx/tk/quantum/PaintCollector$$Lambda+0x00000000810d8000
instanceKlass com/sun/javafx/tk/quantum/GlassScene
instanceKlass com/sun/javafx/tk/TKScene
instanceKlass com/sun/javafx/tk/quantum/PaintCollector
instanceKlass com/sun/javafx/tk/CompletionListener
instanceKlass java/util/concurrent/ForkJoinPool$DefaultForkJoinWorkerThreadFactory
instanceKlass java/util/concurrent/ForkJoinPool$1
instanceKlass jdk/internal/access/JavaUtilConcurrentFJPAccess
instanceKlass java/util/concurrent/ForkJoinTask
instanceKlass java/util/concurrent/ForkJoinPool$WorkQueue
instanceKlass java/util/concurrent/ForkJoinPool$ForkJoinWorkerThreadFactory
instanceKlass  @bci com/sun/glass/ui/Application <clinit> ()V 4 <appendix> argL0 ; # com/sun/glass/ui/Application$$Lambda+0x00000000810d5878
instanceKlass com/sun/glass/ui/Application
instanceKlass com/sun/glass/ui/View$Capability
instanceKlass com/sun/glass/ui/Screen
instanceKlass com/sun/prism/impl/BaseResourceFactory
instanceKlass com/sun/prism/ps/ShaderFactory
# instanceKlass java/lang/invoke/LambdaForm$MH+0x00000000810d4400
# instanceKlass java/lang/invoke/LambdaForm$DMH+0x00000000810d3800
# instanceKlass java/lang/invoke/LambdaForm$DMH+0x00000000810d3400
# instanceKlass java/lang/invoke/LambdaForm$MH+0x00000000810d3000
# instanceKlass java/lang/invoke/LambdaForm$MH+0x00000000810d2800
instanceKlass sun/reflect/misc/Trampoline
instanceKlass sun/reflect/misc/MethodUtil$1
instanceKlass java/security/PrivilegedExceptionAction
# instanceKlass java/lang/invoke/LambdaForm$MH+0x00000000810d1c00
# instanceKlass java/lang/invoke/LambdaForm$DMH+0x00000000810d0c00
# instanceKlass java/lang/invoke/LambdaForm$MH+0x00000000810d0800
# instanceKlass java/lang/invoke/LambdaForm$DMH+0x00000000810d0400
instanceKlass com/sun/prism/ResourceFactory
instanceKlass com/sun/prism/GraphicsResource
instanceKlass java/lang/invoke/ClassSpecializer$Factory$1$5$1
instanceKlass java/lang/invoke/ClassSpecializer$Factory$1$5
instanceKlass java/lang/invoke/ClassSpecializer$Factory$1$4
instanceKlass java/lang/invoke/ClassSpecializer$Factory$1$3
instanceKlass java/lang/invoke/ClassSpecializer$Factory$1$2
instanceKlass java/lang/invoke/ClassSpecializer$Factory$1$1Var
instanceKlass java/lang/invoke/ClassSpecializer$Factory$1$1
instanceKlass java/lang/invoke/ClassSpecializer$Factory$1
instanceKlass com/sun/javafx/font/FontFactory
instanceKlass com/sun/prism/GraphicsPipeline
instanceKlass  @bci com/sun/javafx/tk/quantum/QuantumRenderer$QuantumThreadFactory newThread (Ljava/lang/Runnable;)Ljava/lang/Thread; 44 <appendix> argL0 ; # com/sun/javafx/tk/quantum/QuantumRenderer$QuantumThreadFactory$$Lambda+0x00000000810cbb88
# instanceKlass java/lang/invoke/LambdaForm$DMH+0x00000000810cdc00
instanceKlass sun/invoke/util/ValueConversions$WrapperCache
# instanceKlass java/lang/invoke/LambdaForm$DMH+0x00000000810cd800
instanceKlass java/lang/Thread$ThreadNumbering
instanceKlass com/sun/javafx/tk/quantum/QuantumRenderer$PipelineRunnable
instanceKlass com/sun/javafx/tk/quantum/QuantumRenderer$QuantumThreadFactory
instanceKlass java/util/concurrent/Executors$DefaultThreadFactory
instanceKlass java/util/concurrent/LinkedBlockingQueue$Node
instanceKlass java/lang/foreign/MemorySegment
instanceKlass java/util/stream/IntStream
instanceKlass java/util/concurrent/atomic/AtomicReference
instanceKlass  @cpi jdk/xml/internal/XMLSecurityManager$StringMapper 125 form vmentry <vmtarget> ; # java/lang/invoke/LambdaForm$DMH+0x00000000810cd400
instanceKlass  @bci com/sun/javafx/tk/quantum/GlassSystemMenu <init> ()V 38 <appendix> member <vmtarget> ; # com/sun/javafx/tk/quantum/GlassSystemMenu$$Lambda+0x00000000810cb0a8
instanceKlass com/sun/glass/ui/Menu$EventHandler
instanceKlass sun/rmi/transport/DGCAckHandler$1
instanceKlass sun/rmi/transport/DGCAckHandler
instanceKlass javafx/scene/input/KeyCombination
instanceKlass com/sun/javafx/menu/MenuItemBase
instanceKlass  @bci com/sun/jmx/remote/internal/ServerCommunicatorAdmin logtime (Ljava/lang/String;J)V 7 <adapter> ; # java/lang/invoke/LambdaForm$MH+0x00000000810cd000
instanceKlass com/sun/glass/ui/MenuItem$Callback
instanceKlass  @bci com/sun/jmx/remote/internal/ServerCommunicatorAdmin logtime (Ljava/lang/String;J)V 7 <appendix> form vmentry <vmtarget> ; # java/lang/invoke/LambdaForm$MH+0x00000000810ccc00
instanceKlass com/sun/javafx/tk/quantum/GlassSystemMenu
instanceKlass  @bci com/sun/jmx/remote/internal/ServerCommunicatorAdmin logtime (Ljava/lang/String;J)V 7 <appendix> form names 5 function resolvedHandle form vmentry <vmtarget> ; # java/lang/invoke/LambdaForm$DMH+0x00000000810cc800
instanceKlass javax/management/remote/NotificationResult
instanceKlass com/sun/prism/impl/PrismSettings
instanceKlass javax/security/auth/Subject
instanceKlass java/rmi/MarshalledObject
instanceKlass com/sun/javafx/tk/quantum/PerformanceTrackerHelper
instanceKlass  @bci com/sun/jmx/remote/internal/ServerCommunicatorAdmin <init> (J)V 93 <appendix> form vmentry <vmtarget> ; # java/lang/invoke/LambdaForm$MH+0x00000000810cc000
instanceKlass com/sun/javafx/tk/quantum/QuantumToolkit$PulseTask
instanceKlass com/sun/jmx/remote/internal/ServerCommunicatorAdmin$Timeout
instanceKlass com/sun/jmx/remote/internal/ServerCommunicatorAdmin
instanceKlass com/sun/javafx/geom/PathConsumer2D
instanceKlass javax/management/remote/rmi/RMIConnectionImpl
instanceKlass java/rmi/server/Unreferenced
# instanceKlass java/lang/invoke/LambdaForm$MH+0x00000000810c3800
instanceKlass com/sun/javafx/geom/Shape
instanceKlass  @cpi com/sun/javafx/scene/control/LambdaMultiplePropertyChangeListenerHandler 214 form vmentry <vmtarget> ; # java/lang/invoke/LambdaForm$DMH+0x00000000810c3400
instanceKlass com/sun/prism/BasicStroke
instanceKlass java/util/concurrent/locks/AbstractQueuedSynchronizer$Node
instanceKlass com/sun/javafx/tk/quantum/QuantumToolkit$3
instanceKlass java/io/ObjectStreamClass$3
instanceKlass java/io/ObjectStreamClass$2
instanceKlass  @bci com/sun/javafx/tk/quantum/QuantumToolkit <clinit> ()V 128 <appendix> argL0 ; # com/sun/javafx/tk/quantum/QuantumToolkit$$Lambda+0x00000000810c7580
instanceKlass java/io/ObjectStreamClass$1
instanceKlass java/io/ObjectStreamClass$MemberSignature
instanceKlass  @bci com/sun/javafx/tk/quantum/QuantumToolkit <clinit> ()V 109 <appendix> argL0 ; # com/sun/javafx/tk/quantum/QuantumToolkit$$Lambda+0x00000000810c7358
instanceKlass sun/rmi/transport/SequenceEntry
instanceKlass  @bci com/sun/javafx/tk/quantum/QuantumToolkit <clinit> ()V 90 <appendix> argL0 ; # com/sun/javafx/tk/quantum/QuantumToolkit$$Lambda+0x00000000810c7130
instanceKlass  @bci com/sun/javafx/tk/quantum/QuantumToolkit <clinit> ()V 71 <appendix> argL0 ; # com/sun/javafx/tk/quantum/QuantumToolkit$$Lambda+0x00000000810c6f08
instanceKlass java/util/concurrent/Executors$RunnableAdapter
instanceKlass java/util/concurrent/Executors
instanceKlass java/util/concurrent/FutureTask$WaitNode
instanceKlass  @bci com/sun/javafx/tk/quantum/QuantumToolkit <clinit> ()V 34 <appendix> argL0 ; # com/sun/javafx/tk/quantum/QuantumToolkit$$Lambda+0x00000000810c6ce0
instanceKlass java/util/concurrent/FutureTask
instanceKlass sun/rmi/transport/DGCImpl$1
instanceKlass sun/rmi/transport/DGCImpl$LeaseInfo
instanceKlass com/sun/glass/ui/Screen$EventHandler
instanceKlass com/sun/scenario/effect/Filterable
instanceKlass com/sun/scenario/effect/LockableResource
instanceKlass com/sun/scenario/animation/AbstractPrimaryTimer
instanceKlass java/rmi/dgc/VMID
instanceKlass java/rmi/dgc/Lease
instanceKlass com/sun/scenario/effect/FilterContext
instanceKlass java/io/ObjectInputStream$GetField
instanceKlass com/sun/javafx/tk/FontLoader
instanceKlass java/io/ObjectStreamClass$ExceptionInfo
instanceKlass java/io/ObjectInputStream$Logging
instanceKlass java/io/ObjectInputStream$FilterValues
instanceKlass sun/rmi/server/LoaderHandler
instanceKlass java/rmi/server/RMIClassLoaderSpi
instanceKlass java/rmi/server/RMIClassLoader
instanceKlass javafx/scene/shape/PathElement
instanceKlass com/sun/javafx/tk/TKSystemMenu
instanceKlass com/sun/javafx/scene/text/TextLayoutFactory
instanceKlass com/sun/glass/ui/Application$EventHandler
instanceKlass java/io/ObjectInputStream$ValidationList
instanceKlass java/io/ObjectInputStream$HandleTable$HandleList
instanceKlass java/io/ObjectInputStream$HandleTable
instanceKlass com/sun/javafx/tk/TKStage
instanceKlass java/rmi/registry/Registry
instanceKlass  @bci java/io/ObjectInputStream <clinit> ()V 40 <appendix> argL0 ; # java/io/ObjectInputStream$$Lambda+0x00000000810b2130
instanceKlass com/sun/javafx/runtime/async/AbstractAsyncOperation
instanceKlass jdk/internal/access/JavaObjectInputStreamReadString
instanceKlass  @bci java/io/ObjectInputStream <clinit> ()V 32 <appendix> argL0 ; # java/io/ObjectInputStream$$Lambda+0x00000000810b1d00
instanceKlass com/sun/javafx/runtime/async/AsyncOperation
instanceKlass  @cpi java/io/ObjectInputStream 1119 form vmentry <vmtarget> ; # java/lang/invoke/LambdaForm$DMH+0x00000000810c3000
instanceKlass com/sun/javafx/tk/PlatformImage
instanceKlass com/sun/javafx/tk/ImageLoader
instanceKlass jdk/internal/access/JavaObjectInputStreamAccess
instanceKlass sun/rmi/transport/StreamRemoteCall
instanceKlass java/rmi/server/RemoteCall
instanceKlass sun/rmi/transport/tcp/TCPConnection
instanceKlass com/sun/javafx/tk/ScreenConfigurationAccessor
instanceKlass sun/rmi/transport/Connection
instanceKlass sun/rmi/transport/tcp/TCPChannel
instanceKlass sun/rmi/transport/Channel
instanceKlass com/sun/javafx/perf/PerformanceTracker
instanceKlass sun/nio/ch/ExtendedSocketOption$1
instanceKlass sun/nio/ch/ExtendedSocketOption
instanceKlass sun/nio/ch/OptionKey
instanceKlass sun/nio/ch/SocketOptionRegistry$LazyInitialization
instanceKlass sun/nio/ch/SocketOptionRegistry$RegistryKey
instanceKlass sun/nio/ch/SocketOptionRegistry
instanceKlass java/net/StandardSocketOptions$StdSocketOption
instanceKlass java/net/StandardSocketOptions
instanceKlass  @bci sun/rmi/transport/tcp/TCPTransport$ConnectionHandler run ()V 20 <appendix> form vmentry <vmtarget> ; # java/lang/invoke/LambdaForm$MH+0x00000000810c2c00
instanceKlass sun/rmi/transport/tcp/TCPTransport$ConnectionHandler
instanceKlass sun/management/counter/Units
instanceKlass jdk/internal/agent/ConnectorAddressLink
# instanceKlass java/lang/invoke/LambdaForm$MH+0x00000000810c2400
# instanceKlass java/lang/invoke/LambdaForm$MH+0x00000000810c2000
# instanceKlass java/lang/invoke/LambdaForm$MH+0x00000000810c1c00
instanceKlass java/io/SerialCallbackContext
instanceKlass java/io/ObjectStreamClass$ClassDataSlot
instanceKlass java/io/ObjectStreamClass$FieldReflector
instanceKlass java/io/ObjectStreamClass$FieldReflectorKey
instanceKlass java/lang/ClassValue$RemovalToken
instanceKlass java/io/ObjectInput
instanceKlass  @bci jdk/internal/reflect/MethodHandleLongFieldAccessorImpl getLong (Ljava/lang/Object;)J 11 <adapter> ; # java/lang/invoke/LambdaForm$MH+0x00000000810c1800
instanceKlass java/io/ClassCache
instanceKlass java/io/ObjectStreamClass$Caches
instanceKlass java/io/ObjectOutputStream$ReplaceTable
instanceKlass java/io/ObjectOutputStream$HandleTable
instanceKlass java/io/ObjectStreamConstants
instanceKlass java/io/ObjectOutput
instanceKlass sun/rmi/server/WeakClassHashMap$ValueCell
instanceKlass sun/rmi/transport/tcp/TCPTransport$AcceptLoop
instanceKlass java/util/LinkedList$ListItr
instanceKlass java/net/ServerSocket
instanceKlass sun/rmi/transport/ObjectEndpoint
instanceKlass sun/rmi/transport/DGCImpl_Skel
instanceKlass java/rmi/server/Skeleton
instanceKlass java/rmi/server/Operation
instanceKlass  @bci sun/rmi/transport/DGCImpl exportSingleton ()V 50 <appendix> argL0 ; # sun/rmi/transport/DGCImpl$$Lambda+0x00000000810a6ef8
instanceKlass java/io/ObjectInputFilter$FilterInfo
instanceKlass java/util/concurrent/RunnableScheduledFuture
instanceKlass java/util/concurrent/ScheduledFuture
instanceKlass java/util/concurrent/Delayed
instanceKlass java/util/concurrent/RunnableFuture
instanceKlass java/util/concurrent/Future
instanceKlass sun/rmi/runtime/RuntimeUtil$1
instanceKlass java/util/concurrent/ScheduledExecutorService
instanceKlass sun/rmi/runtime/RuntimeUtil
instanceKlass sun/rmi/transport/DGCImpl
instanceKlass java/rmi/dgc/DGC
instanceKlass sun/rmi/transport/ObjectTable
instanceKlass sun/rmi/transport/Target
instanceKlass javax/management/remote/rmi/RMIConnection
instanceKlass java/rmi/server/RemoteObject
instanceKlass java/util/LinkedList$Node
instanceKlass java/rmi/server/RMISocketFactory
instanceKlass java/rmi/server/RMIClientSocketFactory
instanceKlass jdk/internal/vm/ThreadContainers
instanceKlass jdk/internal/vm/StackableScope
instanceKlass java/util/concurrent/locks/AbstractQueuedSynchronizer$ConditionObject
instanceKlass java/util/concurrent/locks/Condition
instanceKlass sun/rmi/transport/tcp/TCPTransport$1
instanceKlass java/util/concurrent/LinkedTransferQueue$DualNode
instanceKlass java/util/concurrent/ForkJoinPool$ManagedBlocker
instanceKlass java/util/concurrent/TransferQueue
instanceKlass java/util/concurrent/BlockingQueue
instanceKlass java/util/concurrent/ThreadPoolExecutor$AbortPolicy
instanceKlass java/util/concurrent/RejectedExecutionHandler
instanceKlass java/util/concurrent/AbstractExecutorService
instanceKlass java/util/concurrent/ExecutorService
instanceKlass sun/rmi/transport/Transport
instanceKlass java/net/InetAddress$CachedLocalHost
instanceKlass sun/rmi/transport/tcp/TCPEndpoint
instanceKlass sun/rmi/transport/Endpoint
instanceKlass sun/security/provider/AbstractDrbg$NonceProvider
instanceKlass  @bci sun/security/provider/AbstractDrbg$SeederHolder <clinit> ()V 42 <appendix> member <vmtarget> ; # sun/security/provider/AbstractDrbg$SeederHolder$$Lambda+0x000000008109de30
instanceKlass  @cpi sun/security/provider/AbstractDrbg$SeederHolder 91 form vmentry <vmtarget> ; # java/lang/invoke/LambdaForm$DMH+0x00000000810c1400
instanceKlass java/net/NetworkInterface$1
instanceKlass java/net/DefaultInterface
instanceKlass java/net/InterfaceAddress
instanceKlass java/net/NetworkInterface
instanceKlass sun/security/provider/ByteArrayAccess$BE
instanceKlass sun/security/provider/ByteArrayAccess
instanceKlass sun/security/util/MessageDigestSpi2
instanceKlass sun/security/jca/GetInstance$Instance
instanceKlass sun/security/jca/GetInstance
instanceKlass java/security/MessageDigestSpi
instanceKlass sun/security/provider/SeedGenerator
instanceKlass sun/security/provider/AbstractDrbg$SeederHolder
instanceKlass java/security/DrbgParameters$NextBytes
instanceKlass  @bci sun/security/provider/AbstractDrbg <clinit> ()V 12 <appendix> argL0 ; # sun/security/provider/AbstractDrbg$$Lambda+0x000000008109b3f0
instanceKlass  @cpi sun/security/provider/AbstractDrbg 383 form vmentry <vmtarget> ; # java/lang/invoke/LambdaForm$DMH+0x00000000810c0c00
instanceKlass sun/security/provider/EntropySource
instanceKlass sun/security/provider/AbstractDrbg
instanceKlass java/security/DrbgParameters$Instantiation
instanceKlass java/security/DrbgParameters
instanceKlass sun/security/provider/MoreDrbgParameters
instanceKlass java/security/SecureRandomSpi
instanceKlass sun/security/util/SecurityProviderConstants
instanceKlass java/security/Provider$UString
instanceKlass java/security/Provider$Service
instanceKlass sun/security/provider/NativePRNG$NonBlocking
instanceKlass sun/security/provider/NativePRNG$Blocking
instanceKlass sun/security/provider/NativePRNG
instanceKlass sun/security/provider/SunEntries
instanceKlass java/security/Permission
instanceKlass java/security/Guard
instanceKlass sun/security/util/SecurityConstants
instanceKlass java/util/AbstractList$Itr
instanceKlass javax/security/auth/login/Configuration$Parameters
instanceKlass java/security/Policy$Parameters
instanceKlass javax/crypto/KDFParameters
instanceKlass java/security/cert/CertStoreParameters
instanceKlass java/security/SecureRandomParameters
instanceKlass java/security/Provider$EngineDescription
instanceKlass  @bci java/security/Provider <clinit> ()V 28 <appendix> argL0 ; # java/security/Provider$$Lambda+0x0000000081096150
instanceKlass java/security/Provider$ServiceKey
instanceKlass sun/security/jca/ProviderConfig
instanceKlass sun/security/jca/ProviderList
instanceKlass sun/security/jca/Providers
instanceKlass java/rmi/server/UID
instanceKlass java/rmi/server/ObjID
instanceKlass sun/rmi/transport/LiveRef
instanceKlass sun/rmi/server/WeakClassHashMap
instanceKlass java/util/logging/ErrorManager
instanceKlass jdk/internal/logger/SimpleConsoleLogger$Formatting
instanceKlass  @bci java/util/logging/SimpleFormatter <init> ()V 5 <appendix> argL0 ; # java/util/logging/SimpleFormatter$$Lambda+0x00000000810927a8
instanceKlass java/util/logging/Formatter
instanceKlass java/util/logging/Logger$SystemLoggerHelper
instanceKlass sun/rmi/runtime/Log$LoggerLogFactory
instanceKlass sun/rmi/runtime/Log$LogFactory
instanceKlass sun/rmi/runtime/Log
instanceKlass sun/rmi/server/Util
instanceKlass sun/rmi/server/UnicastRef
instanceKlass sun/rmi/server/Dispatcher
instanceKlass java/rmi/server/ServerRef
instanceKlass java/rmi/server/RemoteRef
instanceKlass  @bci java/io/ObjectInputFilter$Config$Global <init> (Ljava/lang/String;Z)V 444 <appendix> member <vmtarget> ; # java/io/ObjectInputFilter$Config$Global$$Lambda+0x000000008108fd58
instanceKlass  @bci java/io/ObjectInputFilter$Config$Global <init> (Ljava/lang/String;Z)V 534 <appendix> member <vmtarget> ; # java/io/ObjectInputFilter$Config$Global$$Lambda+0x000000008108fb08
instanceKlass java/io/ObjectInputFilter$Config$Global
instanceKlass  @bci java/io/ObjectInputFilter$Config <clinit> ()V 356 <appendix> argL0 ; # java/io/ObjectInputFilter$Config$$Lambda+0x000000008108f460
instanceKlass jdk/internal/access/JavaObjectInputFilterAccess
instanceKlass java/io/ObjectInputFilter$Config$BuiltinFilterFactory
instanceKlass java/io/ObjectInputFilter
instanceKlass java/io/ObjectInputFilter$Config
instanceKlass javax/management/remote/rmi/RMIServerImpl
instanceKlass javax/management/remote/rmi/RMIServer
instanceKlass java/rmi/Remote
instanceKlass com/sun/jmx/remote/protocol/rmi/ServerProvider
instanceKlass javax/management/remote/JMXConnectorFactory$ProviderFinder
instanceKlass java/util/ServiceLoader$ProviderSpliterator
instanceKlass javax/management/remote/JMXConnectorProvider
instanceKlass  @bci javax/management/remote/JMXConnectorServerFactory getConnectorServerAsService (Ljava/lang/ClassLoader;Ljavax/management/remote/JMXServiceURL;Ljava/util/Map;Ljavax/management/MBeanServer;Ljava/util/function/Predicate;)Ljavax/management/remote/JMXConnectorServer; 3 <appendix> member <vmtarget> ; # javax/management/remote/JMXConnectorServerFactory$$Lambda+0x000000008108d2d8
instanceKlass javax/management/remote/JMXAddressable
instanceKlass javax/management/remote/JMXConnectorServerMBean
instanceKlass javax/management/remote/JMXConnectorFactory$ConnectorFactory
instanceKlass  @bci javax/management/remote/JMXConnectorServerFactory newJMXConnectorServer (Ljavax/management/remote/JMXServiceURL;Ljava/util/Map;Ljavax/management/MBeanServer;)Ljavax/management/remote/JMXConnectorServer; 75 <appendix> argL0 ; # javax/management/remote/JMXConnectorServerFactory$$Lambda+0x000000008108c6c8
instanceKlass javax/management/remote/JMXConnectorFactory
instanceKlass javax/management/remote/JMXConnectorServerProvider
instanceKlass com/sun/jmx/remote/util/EnvHelp
instanceKlass javax/management/remote/JMXConnectorServerFactory
instanceKlass sun/management/jmxremote/LocalRMIServerSocketFactory
instanceKlass java/rmi/server/RMIServerSocketFactory
instanceKlass java/util/StringTokenizer
instanceKlass javax/management/remote/JMXServiceURL
instanceKlass  @bci java/util/stream/Collectors joining (Ljava/lang/CharSequence;Ljava/lang/CharSequence;Ljava/lang/CharSequence;)Ljava/util/stream/Collector; 22 <appendix> argL0 ; # java/util/stream/Collectors$$Lambda+0x800000043
instanceKlass  @bci java/util/stream/Collectors joining (Ljava/lang/CharSequence;Ljava/lang/CharSequence;Ljava/lang/CharSequence;)Ljava/util/stream/Collector; 17 <appendix> argL0 ; # java/util/stream/Collectors$$Lambda+0x800000041
instanceKlass  @bci java/util/stream/Collectors joining (Ljava/lang/CharSequence;Ljava/lang/CharSequence;Ljava/lang/CharSequence;)Ljava/util/stream/Collector; 12 <appendix> argL0 ; # java/util/stream/Collectors$$Lambda+0x80000003e
instanceKlass  @bci java/util/stream/Collectors joining (Ljava/lang/CharSequence;Ljava/lang/CharSequence;Ljava/lang/CharSequence;)Ljava/util/stream/Collector; 7 <appendix> member <vmtarget> ; # java/util/stream/Collectors$$Lambda+0x800000046
instanceKlass  @bci java/lang/Class methodToString (Ljava/lang/String;[Ljava/lang/Class;)Ljava/lang/String; 42 <appendix> argL0 ; # java/lang/Class$$Lambda+0x000000008108b368
instanceKlass jdk/jfr/FlightRecorder
instanceKlass jdk/management/jfr/FlightRecorderMXBeanImpl$MXBeanListener
instanceKlass jdk/jfr/FlightRecorderListener
instanceKlass jdk/jfr/Recording
instanceKlass javax/management/NotificationFilter
instanceKlass javax/management/NotificationListener
instanceKlass java/util/EventListener
instanceKlass jdk/jfr/internal/management/StreamManager
instanceKlass jdk/management/jfr/EventTypeInfo
instanceKlass jdk/management/jfr/ConfigurationInfo
instanceKlass jdk/management/jfr/RecordingInfo
instanceKlass sun/reflect/generics/tree/VoidDescriptor
instanceKlass sun/reflect/generics/tree/LongSignature
instanceKlass jdk/management/jfr/SettingDescriptorInfo$1
instanceKlass jdk/management/jfr/SettingDescriptorInfo
instanceKlass  @bci java/lang/management/DefaultPlatformMBeanProvider$10 nameToMBeanMap ()Ljava/util/Map; 36 <appendix> member <vmtarget> ; # java/lang/management/DefaultPlatformMBeanProvider$10$$Lambda+0x00000000810882a8
instanceKlass sun/management/ManagementFactoryHelper$1
instanceKlass  @bci java/util/stream/Collectors toList ()Ljava/util/stream/Collector; 14 <appendix> argL0 ; # java/util/stream/Collectors$$Lambda+0x0000000081087dd0
instanceKlass  @bci java/util/stream/Collectors toList ()Ljava/util/stream/Collector; 9 <appendix> argL0 ; # java/util/stream/Collectors$$Lambda+0x0000000081087b98
instanceKlass  @bci java/util/stream/Collectors toList ()Ljava/util/stream/Collector; 4 <appendix> argL0 ; # java/util/stream/Collectors$$Lambda+0x0000000081087970
instanceKlass  @bci sun/management/ManagementFactoryHelper getBufferPoolMXBeans ()Ljava/util/List; 25 <appendix> argL0 ; # sun/management/ManagementFactoryHelper$$Lambda+0x0000000081087728
instanceKlass java/lang/management/BufferPoolMXBean
instanceKlass sun/nio/ch/FileChannelImpl$2
instanceKlass sun/nio/ch/FileChannelImpl$1
instanceKlass jdk/internal/misc/VM$BufferPoolsHolder
instanceKlass com/sun/management/VMOption
instanceKlass com/sun/management/internal/HotSpotDiagnostic
instanceKlass com/sun/management/HotSpotDiagnosticMXBean
instanceKlass com/sun/management/GcInfo
instanceKlass javax/management/openmbean/CompositeDataView
instanceKlass  @bci jdk/jfr/internal/dcmd/DCmdCheck getHelp ()[Ljava/lang/String; 6 <appendix> argL0 ; # jdk/jfr/internal/dcmd/DCmdCheck$$Lambda+0x0000000081085bb0
instanceKlass  @bci jdk/jfr/internal/dcmd/DCmdDump getHelp ()[Ljava/lang/String; 27 <appendix> argL0 ; # jdk/jfr/internal/dcmd/DCmdDump$$Lambda+0x0000000081085988
instanceKlass  @bci jdk/jfr/internal/dcmd/DCmdStart getHelp ()[Ljava/lang/String; 63 <appendix> argL0 ; # jdk/jfr/internal/dcmd/DCmdStart$$Lambda+0x0000000081085760
instanceKlass  @bci jdk/jfr/internal/util/Utils format (Ljava/lang/String;Ljava/util/Map;)Ljava/lang/String; 31 <appendix> argL0 ; # jdk/jfr/internal/util/Utils$$Lambda+0x00000000810854c0
instanceKlass java/util/AbstractMap$KeyIterator
instanceKlass  @bci java/util/regex/CharPredicates ASCII_SPACE ()Ljava/util/regex/Pattern$BmpCharPredicate; 0 <appendix> argL0 ; # java/util/regex/CharPredicates$$Lambda+0x800000025
instanceKlass  @bci jdk/jfr/internal/jfc/model/JFCModel add (Ljdk/jfr/internal/jfc/model/ControlElement;)V 10 <appendix> argL0 ; # jdk/jfr/internal/jfc/model/JFCModel$$Lambda+0x0000000081085278
instanceKlass  @bci jdk/jfr/internal/jfc/model/JFCModel <init> (Ljdk/jfr/internal/jfc/model/XmlConfiguration;)V 25 <appendix> argL0 ; # jdk/jfr/internal/jfc/model/JFCModel$$Lambda+0x0000000081085040
instanceKlass jdk/jfr/internal/jfc/model/ControlElement
instanceKlass java/lang/invoke/MethodHandle$1
instanceKlass jdk/jfr/internal/jfc/model/SettingsLog
instanceKlass jdk/jfr/internal/jfc/model/Utilities
instanceKlass jdk/jfr/internal/jfc/model/XmlElement
instanceKlass jdk/internal/util/xml/impl/Input
instanceKlass jdk/internal/org/xml/sax/InputSource
instanceKlass jdk/internal/org/xml/sax/helpers/DefaultHandler
instanceKlass jdk/internal/org/xml/sax/ErrorHandler
instanceKlass jdk/internal/org/xml/sax/ContentHandler
instanceKlass jdk/internal/org/xml/sax/DTDHandler
instanceKlass jdk/internal/org/xml/sax/EntityResolver
instanceKlass jdk/internal/util/xml/impl/Pair
instanceKlass jdk/internal/util/xml/impl/Attrs
instanceKlass jdk/internal/org/xml/sax/Attributes
instanceKlass jdk/internal/util/xml/impl/Parser
instanceKlass jdk/internal/org/xml/sax/Locator
instanceKlass jdk/internal/org/xml/sax/XMLReader
instanceKlass jdk/internal/util/xml/SAXParser
instanceKlass jdk/jfr/internal/jfc/model/Parser
instanceKlass jdk/jfr/internal/jfc/JFC$KnownConfiguration
instanceKlass jdk/jfr/internal/jfc/model/JFCModel
instanceKlass  @bci jdk/jfr/internal/dcmd/DCmdStart jfcOptions ()Ljava/lang/String; 42 <appendix> argL0 ; # jdk/jfr/internal/dcmd/DCmdStart$$Lambda+0x000000008105ec98
instanceKlass jdk/jfr/internal/management/HiddenWait
instanceKlass jdk/jfr/internal/util/Utils
instanceKlass jdk/jfr/internal/jfc/JFC
instanceKlass  @bci jdk/jfr/internal/dcmd/DCmdStop getHelp ()[Ljava/lang/String; 19 <appendix> argL0 ; # jdk/jfr/internal/dcmd/DCmdStop$$Lambda+0x000000008105e440
instanceKlass  @bci jdk/jfr/internal/dcmd/DCmdView getHelp ()[Ljava/lang/String; 111 <appendix> argL0 ; # jdk/jfr/internal/dcmd/DCmdView$$Lambda+0x000000008105e218
instanceKlass jdk/jfr/internal/util/Columnizer$Column
instanceKlass jdk/jfr/internal/util/Tokenizer
instanceKlass  @bci jdk/internal/module/SystemModuleFinders$SystemModuleReader open (Ljava/lang/String;)Ljava/util/Optional; 6 <appendix> member <vmtarget> ; # jdk/internal/module/SystemModuleFinders$SystemModuleReader$$Lambda+0x000000008107f8d0
instanceKlass jdk/jfr/internal/query/ViewFile
instanceKlass jdk/jfr/internal/util/Columnizer
instanceKlass jdk/jfr/internal/query/ViewPrinter
instanceKlass java/util/stream/AbstractSpinedBuffer
instanceKlass  @bci java/util/stream/ReferencePipeline toArray ()[Ljava/lang/Object; 1 <appendix> argL0 ; # java/util/stream/ReferencePipeline$$Lambda+0x000000008107f060
instanceKlass java/lang/StringLatin1$LinesSpliterator
instanceKlass com/sun/management/internal/DiagnosticCommandImpl$Wrapper
instanceKlass jdk/jfr/internal/util/Output$LinePrinter
instanceKlass jdk/jfr/internal/util/Output
instanceKlass jdk/jfr/internal/dcmd/AbstractDCmd
instanceKlass com/sun/management/internal/DiagnosticCommandArgumentInfo
instanceKlass com/sun/management/internal/DiagnosticCommandInfo
instanceKlass com/sun/management/internal/DiagnosticCommandImpl$OperationInfoComparator
instanceKlass sun/management/ClassLoadingImpl
instanceKlass java/lang/management/ClassLoadingMXBean
instanceKlass javax/management/openmbean/OpenMBeanOperationInfo
instanceKlass jdk/internal/logger/BootstrapLogger$BootstrapExecutors
instanceKlass jdk/internal/logger/LoggerFinderLoader
instanceKlass  @bci java/util/logging/Level$KnownLevel findByName (Ljava/lang/String;Ljava/util/function/Function;)Ljava/util/Optional; 29 <appendix> argL0 ; # java/util/logging/Level$KnownLevel$$Lambda+0x800000022
instanceKlass  @bci java/util/logging/Level findLevel (Ljava/lang/String;)Ljava/util/logging/Level; 13 <appendix> argL0 ; # java/util/logging/Level$$Lambda+0x80000001f
instanceKlass java/util/Hashtable$Enumerator
instanceKlass java/util/Collections$3
instanceKlass java/util/logging/LogManager$VisitedLoggers
instanceKlass java/nio/file/Paths
instanceKlass java/util/logging/Logger$ConfigurationData
instanceKlass java/util/logging/Logger$LoggerBundle
instanceKlass java/util/logging/Handler
instanceKlass java/util/logging/Logging
instanceKlass java/util/logging/LogManager$LoggingProviderAccess
instanceKlass java/lang/Shutdown$Lock
instanceKlass java/lang/Shutdown
instanceKlass java/lang/ApplicationShutdownHooks$1
instanceKlass java/lang/ApplicationShutdownHooks
instanceKlass java/util/Collections$SynchronizedMap
instanceKlass java/util/logging/LogManager$LogNode
instanceKlass java/util/logging/LogManager$LoggerContext
instanceKlass  @bci java/util/logging/Level$KnownLevel add (Ljava/util/logging/Level;)V 49 <appendix> argL0 ; # java/util/logging/Level$KnownLevel$$Lambda+0x800000021
instanceKlass  @bci java/util/logging/Level$KnownLevel add (Ljava/util/logging/Level;)V 19 <appendix> argL0 ; # java/util/logging/Level$KnownLevel$$Lambda+0x800000020
instanceKlass java/util/logging/Level
instanceKlass java/util/logging/LoggingMXBean
instanceKlass java/util/logging/Logger
instanceKlass sun/management/ManagementFactoryHelper$PlatformLoggingImpl
instanceKlass java/lang/management/PlatformLoggingMXBean
instanceKlass sun/management/CompilationImpl
instanceKlass java/lang/management/CompilationMXBean
instanceKlass java/lang/management/MemoryUsage
instanceKlass sun/management/Sensor
instanceKlass sun/management/MemoryPoolImpl
instanceKlass java/lang/management/MemoryPoolMXBean
instanceKlass  @bci java/util/stream/Collectors uniqKeysMapMerger ()Ljava/util/function/BinaryOperator; 0 <appendix> argL0 ; # java/util/stream/Collectors$$Lambda+0x0000000081077c38
instanceKlass  @bci java/util/stream/Collectors uniqKeysMapAccumulator (Ljava/util/function/Function;Ljava/util/function/Function;)Ljava/util/function/BiConsumer; 2 <appendix> member <vmtarget> ; # java/util/stream/Collectors$$Lambda+0x00000000810779f8
instanceKlass  @bci java/util/stream/Collectors toMap (Ljava/util/function/Function;Ljava/util/function/Function;)Ljava/util/stream/Collector; 4 <appendix> argL0 ; # java/util/stream/Collectors$$Lambda+0x00000000810777d0
instanceKlass  @bci java/util/function/Function identity ()Ljava/util/function/Function; 0 <appendix> argL0 ; # java/util/function/Function$$Lambda+0x0000000081077588
instanceKlass  @bci java/lang/management/DefaultPlatformMBeanProvider$5 nameToMBeanMap ()Ljava/util/Map; 21 <appendix> argL0 ; # java/lang/management/DefaultPlatformMBeanProvider$5$$Lambda+0x0000000081077340
instanceKlass  @bci java/lang/management/DefaultPlatformMBeanProvider$5 nameToMBeanMap ()Ljava/util/Map; 11 <appendix> member <vmtarget> ; # java/lang/management/DefaultPlatformMBeanProvider$5$$Lambda+0x00000000810770e0
instanceKlass java/util/ArrayList$ArrayListSpliterator
instanceKlass com/sun/management/GarbageCollectorMXBean
instanceKlass java/lang/management/GarbageCollectorMXBean
instanceKlass java/lang/management/MemoryManagerMXBean
instanceKlass java/lang/management/MemoryMXBean
instanceKlass javax/management/DescriptorKey
instanceKlass sun/management/BaseOperatingSystemImpl
instanceKlass com/sun/management/OperatingSystemMXBean
instanceKlass java/lang/management/OperatingSystemMXBean
instanceKlass com/sun/management/internal/VirtualThreadSchedulerImpls$BaseVirtualThreadSchedulerImpl
instanceKlass com/sun/management/internal/VirtualThreadSchedulerImpls
instanceKlass com/sun/jmx/mbeanserver/PerInterface$MethodAndSig
instanceKlass  @bci com/sun/marlin/RendererContext createContext ()Lcom/sun/marlin/RendererContext; 10 <appendix> form vmentry <vmtarget> ; # java/lang/invoke/LambdaForm$MH+0x000000008105d400
instanceKlass java/lang/management/LockInfo
instanceKlass java/lang/management/ThreadInfo
instanceKlass sun/management/ThreadImpl
instanceKlass com/sun/management/ThreadMXBean
instanceKlass java/lang/management/ThreadMXBean
instanceKlass com/sun/jmx/mbeanserver/WeakIdentityHashMap
instanceKlass com/sun/jmx/mbeanserver/MXBeanLookup
instanceKlass com/sun/jmx/mbeanserver/PerInterface$InitMaps
instanceKlass com/sun/jmx/mbeanserver/PerInterface
instanceKlass javax/management/openmbean/OpenMBeanAttributeInfo
instanceKlass javax/management/openmbean/OpenMBeanParameterInfo
instanceKlass com/sun/jmx/mbeanserver/MBeanIntrospector$MBeanInfoMaker
instanceKlass com/sun/jmx/mbeanserver/MBeanAnalyzer$MBeanVisitor
instanceKlass sun/reflect/generics/reflectiveObjects/LazyReflectiveObjectGenerator
instanceKlass sun/reflect/generics/tree/TypeVariableSignature
instanceKlass sun/reflect/generics/tree/ClassSignature
instanceKlass sun/reflect/generics/reflectiveObjects/ParameterizedTypeImpl
instanceKlass java/lang/reflect/ParameterizedType
instanceKlass sun/reflect/generics/tree/MethodTypeSignature
instanceKlass sun/reflect/generics/tree/Signature
instanceKlass sun/reflect/generics/tree/FormalTypeParameter
instanceKlass java/lang/reflect/TypeVariable
instanceKlass sun/reflect/generics/repository/AbstractRepository
instanceKlass com/sun/jmx/mbeanserver/MBeanAnalyzer$AttrMethods
instanceKlass jdk/internal/reflect/FieldAccessorImpl
instanceKlass jdk/internal/reflect/FieldAccessor
instanceKlass java/util/Formattable
instanceKlass com/sun/jmx/mbeanserver/MXBeanMapping
instanceKlass javax/management/openmbean/TabularData
instanceKlass javax/management/openmbean/CompositeData
instanceKlass javax/management/openmbean/OpenType
instanceKlass com/sun/jmx/mbeanserver/MXBeanMappingFactory
instanceKlass com/sun/jmx/mbeanserver/ConvertingMethod
instanceKlass  @bci com/sun/javafx/font/PrismFontFactory getJDKFontDir ()Ljava/lang/String; 13 <appendix> form vmentry <vmtarget> ; # java/lang/invoke/LambdaForm$MH+0x000000008105d000
instanceKlass com/sun/jmx/mbeanserver/MBeanAnalyzer$MethodOrder
instanceKlass com/sun/jmx/mbeanserver/MBeanAnalyzer
instanceKlass com/sun/jmx/mbeanserver/MBeanIntrospector
instanceKlass java/lang/Class$AnnotationData
instanceKlass javax/management/MXBean
instanceKlass com/sun/jmx/mbeanserver/MBeanSupport
instanceKlass  @bci com/sun/javafx/font/LogicalFont <init> (Ljava/lang/String;ZZ)V 96 <appendix> form vmentry <vmtarget> ; # java/lang/invoke/LambdaForm$MH+0x000000008105c800
instanceKlass com/sun/jmx/mbeanserver/DescriptorCache
instanceKlass javax/management/JMX
instanceKlass javax/management/StandardMBean
instanceKlass java/util/AbstractMap$SimpleImmutableEntry
instanceKlass java/lang/StringConcatHelper$StringConcatBase
instanceKlass sun/management/RuntimeImpl
instanceKlass java/lang/management/RuntimeMXBean
instanceKlass  @bci java/lang/management/ManagementFactory getPlatformMBeanServer ()Ljavax/management/MBeanServer; 40 <appendix> argL0 ; # java/lang/management/ManagementFactory$$Lambda+0x0000000081066948
instanceKlass java/lang/invoke/StringConcatFactory$InlineHiddenClassStrategy$6
instanceKlass java/lang/invoke/StringConcatFactory$InlineHiddenClassStrategy$3$4
instanceKlass java/lang/invoke/StringConcatFactory$InlineHiddenClassStrategy$4
instanceKlass java/lang/invoke/StringConcatFactory$InlineHiddenClassStrategy$3$1
instanceKlass  @bci java/lang/management/ManagementFactory getPlatformMBeanServer ()Ljavax/management/MBeanServer; 30 <appendix> argL0 ; # java/lang/management/ManagementFactory$$Lambda+0x0000000081066700
instanceKlass java/lang/invoke/StringConcatFactory$InlineHiddenClassStrategy$7
instanceKlass java/lang/invoke/StringConcatFactory$InlineHiddenClassStrategy$3$2
instanceKlass java/lang/invoke/StringConcatFactory$InlineHiddenClassStrategy$5
instanceKlass java/lang/invoke/StringConcatFactory$InlineHiddenClassStrategy$3$3
instanceKlass  @bci java/lang/management/ManagementFactory getPlatformMBeanServer ()Ljavax/management/MBeanServer; 20 <appendix> argL0 ; # java/lang/management/ManagementFactory$$Lambda+0x00000000810664a8
instanceKlass java/lang/invoke/StringConcatFactory$InlineHiddenClassStrategy$3
instanceKlass java/lang/invoke/StringConcatFactory$InlineHiddenClassStrategy$2
instanceKlass java/lang/invoke/StringConcatFactory$InlineHiddenClassStrategy$1
instanceKlass java/lang/invoke/StringConcatFactory$InlineHiddenClassStrategy
instanceKlass  @cpi java/lang/management/ManagementFactory 506 form vmentry <vmtarget> ; # java/lang/invoke/LambdaForm$DMH+0x000000008105c000
instanceKlass java/lang/StackStreamFactory$FrameBuffer
instanceKlass java/lang/StackStreamFactory
instanceKlass jdk/management/jfr/internal/FlightRecorderMXBeanProvider$SingleMBeanComponent
instanceKlass jdk/management/jfr/FlightRecorderMXBean
instanceKlass java/lang/management/DefaultPlatformMBeanProvider$11
instanceKlass java/lang/management/DefaultPlatformMBeanProvider$10
instanceKlass java/lang/management/DefaultPlatformMBeanProvider$9
instanceKlass java/util/logging/LogManager
instanceKlass sun/management/ManagementFactoryHelper$LoggingMXBeanAccess
instanceKlass java/lang/management/DefaultPlatformMBeanProvider$8
instanceKlass java/lang/management/DefaultPlatformMBeanProvider$7
instanceKlass java/lang/management/DefaultPlatformMBeanProvider$6
instanceKlass java/lang/management/DefaultPlatformMBeanProvider$5
instanceKlass java/lang/management/DefaultPlatformMBeanProvider$4
instanceKlass com/sun/glass/utils/NativeLibLoader
instanceKlass java/lang/management/DefaultPlatformMBeanProvider$3
instanceKlass java/lang/management/DefaultPlatformMBeanProvider$2
instanceKlass java/lang/management/DefaultPlatformMBeanProvider$1
instanceKlass java/util/concurrent/Callable
instanceKlass com/sun/management/internal/PlatformMBeanProviderImpl$6
instanceKlass sun/management/VMManagementImpl
instanceKlass jdk/internal/math/FloatingDecimal$ASCIIToBinaryBuffer
instanceKlass sun/management/VMManagement
instanceKlass jdk/internal/math/MathUtils
instanceKlass jdk/internal/math/FloatingDecimal$PreparedASCIIToBinaryBuffer
instanceKlass jdk/internal/math/FloatingDecimal$ASCIIToBinaryConverter
instanceKlass sun/management/ManagementFactoryHelper
instanceKlass jdk/internal/math/FloatingDecimal$BinaryToASCIIBuffer
instanceKlass jdk/internal/math/FloatingDecimal$ExceptionalBinaryToASCIIBuffer
instanceKlass jdk/internal/math/FloatingDecimal$BinaryToASCIIConverter
instanceKlass sun/management/NotificationEmitterSupport
instanceKlass com/sun/management/DiagnosticCommandMBean
instanceKlass jdk/internal/math/FloatingDecimal
instanceKlass com/sun/management/internal/PlatformMBeanProviderImpl$5
instanceKlass com/sun/management/internal/PlatformMBeanProviderImpl$4
instanceKlass jdk/management/VirtualThreadSchedulerMXBean
instanceKlass java/lang/management/PlatformManagedObject
instanceKlass com/sun/management/internal/PlatformMBeanProviderImpl$3
instanceKlass com/sun/javafx/PlatformUtil
instanceKlass com/sun/management/internal/PlatformMBeanProviderImpl$2
instanceKlass com/sun/management/internal/PlatformMBeanProviderImpl$1
instanceKlass sun/management/spi/PlatformMBeanProvider$PlatformComponent
instanceKlass com/sun/javafx/runtime/VersionInfo
instanceKlass com/sun/javafx/application/PlatformImpl$1
instanceKlass com/sun/javafx/binding/ExpressionHelperBase
instanceKlass  @bci com/sun/javafx/application/preferences/PreferenceProperties$ReadOnlyBooleanWrapperImpl <init> (Ljavafx/beans/property/ReadOnlyProperty;)V 11 <appendix> member <vmtarget> ; # com/sun/javafx/application/preferences/PreferenceProperties$ReadOnlyBooleanWrapperImpl$$Lambda+0x0000000081058658
instanceKlass sun/management/spi/PlatformMBeanProvider
instanceKlass java/lang/management/ManagementFactory$PlatformMBeanFinder
instanceKlass javax/management/ObjectInstance
instanceKlass javafx/beans/value/ChangeListener
instanceKlass java/util/EventObject
instanceKlass com/sun/jmx/mbeanserver/NamedObject
instanceKlass com/sun/jmx/interceptor/DefaultMBeanServerInterceptor$ResourceContext$1
instanceKlass com/sun/jmx/interceptor/DefaultMBeanServerInterceptor$ResourceContext
instanceKlass com/sun/jmx/mbeanserver/Repository$RegistrationContext
instanceKlass com/sun/jmx/mbeanserver/DynamicMBean2
instanceKlass sun/util/logging/PlatformLogger
instanceKlass sun/util/logging/PlatformLogger$ConfigurableBridge$LoggerConfiguration
instanceKlass jdk/internal/logger/BootstrapLogger$RedirectedLoggers
instanceKlass  @bci java/util/regex/Pattern DOT ()Ljava/util/regex/Pattern$CharPredicate; 0 <appendix> argL0 ; # java/util/regex/Pattern$$Lambda+0x0000000081039b88
instanceKlass com/sun/jmx/defaults/JmxProperties
instanceKlass com/sun/jmx/mbeanserver/Introspector
instanceKlass com/sun/jmx/interceptor/DefaultMBeanServerInterceptor
instanceKlass com/sun/jmx/interceptor/MBeanServerInterceptor
instanceKlass  @bci java/util/regex/CharPredicates ctype (I)Ljava/util/regex/Pattern$CharPredicate; 1 <appendix> member <vmtarget> ; # java/util/regex/CharPredicates$$Lambda+0x0000000081038e78
instanceKlass com/sun/jmx/mbeanserver/Repository
instanceKlass com/sun/jmx/mbeanserver/SecureClassLoaderRepository
instanceKlass com/sun/jmx/mbeanserver/Util
instanceKlass com/sun/jmx/mbeanserver/MBeanInstantiator
instanceKlass javafx/scene/image/Image$1
instanceKlass com/sun/jmx/mbeanserver/ClassLoaderRepositorySupport$LoaderEntry
instanceKlass com/sun/jmx/mbeanserver/ClassLoaderRepositorySupport
instanceKlass com/sun/jmx/mbeanserver/ModifiableClassLoaderRepository
instanceKlass javax/management/loading/ClassLoaderRepository
instanceKlass javax/management/ImmutableDescriptor
instanceKlass javax/management/Descriptor
instanceKlass com/sun/jmx/remote/util/ClassLogger
instanceKlass javax/management/NotificationBroadcasterSupport$1
instanceKlass java/util/concurrent/Executor
instanceKlass javafx/beans/binding/NumberExpressionBase
instanceKlass javax/management/NotificationBroadcasterSupport
instanceKlass javafx/beans/binding/NumberExpression
instanceKlass java/util/ComparableTimSort
instanceKlass javax/management/ObjectName$Property
instanceKlass javax/management/ObjectName
instanceKlass javax/management/QueryExp
instanceKlass javafx/beans/value/ObservableDoubleValue
instanceKlass sun/management/Util
instanceKlass javafx/beans/value/ObservableNumberValue
instanceKlass javax/management/MBeanInfo
instanceKlass javax/management/MBeanFeatureInfo
instanceKlass javax/management/DescriptorRead
instanceKlass javax/management/MBeanServerDelegate
instanceKlass javax/management/NotificationEmitter
instanceKlass javax/management/NotificationBroadcaster
instanceKlass javax/management/MBeanServerDelegateMBean
instanceKlass javax/management/MBeanRegistration
instanceKlass javax/management/DynamicMBean
instanceKlass com/sun/jmx/mbeanserver/JmxMBeanServer
instanceKlass com/sun/jmx/mbeanserver/SunJmxMBeanServer
instanceKlass javax/management/MBeanServer
instanceKlass javax/management/MBeanServerConnection
instanceKlass javafx/scene/image/PixelReader
instanceKlass javax/management/MBeanServerBuilder
instanceKlass javax/management/MBeanServerFactory
instanceKlass com/sun/javafx/tk/Toolkit$ImageAccessor
instanceKlass javafx/scene/image/Image
instanceKlass java/lang/management/ManagementFactory
instanceKlass com/sun/javafx/tk/TKClipboard
instanceKlass java/util/concurrent/ThreadLocalRandom$Access$1
instanceKlass jdk/internal/access/JavaUtilConcurrentTLRAccess
instanceKlass java/util/concurrent/ThreadLocalRandom$Access
instanceKlass jdk/internal/util/random/RandomSupport
instanceKlass com/sun/javafx/tk/Toolkit
instanceKlass java/util/Random
instanceKlass java/util/random/RandomGenerator
instanceKlass java/net/InetAddress$CachedLookup
instanceKlass sun/net/InetAddressCachePolicy
instanceKlass java/util/stream/Nodes$ArrayNode
instanceKlass java/util/stream/Node$Builder
instanceKlass javafx/scene/paint/Paint$1
instanceKlass java/util/stream/Node$OfDouble
instanceKlass java/util/stream/Node$OfLong
instanceKlass java/util/stream/Node$OfInt
instanceKlass java/util/stream/Node$OfPrimitive
instanceKlass java/util/stream/Nodes$EmptyNode
instanceKlass java/util/stream/Node
instanceKlass java/util/stream/Nodes
instanceKlass  @bci java/net/InetAddress getAddressesFromNameService (Ljava/lang/String;)[Ljava/net/InetAddress; 94 <appendix> argL0 ; # java/net/InetAddress$$Lambda+0x000000008102f230
instanceKlass com/sun/javafx/tk/Toolkit$PaintAccessor
instanceKlass javafx/scene/paint/Paint
instanceKlass javafx/animation/Interpolatable
instanceKlass com/sun/javafx/application/preferences/PreferenceProperties
instanceKlass javafx/collections/MapChangeListener$Change
instanceKlass javafx/application/Platform$Preferences
instanceKlass javafx/collections/ObservableMap
instanceKlass  @bci java/net/InetAddress loadResolver ()Ljava/net/spi/InetAddressResolver; 8 <appendix> argL0 ; # java/net/InetAddress$$Lambda+0x000000008102efe8
instanceKlass java/net/spi/InetAddressResolverProvider
instanceKlass java/net/InetAddress$NameServiceAddresses
instanceKlass java/net/InetAddress$Addresses
instanceKlass javafx/beans/InvalidationListener
instanceKlass java/util/concurrent/ConcurrentSkipListMap$Iter
instanceKlass  @bci com/sun/marlin/TransformingPathConsumer2D$PathTracer <init> (Ljava/lang/String;)V 6 <appendix> form vmentry <vmtarget> ; # java/lang/invoke/LambdaForm$MH+0x0000000081048800
instanceKlass javafx/beans/value/WritableObjectValue
instanceKlass java/lang/invoke/StringConcatFactory
instanceKlass sun/management/jmxremote/ConnectorBootstrap$PermanentExporter
instanceKlass com/sun/jmx/remote/internal/rmi/RMIExporter
instanceKlass jdk/internal/logger/LazyLoggers$LazyLoggerAccessor
instanceKlass jdk/internal/logger/LazyLoggers$LoggerAccessor
instanceKlass jdk/internal/logger/AbstractLoggerWrapper
instanceKlass sun/util/logging/internal/LoggingProviderImpl$LogManagerAccess
instanceKlass jdk/internal/logger/BootstrapLogger$DetectBackend
instanceKlass jdk/internal/logger/BootstrapLogger
instanceKlass sun/util/logging/PlatformLogger$ConfigurableBridge
instanceKlass sun/util/logging/PlatformLogger$Bridge
instanceKlass java/lang/System$LoggerFinder
instanceKlass jdk/internal/logger/LazyLoggers$LazyLoggerFactories
instanceKlass jdk/internal/logger/LazyLoggers$1
instanceKlass jdk/internal/logger/LazyLoggers
instanceKlass sun/management/jmxremote/ConnectorBootstrap
instanceKlass javafx/beans/binding/ObjectExpression
instanceKlass jdk/internal/agent/Agent
instanceKlass javafx/beans/value/ObservableObjectValue
instanceKlass javafx/beans/binding/Binding
instanceKlass com/sun/javafx/tk/TKListener
instanceKlass javafx/beans/binding/BooleanExpression
instanceKlass javafx/beans/value/ObservableBooleanValue
instanceKlass javafx/beans/value/WritableBooleanValue
instanceKlass javafx/beans/property/Property
instanceKlass javafx/beans/value/WritableValue
instanceKlass javafx/beans/property/ReadOnlyProperty
instanceKlass javafx/beans/value/ObservableValue
instanceKlass javafx/beans/Observable
instanceKlass com/sun/javafx/application/PlatformImpl
instanceKlass  @bci com/sun/javafx/application/LauncherImpl startToolkit ()V 21 <appendix> member <vmtarget> ; # com/sun/javafx/application/LauncherImpl$$Lambda+0x000000008104a000
instanceKlass java/util/concurrent/CountDownLatch
instanceKlass  @bci jdk/internal/reflect/DirectMethodHandleAccessor invokeImpl (Ljava/lang/Object;[Ljava/lang/Object;)Ljava/lang/Object; 92 <adapter> ; # java/lang/invoke/LambdaForm$MH+0x0000000081048400
instanceKlass  @bci java/util/Map$Entry comparingByKey ()Ljava/util/Comparator; 0 <appendix> argL0 ; # java/util/Map$Entry$$Lambda+0x000000008102b0c0
# instanceKlass java/lang/invoke/LambdaForm$MH+0x0000000081048000
instanceKlass java/lang/classfile/constantpool/IntegerEntry
instanceKlass sun/invoke/util/BytecodeDescriptor
instanceKlass java/lang/invoke/InnerClassLambdaMetafactory$4
instanceKlass java/lang/invoke/InnerClassLambdaMetafactory$SerializationSupport
instanceKlass java/util/TreeMap$PrivateEntryIterator
instanceKlass java/util/TreeMap$Entry
instanceKlass java/lang/invoke/LambdaFormEditor$1
instanceKlass  @cpi com/uet/auction/client/controller/HomecontentController 363 form vmentry <vmtarget> ; # java/lang/invoke/LambdaForm$DMH+0x0000000081047000
instanceKlass  @cpi com/sun/javafx/application/LauncherImpl 863 form vmentry <vmtarget> ; # java/lang/invoke/LambdaForm$DMH+0x0000000081046c00
instanceKlass java/text/AttributedCharacterIterator$Attribute
instanceKlass java/text/FieldPosition
instanceKlass java/text/StringBufFactory$StringBuilderImpl
instanceKlass java/text/Format$StringBuf
instanceKlass java/text/StringBufFactory
instanceKlass java/text/Format
instanceKlass java/util/concurrent/atomic/AtomicBoolean
instanceKlass javafx/geometry/Bounds
instanceKlass com/sun/javafx/util/Utils
instanceKlass jdk/internal/event/Event
instanceKlass java/lang/annotation/Target
# instanceKlass java/lang/invoke/LambdaForm$MH+0x0000000081046800
instanceKlass java/util/Locale$Builder
instanceKlass sun/util/locale/provider/CalendarDataUtility
instanceKlass sun/util/locale/provider/AvailableLanguageTags
instanceKlass java/text/DecimalFormatSymbols
instanceKlass java/util/Formatter$FormatSpecifier
instanceKlass java/util/Formatter$Flags
instanceKlass java/util/Formatter$FormatSpecifierParser
instanceKlass java/util/Formatter$Conversion
instanceKlass java/util/Formatter$FormatString
instanceKlass java/util/Formatter
instanceKlass java/util/TimSort
instanceKlass java/util/Arrays$LegacyMergeSort
instanceKlass jdk/internal/classfile/impl/StackMapDecoder$1
instanceKlass  @bci sun/util/cldr/CLDRTimeZoneNameProviderImpl toGMTFormat (Ljava/lang/String;ZLjava/util/Locale;)Ljava/lang/String; 115 <appendix> argL0 ; # sun/util/cldr/CLDRTimeZoneNameProviderImpl$$Lambda+0x0000000081026748
instanceKlass jdk/internal/classfile/impl/StackMapDecoder
instanceKlass  @bci sun/util/cldr/CLDRTimeZoneNameProviderImpl toGMTFormat (Ljava/lang/String;ZLjava/util/Locale;)Ljava/lang/String; 107 <appendix> argL0 ; # sun/util/cldr/CLDRTimeZoneNameProviderImpl$$Lambda+0x0000000081025cf0
instanceKlass sun/net/NetHooks
instanceKlass sun/net/spi/DefaultProxySelector$NonProxyInfo
instanceKlass java/lang/invoke/TypeConvertingMethodAdapter$BoxHolder
instanceKlass java/lang/invoke/TypeConvertingMethodAdapter$1
instanceKlass jdk/internal/classfile/impl/StackCounter
instanceKlass  @cpi sun/util/cldr/CLDRTimeZoneNameProviderImpl 479 form vmentry <vmtarget> ; # java/lang/invoke/LambdaForm$DMH+0x0000000081046400
instanceKlass  @bci java/lang/reflect/ProxyGenerator lambda$generateLookupAccessor$0 (Ljava/lang/classfile/MethodBuilder;)V 30 <appendix> member <vmtarget> ; # java/lang/reflect/ProxyGenerator$$Lambda+0x0000000081025050
instanceKlass  @bci sun/util/cldr/CLDRTimeZoneNameProviderImpl toGMTFormat (Ljava/lang/String;ZLjava/util/Locale;)Ljava/lang/String; 99 <appendix> member <vmtarget> ; # sun/util/cldr/CLDRTimeZoneNameProviderImpl$$Lambda+0x0000000081024e00
instanceKlass  @bci java/lang/reflect/ProxyGenerator generateLookupAccessor (Ljava/lang/classfile/ClassBuilder;)V 10 <appendix> member <vmtarget> ; # java/lang/reflect/ProxyGenerator$$Lambda+0x0000000081024bc0
instanceKlass java/util/Collections$UnmodifiableList$1
instanceKlass java/util/ReverseOrderListView$DescendingIterator
instanceKlass java/util/stream/WhileOps$DropWhileSink
instanceKlass java/lang/classfile/constantpool/StringEntry
instanceKlass java/lang/classfile/constantpool/ConstantValueEntry
instanceKlass  @bci sun/util/cldr/CLDRTimeZoneNameProviderImpl toGMTFormat (Ljava/lang/String;ZLjava/util/Locale;)Ljava/lang/String; 82 <appendix> member <vmtarget> ; # sun/util/cldr/CLDRTimeZoneNameProviderImpl$$Lambda+0x00000000810234c0
instanceKlass sun/net/NetProperties
instanceKlass  @bci java/lang/reflect/ProxyGenerator generateStaticInitializer (Ljava/lang/classfile/ClassBuilder;)V 10 <appendix> member <vmtarget> ; # java/lang/reflect/ProxyGenerator$$Lambda+0x0000000081023070
instanceKlass java/net/Proxy
instanceKlass java/util/stream/WhileOps$DropWhileOp
instanceKlass java/util/stream/WhileOps
instanceKlass  @bci sun/util/cldr/CLDRTimeZoneNameProviderImpl toGMTFormat (Ljava/lang/String;ZLjava/util/Locale;)Ljava/lang/String; 70 <appendix> member <vmtarget> ; # sun/util/cldr/CLDRTimeZoneNameProviderImpl$$Lambda+0x0000000081021c00
instanceKlass java/net/ProxySelector
instanceKlass  @bci sun/nio/ch/NioSocketImpl closerFor (Ljava/io/FileDescriptor;)Ljava/lang/Runnable; 1 <appendix> member <vmtarget> ; # sun/nio/ch/NioSocketImpl$$Lambda+0x00000000810217b0
instanceKlass jdk/internal/classfile/impl/BytecodeHelpers$1
instanceKlass java/util/ReverseOrderListView
instanceKlass java/lang/classfile/attribute/StackMapTableAttribute
instanceKlass java/lang/classfile/attribute/StackMapFrameInfo
instanceKlass  @cpi com/sun/javafx/scene/control/behavior/TableViewBehaviorBase 926 form vmentry <vmtarget> ; # java/lang/invoke/LambdaForm$DMH+0x0000000081046000
instanceKlass java/time/Clock
instanceKlass java/time/InstantSource
instanceKlass java/lang/classfile/instruction/ExceptionCatch
instanceKlass  @bci java/lang/reflect/ProxyGenerator$ProxyMethod lambda$generateMethod$0 (Ljava/lang/classfile/MethodBuilder;)V 30 <appendix> member <vmtarget> ; # java/lang/reflect/ProxyGenerator$ProxyMethod$$Lambda+0x000000008101f938
instanceKlass java/lang/classfile/attribute/ExceptionsAttribute
instanceKlass  @bci java/lang/reflect/ProxyGenerator$ProxyMethod generateMethod (Ljava/lang/classfile/ClassBuilder;)V 42 <appendix> member <vmtarget> ; # java/lang/reflect/ProxyGenerator$ProxyMethod$$Lambda+0x000000008101e740
instanceKlass  @bci java/lang/reflect/ProxyGenerator generateConstructor (Ljava/lang/classfile/ClassBuilder;)V 8 <appendix> member <vmtarget> ; # java/lang/reflect/ProxyGenerator$$Lambda+0x000000008101e500
instanceKlass  @bci sun/util/cldr/CLDRTimeZoneNameProviderImpl deriveFallbackName ([Ljava/lang/String;ILjava/util/Locale;Z)V 176 <adapter> ; # java/lang/invoke/LambdaForm$MH+0x0000000081045c00
instanceKlass  @bci java/lang/reflect/ProxyGenerator generateClassFile ()[B 197 <appendix> member <vmtarget> ; # java/lang/reflect/ProxyGenerator$$Lambda+0x000000008101e2c0
instanceKlass  @bci sun/util/cldr/CLDRTimeZoneNameProviderImpl deriveFallbackName ([Ljava/lang/String;ILjava/util/Locale;Z)V 176 <appendix> form vmentry <vmtarget> ; # java/lang/invoke/LambdaForm$DMH+0x0000000081045800
instanceKlass  @cpi javafx/scene/control/Alert 175 form vmentry <vmtarget> ; # java/lang/invoke/LambdaForm$DMH+0x0000000081045400
instanceKlass  @bci sun/util/cldr/CLDRTimeZoneNameProviderImpl deriveFallbackName ([Ljava/lang/String;ILjava/util/Locale;Z)V 176 <appendix> member <vmtarget> ; # sun/util/cldr/CLDRTimeZoneNameProviderImpl$$Lambda+0x000000008101e070
instanceKlass  @bci java/lang/reflect/ProxyGenerator proxyMethodsFor (Ljava/lang/String;)Ljava/util/List; 5 <appendix> argL0 ; # java/lang/reflect/ProxyGenerator$$Lambda+0x000000008101de28
instanceKlass java/lang/reflect/ProxyGenerator$ProxyMethod
instanceKlass  @cpi jdk/internal/foreign/MemorySessionImpl 286 form vmentry <vmtarget> ; # java/lang/invoke/LambdaForm$DMH+0x0000000081045000
instanceKlass java/lang/classfile/constantpool/InterfaceMethodRefEntry
instanceKlass java/lang/classfile/attribute/StackMapFrameInfo$ObjectVerificationTypeInfo
instanceKlass java/lang/classfile/attribute/StackMapFrameInfo$VerificationTypeInfo
instanceKlass java/util/StringJoiner
instanceKlass java/lang/classfile/ClassFile$Option
instanceKlass java/lang/reflect/ProxyGenerator
instanceKlass jdk/net/ExtendedSocketOptions$2
instanceKlass jdk/net/ExtendedSocketOptions$PlatformSocketOptions
instanceKlass jdk/net/ExtendedSocketOptions$ExtSocketOption
instanceKlass java/net/SocketOption
instanceKlass sun/util/cldr/CLDRBaseLocaleDataMetaInfo$CLDRMapHolder
instanceKlass jdk/net/ExtendedSocketOptions
instanceKlass  @bci java/lang/WeakPairMap computeIfAbsent (Ljava/lang/Object;Ljava/lang/Object;Ljava/util/function/BiFunction;)Ljava/lang/Object; 18 <appendix> member <vmtarget> ; # java/lang/WeakPairMap$$Lambda+0x000000008101bb28
instanceKlass sun/net/ext/ExtendedSocketOptions
instanceKlass java/net/Inet6Address$Inet6AddressHolder
instanceKlass jdk/internal/lang/stable/StableValueImpl
instanceKlass java/lang/StableValue
instanceKlass  @bci java/lang/Module implAddExportsOrOpens (Ljava/lang/String;Ljava/lang/Module;ZZ)V 151 <appendix> argL0 ; # java/lang/Module$$Lambda+0x000000008101b258
instanceKlass sun/nio/ch/Net$1
instanceKlass java/net/ProtocolFamily
instanceKlass sun/nio/ch/Net
instanceKlass java/time/LocalTime
instanceKlass java/time/Instant
instanceKlass java/time/temporal/ValueRange
instanceKlass java/net/SocksConsts
instanceKlass java/lang/WeakPairMap$Pair$Lookup
instanceKlass java/time/Duration
instanceKlass java/lang/WeakPairMap$Pair
instanceKlass java/time/temporal/TemporalAmount
instanceKlass java/time/temporal/TemporalUnit
instanceKlass java/lang/WeakPairMap
instanceKlass java/time/temporal/TemporalField
instanceKlass java/lang/Module$ReflectionData
instanceKlass java/time/LocalDate
instanceKlass java/time/chrono/ChronoLocalDate
instanceKlass sun/net/PlatformSocketImpl
instanceKlass java/time/zone/ZoneOffsetTransition
instanceKlass  @bci java/lang/reflect/Proxy$ProxyBuilder getDynamicModule (Ljava/lang/ClassLoader;)Ljava/lang/Module; 4 <appendix> argL0 ; # java/lang/reflect/Proxy$ProxyBuilder$$Lambda+0x0000000081018060
instanceKlass java/net/SocketImpl
instanceKlass java/net/SocketOptions
instanceKlass java/util/concurrent/atomic/AtomicReferenceArray
instanceKlass java/time/LocalDateTime
instanceKlass java/time/chrono/ChronoLocalDateTime
instanceKlass java/time/temporal/TemporalAdjuster
instanceKlass java/time/temporal/Temporal
instanceKlass java/time/temporal/TemporalAccessor
instanceKlass java/time/zone/ZoneOffsetTransitionRule
instanceKlass java/time/zone/ZoneRules
instanceKlass java/time/zone/Ser
instanceKlass java/io/Externalizable
instanceKlass java/net/InetSocketAddress$InetSocketAddressHolder
instanceKlass jdk/internal/loader/URLClassPath$1
instanceKlass java/net/InetAddress$PlatformResolver
instanceKlass java/net/spi/InetAddressResolver
instanceKlass java/net/spi/InetAddressResolver$LookupPolicy
instanceKlass java/net/Inet4AddressImpl
instanceKlass java/net/Inet6AddressImpl
instanceKlass java/net/InetAddressImpl
instanceKlass java/util/concurrent/ConcurrentSkipListMap$Node
instanceKlass java/util/LinkedHashMap$LinkedHashIterator
instanceKlass java/util/concurrent/ConcurrentSkipListMap$Index
instanceKlass java/util/concurrent/ConcurrentNavigableMap
instanceKlass java/util/NavigableMap
instanceKlass java/util/SortedMap
instanceKlass java/util/NavigableSet
instanceKlass java/util/SortedSet
instanceKlass java/net/InetAddress$InetAddressHolder
instanceKlass java/lang/PublicMethods
instanceKlass java/util/Collections$1
instanceKlass java/security/Security$2
instanceKlass jdk/internal/access/JavaSecurityPropertiesAccess
instanceKlass java/lang/reflect/Proxy$ProxyBuilder
instanceKlass  @bci java/lang/reflect/Proxy getProxyConstructor (Ljava/lang/ClassLoader;[Ljava/lang/Class;)Ljava/lang/reflect/Constructor; 18 <appendix> argL0 ; # java/lang/reflect/Proxy$$Lambda+0x0000000081014fe8
instanceKlass java/lang/CompoundEnumeration
instanceKlass jdk/internal/loader/BuiltinClassLoader$1
instanceKlass java/lang/ClassValue$Identity
instanceKlass java/lang/ClassValue$Entry
instanceKlass java/lang/ClassValue
instanceKlass java/lang/reflect/Proxy
instanceKlass jdk/internal/module/Resources
instanceKlass sun/reflect/annotation/AnnotationInvocationHandler
instanceKlass java/lang/reflect/InvocationHandler
instanceKlass java/util/Spliterators$1Adapter
instanceKlass java/util/Spliterators$ArraySpliterator
instanceKlass sun/nio/ch/IOStatus
instanceKlass java/lang/annotation/Documented
instanceKlass java/util/Arrays$ArrayItr
instanceKlass java/lang/annotation/Inherited
instanceKlass java/lang/annotation/Retention
instanceKlass sun/reflect/annotation/ExceptionProxy
instanceKlass sun/reflect/annotation/AnnotationType
instanceKlass sun/nio/ch/Util$BufferCache
instanceKlass java/lang/reflect/GenericArrayType
instanceKlass java/lang/Deprecated
instanceKlass sun/nio/ch/Util
instanceKlass jdk/internal/misc/Blocker
instanceKlass sun/nio/ch/NativeThread
instanceKlass java/util/Properties$LineReader
instanceKlass sun/reflect/generics/visitor/Reifier
instanceKlass sun/reflect/generics/visitor/TypeTreeVisitor
instanceKlass sun/nio/ch/SelChImpl
instanceKlass java/nio/channels/NetworkChannel
instanceKlass sun/nio/ch/Streams
instanceKlass java/nio/channels/Channels
instanceKlass sun/reflect/generics/factory/CoreReflectionFactory
instanceKlass sun/reflect/generics/factory/GenericsFactory
instanceKlass sun/nio/ch/FileChannelImpl$Closer
instanceKlass sun/nio/ch/NativeThreadSet
instanceKlass java/nio/channels/spi/AbstractInterruptibleChannel$1
instanceKlass sun/nio/ch/Interruptible
instanceKlass sun/reflect/generics/scope/AbstractScope
instanceKlass sun/reflect/generics/scope/Scope
instanceKlass sun/reflect/generics/tree/ClassTypeSignature
instanceKlass sun/reflect/generics/tree/SimpleClassTypeSignature
instanceKlass sun/reflect/generics/tree/FieldTypeSignature
instanceKlass sun/reflect/generics/tree/BaseType
instanceKlass sun/reflect/generics/tree/TypeSignature
instanceKlass sun/reflect/generics/tree/ReturnType
instanceKlass sun/reflect/generics/tree/TypeArgument
instanceKlass sun/reflect/generics/tree/TypeTree
instanceKlass sun/reflect/generics/tree/Tree
instanceKlass java/time/zone/ZoneRulesProvider
instanceKlass sun/reflect/generics/parser/SignatureParser
instanceKlass java/lang/SecurityManager
instanceKlass sun/nio/ch/IOUtil
instanceKlass java/lang/System$Logger
instanceKlass java/io/Console
instanceKlass sun/nio/ch/NativeDispatcher
instanceKlass java/nio/channels/ScatteringByteChannel
instanceKlass java/nio/channels/GatheringByteChannel
instanceKlass java/nio/channels/SeekableByteChannel
instanceKlass java/nio/channels/ByteChannel
instanceKlass java/nio/channels/WritableByteChannel
instanceKlass java/nio/channels/ReadableByteChannel
instanceKlass java/nio/channels/spi/AbstractInterruptibleChannel
instanceKlass java/nio/channels/InterruptibleChannel
instanceKlass java/nio/channels/Channel
instanceKlass sun/nio/fs/WindowsChannelFactory$Flags
instanceKlass sun/nio/fs/WindowsChannelFactory$1
instanceKlass sun/nio/fs/WindowsChannelFactory
instanceKlass com/sun/javafx/SecurityUtil
instanceKlass sun/nio/fs/WindowsSecurityDescriptor
instanceKlass java/nio/file/attribute/FileAttribute
instanceKlass sun/util/resources/Bundles$CacheKeyReference
instanceKlass sun/nio/fs/WindowsLinkSupport
instanceKlass java/util/ResourceBundle$ResourceBundleProviderHelper
instanceKlass jdk/internal/misc/MethodFinder
instanceKlass com/sun/javafx/application/ModuleAccess
instanceKlass java/nio/file/FileSystems$DefaultFileSystemHolder
instanceKlass javafx/application/Preloader$PreloaderNotification
instanceKlass java/security/Security$SecPropLoader
instanceKlass  @bci sun/util/cldr/CLDRLocaleProviderAdapter applyAliases (Ljava/util/Locale;)Ljava/util/Locale; 4 <appendix> argL0 ; # sun/util/cldr/CLDRLocaleProviderAdapter$$Lambda+0x80000005a
instanceKlass java/security/Security
instanceKlass com/sun/javafx/application/PlatformImpl$FinishListener
instanceKlass sun/util/resources/Bundles$CacheKey
instanceKlass java/util/ResourceBundle$1
instanceKlass jdk/internal/access/JavaUtilResourceBundleAccess
instanceKlass sun/util/resources/Bundles
instanceKlass sun/util/resources/LocaleData$LocaleDataStrategy
instanceKlass sun/util/resources/Bundles$Strategy
instanceKlass sun/util/resources/LocaleData
instanceKlass sun/util/locale/provider/LocaleResources
instanceKlass java/util/Collections$EmptyEnumeration
instanceKlass sun/security/util/SecurityProperties
instanceKlass sun/util/resources/provider/NonBaseLocaleDataMetaInfo
instanceKlass jdk/internal/util/Exceptions
instanceKlass java/net/InetAddress$1
instanceKlass javafx/application/Application$Parameters
instanceKlass sun/util/locale/provider/BaseLocaleDataMetaInfo
instanceKlass com/sun/javafx/application/LauncherImpl
instanceKlass jdk/internal/access/JavaNetInetAddressAccess
instanceKlass java/util/Collections$EmptyIterator
instanceKlass java/net/InetAddress
instanceKlass java/net/SocketAddress
instanceKlass sun/launcher/LauncherHelper$FXHelper
instanceKlass javafx/application/Application
instanceKlass jdk/internal/invoke/MhUtil
instanceKlass java/net/Socket
instanceKlass java/util/ServiceLoader$ProviderImpl
instanceKlass java/util/ServiceLoader$Provider
instanceKlass sun/util/resources/cldr/provider/CLDRLocaleDataMetaInfo
instanceKlass jdk/internal/jimage/ImageLocation
instanceKlass jdk/internal/jimage/decompressor/Decompressor
instanceKlass jdk/internal/jimage/ImageStringsReader
instanceKlass jdk/internal/jimage/ImageStrings
instanceKlass jdk/internal/jimage/ImageHeader
instanceKlass java/util/concurrent/locks/ReentrantReadWriteLock$WriteLock
instanceKlass java/util/concurrent/locks/ReentrantReadWriteLock$ReadLock
instanceKlass java/util/concurrent/locks/ReentrantReadWriteLock
instanceKlass java/util/concurrent/locks/ReadWriteLock
instanceKlass jdk/internal/jimage/NativeImageBuffer$1
instanceKlass jdk/internal/module/ModuleReferences$SafeCloseModuleReader
instanceKlass jdk/internal/jimage/NativeImageBuffer
instanceKlass java/security/AccessControlContext
instanceKlass java/security/AccessController
instanceKlass jdk/internal/jimage/BasicImageReader$1
instanceKlass java/security/PrivilegedAction
instanceKlass jdk/internal/jimage/BasicImageReader
instanceKlass jdk/internal/jimage/ImageReader
instanceKlass jdk/internal/jimage/ImageReaderFactory$1
instanceKlass jdk/internal/jimage/ImageReaderFactory
instanceKlass jdk/internal/module/SystemModuleFinders$SystemImage
instanceKlass jdk/internal/module/ModulePatcher$PatchedModuleReader
instanceKlass jdk/internal/module/SystemModuleFinders$SystemModuleReader
instanceKlass java/lang/module/ModuleReader
instanceKlass jdk/internal/loader/BuiltinClassLoader$2
instanceKlass java/util/ServiceLoader$2
instanceKlass java/util/ServiceLoader$1
instanceKlass java/util/ServiceLoader$LazyClassPathLookupIterator
instanceKlass java/util/concurrent/CopyOnWriteArrayList$COWIterator
instanceKlass java/util/ServiceLoader$ModuleServicesLookupIterator
instanceKlass java/util/ServiceLoader
instanceKlass java/util/Locale$LocaleCache
instanceKlass jdk/internal/util/ReferencedKeyMap$1
instanceKlass sun/util/locale/BaseLocale$1InterningCache
instanceKlass sun/util/locale/InternalLocaleBuilder$CaseInsensitiveChar
instanceKlass sun/util/locale/InternalLocaleBuilder
instanceKlass sun/util/locale/StringTokenIterator
instanceKlass java/text/ParsePosition
instanceKlass sun/util/cldr/CLDRBaseLocaleDataMetaInfo
instanceKlass sun/util/locale/provider/LocaleDataMetaInfo
instanceKlass sun/util/locale/provider/ResourceBundleBasedAdapter
instanceKlass sun/util/locale/provider/LocaleProviderAdapter
instanceKlass  @bci java/util/ResourceBundle$Control getCandidateLocales (Ljava/lang/String;Ljava/util/Locale;)Ljava/util/List; 23 <appendix> argL0 ; # java/util/ResourceBundle$Control$$Lambda+0x80000001d
instanceKlass sun/nio/cs/SingleByte
instanceKlass  @bci java/util/ResourceBundle$Control <clinit> ()V 39 <appendix> argL0 ; # java/util/ResourceBundle$Control$$Lambda+0x80000001e
instanceKlass java/util/ResourceBundle
instanceKlass sun/nio/cs/MS1252$Holder
instanceKlass sun/nio/cs/ArrayDecoder
instanceKlass sun/launcher/LauncherHelper
instanceKlass java/util/ResourceBundle$Control
instanceKlass sun/util/locale/provider/TimeZoneNameUtility$TimeZoneNameGetter
instanceKlass sun/usagetracker/UsageTrackerClient
instanceKlass sun/util/locale/provider/LocaleServiceProviderPool$LocalizedObjectGetter
instanceKlass jdk/internal/util/EnvUtils
instanceKlass sun/util/locale/provider/LocaleServiceProviderPool
instanceKlass java/util/spi/LocaleServiceProvider
instanceKlass jdk/internal/vm/PostVMInitHook
instanceKlass sun/util/locale/provider/TimeZoneNameUtility
instanceKlass sun/util/calendar/CalendarUtils
instanceKlass sun/util/calendar/CalendarDate
instanceKlass sun/util/calendar/ZoneInfoFile$ZoneOffsetTransitionRule
instanceKlass java/io/Reader
instanceKlass java/io/FileInputStream$1
instanceKlass com/intellij/rt/execution/application/AppMainV2
instanceKlass  @bci jdk/internal/reflect/DirectConstructorHandleAccessor invokeImpl ([Ljava/lang/Object;)Ljava/lang/Object; 88 <adapter> ; # java/lang/invoke/LambdaForm$MH+0x0000000081042400
# instanceKlass java/lang/invoke/LambdaForm$MH+0x0000000081042000
# instanceKlass java/lang/invoke/LambdaForm$MH+0x0000000081041c00
instanceKlass sun/util/calendar/ZoneInfoFile
instanceKlass java/time/ZoneId
instanceKlass java/util/TimeZone
# instanceKlass java/lang/invoke/LambdaForm$MH+0x0000000081041800
instanceKlass sun/util/calendar/CalendarSystem$GregorianHolder
instanceKlass sun/util/calendar/CalendarSystem
instanceKlass java/util/Date
instanceKlass sun/nio/cs/Surrogate
instanceKlass sun/nio/cs/Surrogate$Parser
instanceKlass java/util/concurrent/ConcurrentHashMap$MapEntry
instanceKlass java/util/Collections$SynchronizedCollection
instanceKlass java/util/Properties$EntrySet
instanceKlass jdk/internal/vm/VMSupport
instanceKlass  @bci com/uet/auction/client/controller/ProfileSellerController initialize ()V 146 <appendix> form vmentry <vmtarget> ; # java/lang/invoke/LambdaForm$MH+0x0000000081041400
# instanceKlass java/lang/invoke/LambdaForm$MH+0x0000000081041000
instanceKlass  @cpi javafx/scene/control/TableView$TableViewFocusModel 303 form vmentry <vmtarget> ; # java/lang/invoke/LambdaForm$DMH+0x0000000081040400
instanceKlass com/intellij/rt/execution/application/AppMainV2$Agent
instanceKlass java/security/PermissionCollection
instanceKlass java/security/SecureClassLoader$1
instanceKlass java/util/zip/Checksum$1
instanceKlass java/util/zip/CRC32
instanceKlass java/util/zip/Checksum
instanceKlass sun/nio/ByteBuffered
instanceKlass java/lang/Package$VersionInfo
instanceKlass java/lang/NamedPackage
instanceKlass jdk/internal/loader/Resource
instanceKlass java/nio/charset/CoderResult
instanceKlass java/nio/charset/CharsetDecoder
instanceKlass java/lang/Readable
instanceKlass  @bci java/util/zip/ZipFile$Source initCEN (ILjava/util/zip/ZipCoder;)V 507 <appendix> argL0 ; # java/util/zip/ZipFile$Source$$Lambda+0x0000000081006b80
instanceKlass jdk/internal/loader/FileURLMapper
instanceKlass jdk/internal/loader/URLClassPath$Loader
instanceKlass sun/net/util/URLUtil
instanceKlass sun/instrument/TransformerManager$TransformerInfo
instanceKlass sun/instrument/TransformerManager
instanceKlass jdk/internal/reflect/Reflection$1Holder
instanceKlass sun/instrument/InstrumentationImpl
instanceKlass java/lang/instrument/Instrumentation
instanceKlass jdk/internal/vm/ContinuationSupport
instanceKlass jdk/internal/module/ModuleBootstrap$SafeModuleFinder
instanceKlass java/lang/ModuleLayer$Controller
instanceKlass java/util/concurrent/CopyOnWriteArrayList
instanceKlass jdk/internal/module/ServicesCatalog$ServiceProvider
instanceKlass jdk/internal/loader/AbstractClassLoaderValue$Memoizer
instanceKlass java/util/SequencedSet
instanceKlass java/util/stream/ForEachOps$ForEachOp
instanceKlass java/util/stream/ForEachOps
instanceKlass  @bci java/lang/module/ModuleFinder$2 findAll ()Ljava/util/Set; 50 <appendix> member <vmtarget> ; # java/lang/module/ModuleFinder$2$$Lambda+0x800000011
instanceKlass  @bci java/lang/module/ModuleFinder$2 findAll ()Ljava/util/Set; 38 <appendix> argL0 ; # java/lang/module/ModuleFinder$2$$Lambda+0x800000012
instanceKlass java/util/WeakHashMap$HashIterator
instanceKlass java/util/Collections$UnmodifiableCollection$1
instanceKlass  @bci jdk/internal/module/ModulePath jarPackages (Ljava/util/jar/JarFile;)Ljava/util/Set; 35 <appendix> argL0 ; # jdk/internal/module/ModulePath$$Lambda+0x0000000081005000
instanceKlass  @bci jdk/internal/module/ModulePath jarPackages (Ljava/util/jar/JarFile;)Ljava/util/Set; 25 <appendix> member <vmtarget> ; # jdk/internal/module/ModulePath$$Lambda+0x0000000081004db0
instanceKlass  @bci jdk/internal/module/ModulePath jarPackages (Ljava/util/jar/JarFile;)Ljava/util/Set; 14 <appendix> argL0 ; # jdk/internal/module/ModulePath$$Lambda+0x0000000081004b68
instanceKlass  @bci jdk/internal/module/ModulePath jarPackages (Ljava/util/jar/JarFile;)Ljava/util/Set; 4 <appendix> argL0 ; # jdk/internal/module/ModulePath$$Lambda+0x0000000081004910
instanceKlass jdk/internal/module/ModuleInfo$ConstantPool$Entry
instanceKlass jdk/internal/module/ModuleInfo$ConstantPool
instanceKlass java/lang/invoke/VarHandle$AccessDescriptor
instanceKlass java/lang/invoke/VarForm
instanceKlass java/lang/invoke/VarHandleGuards
instanceKlass java/lang/invoke/VarHandles
instanceKlass jdk/internal/util/ByteArray
instanceKlass jdk/internal/module/ModuleInfo$CountingDataInput
instanceKlass jdk/internal/module/ModuleInfo
instanceKlass  @bci jdk/internal/module/ModulePath readJar (Ljava/nio/file/Path;)Ljava/lang/module/ModuleReference; 99 <appendix> member <vmtarget> ; # jdk/internal/module/ModulePath$$Lambda+0x0000000081003518
instanceKlass java/lang/invoke/TypeConvertingMethodAdapter
instanceKlass java/lang/invoke/InnerClassLambdaMetafactory$6
instanceKlass java/lang/invoke/InnerClassLambdaMetafactory$3
instanceKlass java/lang/classfile/Interfaces
instanceKlass java/util/ImmutableCollections$Access$1
instanceKlass jdk/internal/access/JavaUtilCollectionAccess
instanceKlass java/util/ImmutableCollections$Access
instanceKlass java/lang/invoke/InnerClassLambdaMetafactory$1
instanceKlass java/io/RandomAccessFile$1
instanceKlass jdk/internal/module/ModuleReferences$2
instanceKlass jdk/internal/module/ModuleReferences$1
instanceKlass java/net/URI$Parser
instanceKlass sun/nio/fs/WindowsUriSupport
instanceKlass jdk/internal/module/ModuleReferences
instanceKlass jdk/internal/module/ModuleInfo$Attributes
instanceKlass  @bci jdk/internal/module/ModulePath deriveModuleDescriptor (Ljava/util/jar/JarFile;)Ljava/lang/module/ModuleDescriptor; 373 <appendix> argL0 ; # jdk/internal/module/ModulePath$$Lambda+0x800000051
instanceKlass  @bci jdk/internal/module/ModulePath deriveModuleDescriptor (Ljava/util/jar/JarFile;)Ljava/lang/module/ModuleDescriptor; 363 <appendix> member <vmtarget> ; # jdk/internal/module/ModulePath$$Lambda+0x800000056
instanceKlass  @bci java/lang/module/ModuleDescriptor$Builder packages (Ljava/util/Set;)Ljava/lang/module/ModuleDescriptor$Builder; 17 <appendix> argL0 ; # java/lang/module/ModuleDescriptor$Builder$$Lambda+0x80000000e
instanceKlass  @bci jdk/internal/module/ModulePath deriveModuleDescriptor (Ljava/util/jar/JarFile;)Ljava/lang/module/ModuleDescriptor; 324 <appendix> argL0 ; # jdk/internal/module/ModulePath$$Lambda+0x800000052
instanceKlass  @bci jdk/internal/module/ModulePath deriveModuleDescriptor (Ljava/util/jar/JarFile;)Ljava/lang/module/ModuleDescriptor; 314 <appendix> member <vmtarget> ; # jdk/internal/module/ModulePath$$Lambda+0x800000054
instanceKlass java/util/HashMap$HashMapSpliterator
instanceKlass  @bci java/util/stream/Collectors partitioningBy (Ljava/util/function/Predicate;Ljava/util/stream/Collector;)Ljava/util/stream/Collector; 33 <appendix> member <vmtarget> ; # java/util/stream/Collectors$$Lambda+0x800000047
instanceKlass  @bci java/util/stream/Collectors partitioningBy (Ljava/util/function/Predicate;Ljava/util/stream/Collector;)Ljava/util/stream/Collector; 25 <appendix> member <vmtarget> ; # java/util/stream/Collectors$$Lambda+0x800000044
instanceKlass  @bci java/util/stream/Collectors partitioningBy (Ljava/util/function/Predicate;Ljava/util/stream/Collector;)Ljava/util/stream/Collector; 9 <appendix> member <vmtarget> ; # java/util/stream/Collectors$$Lambda+0x80000003f
instanceKlass  @bci jdk/internal/module/ModulePath deriveModuleDescriptor (Ljava/util/jar/JarFile;)Ljava/lang/module/ModuleDescriptor; 255 <appendix> argL0 ; # jdk/internal/module/ModulePath$$Lambda+0x800000059
instanceKlass  @bci jdk/internal/module/ModulePath deriveModuleDescriptor (Ljava/util/jar/JarFile;)Ljava/lang/module/ModuleDescriptor; 245 <appendix> argL0 ; # jdk/internal/module/ModulePath$$Lambda+0x800000058
instanceKlass  @bci jdk/internal/module/ModulePath deriveModuleDescriptor (Ljava/util/jar/JarFile;)Ljava/lang/module/ModuleDescriptor; 235 <appendix> argL0 ; # jdk/internal/module/ModulePath$$Lambda+0x800000053
instanceKlass  @bci jdk/internal/module/ModulePath deriveModuleDescriptor (Ljava/util/jar/JarFile;)Ljava/lang/module/ModuleDescriptor; 225 <appendix> argL0 ; # jdk/internal/module/ModulePath$$Lambda+0x800000057
instanceKlass  @bci java/util/zip/ZipFile jarStream ()Ljava/util/stream/Stream; 25 <appendix> member <vmtarget> ; # java/util/zip/ZipFile$$Lambda+0x80000004a
instanceKlass java/util/function/IntFunction
instanceKlass java/util/Spliterators$AbstractSpliterator
instanceKlass jdk/internal/module/Checks
instanceKlass java/lang/module/ModuleDescriptor$Builder
instanceKlass java/util/regex/ASCII
instanceKlass java/util/regex/IntHashSet
instanceKlass java/util/regex/Matcher
instanceKlass java/util/regex/MatchResult
instanceKlass  @bci java/util/regex/Pattern negate (Ljava/util/regex/Pattern$CharPredicate;)Ljava/util/regex/Pattern$CharPredicate; 1 <appendix> member <vmtarget> ; # java/util/regex/Pattern$$Lambda+0x80000002f
instanceKlass  @bci java/util/regex/Pattern union (Ljava/util/regex/Pattern$CharPredicate;Ljava/util/regex/Pattern$CharPredicate;Z)Ljava/util/regex/Pattern$CharPredicate; 6 <appendix> member <vmtarget> ; # java/util/regex/Pattern$$Lambda+0x800000030
instanceKlass  @bci java/util/regex/Pattern Range (II)Ljava/util/regex/Pattern$CharPredicate; 23 <appendix> member <vmtarget> ; # java/util/regex/Pattern$$Lambda+0x800000028
instanceKlass java/util/regex/Pattern$BitClass
instanceKlass java/util/ArrayList$Itr
instanceKlass java/util/regex/Pattern$TreeInfo
instanceKlass  @bci java/util/regex/CharPredicates ASCII_DIGIT ()Ljava/util/regex/Pattern$BmpCharPredicate; 0 <appendix> argL0 ; # java/util/regex/CharPredicates$$Lambda+0x800000024
instanceKlass java/util/regex/CharPredicates
instanceKlass  @bci java/util/regex/Pattern Single (I)Ljava/util/regex/Pattern$BmpCharPredicate; 1 <appendix> member <vmtarget> ; # java/util/regex/Pattern$$Lambda+0x800000027
instanceKlass java/util/regex/Pattern$BmpCharPredicate
instanceKlass java/util/regex/Pattern$CharPredicate
instanceKlass java/util/regex/Pattern$Node
instanceKlass java/util/regex/Pattern
instanceKlass jdk/internal/module/ModulePath$Patterns
instanceKlass java/util/SequencedMap
instanceKlass java/util/jar/Attributes
instanceKlass java/util/jar/JarVerifier
instanceKlass sun/security/util/Debug
instanceKlass sun/security/util/SignatureFileVerifier
instanceKlass java/util/zip/ZipFile$InflaterCleanupAction
instanceKlass java/util/zip/Inflater$InflaterZStreamRef
instanceKlass java/util/zip/Inflater
instanceKlass java/util/zip/ZipEntry
instanceKlass jdk/internal/perf/PerfCounter$CoreCounters
instanceKlass sun/util/locale/LocaleUtils
instanceKlass java/util/Locale
instanceKlass java/nio/file/attribute/FileTime
instanceKlass java/util/zip/ZipUtils
instanceKlass java/util/zip/ZipFile$Source$End
instanceKlass java/io/RandomAccessFile$2
instanceKlass jdk/internal/access/JavaIORandomAccessFileAccess
instanceKlass java/io/RandomAccessFile
instanceKlass java/io/DataInput
instanceKlass java/io/DataOutput
instanceKlass java/util/zip/ZipFile$Source$Key
instanceKlass java/util/zip/ZipFile$Source
instanceKlass java/util/zip/ZipFile$CleanableResource
instanceKlass java/util/zip/ZipCoder
instanceKlass sun/nio/fs/BasicFileAttributesHolder
instanceKlass sun/nio/fs/WindowsDirectoryStream$WindowsDirectoryIterator
instanceKlass sun/nio/fs/WindowsDirectoryStream
instanceKlass java/nio/file/DirectoryStream
instanceKlass java/nio/file/Files$AcceptAllFilter
instanceKlass java/nio/file/DirectoryStream$Filter
instanceKlass sun/nio/fs/WindowsPath$1
instanceKlass sun/nio/fs/WindowsNativeDispatcher$CompletionStatus
instanceKlass sun/nio/fs/WindowsNativeDispatcher$AclInformation
instanceKlass sun/nio/fs/WindowsNativeDispatcher$Account
instanceKlass sun/nio/fs/WindowsNativeDispatcher$DiskFreeSpace
instanceKlass sun/nio/fs/WindowsNativeDispatcher$VolumeInformation
instanceKlass sun/nio/fs/WindowsNativeDispatcher$FirstStream
instanceKlass sun/nio/fs/WindowsNativeDispatcher$FirstFile
instanceKlass java/util/Enumeration
instanceKlass java/util/concurrent/ConcurrentHashMap$Traverser
instanceKlass jdk/internal/loader/NativeLibraries$2
instanceKlass jdk/internal/loader/NativeLibrary
instanceKlass java/util/ArrayDeque$DeqIterator
instanceKlass jdk/internal/loader/NativeLibraries$NativeLibraryContext$1
instanceKlass jdk/internal/loader/NativeLibraries$NativeLibraryContext
instanceKlass jdk/internal/loader/NativeLibraries$1
instanceKlass jdk/internal/loader/NativeLibraries$LibraryPaths
instanceKlass sun/nio/fs/WindowsNativeDispatcher
instanceKlass sun/nio/fs/NativeBuffer$Deallocator
instanceKlass java/lang/ref/Cleaner$Cleanable
instanceKlass jdk/internal/ref/CleanerImpl$CleanableList$Node
instanceKlass jdk/internal/ref/CleanerImpl$CleanableList
instanceKlass jdk/internal/ref/CleanerImpl
instanceKlass java/lang/ref/Cleaner$1
instanceKlass java/lang/ref/Cleaner
instanceKlass jdk/internal/ref/CleanerFactory$1
instanceKlass java/util/concurrent/ThreadFactory
instanceKlass jdk/internal/ref/CleanerFactory
instanceKlass sun/nio/fs/NativeBuffer
instanceKlass java/lang/ThreadLocal$ThreadLocalMap
instanceKlass java/lang/ThreadLocal
instanceKlass sun/nio/fs/NativeBuffers
instanceKlass sun/nio/fs/WindowsFileAttributes
instanceKlass java/nio/file/attribute/DosFileAttributes
instanceKlass sun/nio/fs/AbstractBasicFileAttributeView
instanceKlass sun/nio/fs/DynamicFileAttributeView
instanceKlass sun/nio/fs/WindowsFileAttributeViews
instanceKlass sun/nio/fs/Util
instanceKlass java/nio/file/attribute/BasicFileAttributeView
instanceKlass java/nio/file/attribute/FileAttributeView
instanceKlass java/nio/file/attribute/AttributeView
instanceKlass java/nio/file/Files
instanceKlass java/nio/file/CopyOption
instanceKlass java/nio/file/attribute/BasicFileAttributes
instanceKlass java/util/Spliterators$EmptySpliterator
instanceKlass java/lang/module/ModuleFinder$1
instanceKlass java/lang/module/Resolver
instanceKlass java/util/Collections$2
instanceKlass  @bci jdk/internal/module/DefaultRoots exportsAPI (Ljava/lang/module/ModuleDescriptor;)Z 9 <appendix> argL0 ; # jdk/internal/module/DefaultRoots$$Lambda+0x80000004f
instanceKlass  @bci java/lang/module/ModuleFinder$2 find (Ljava/lang/String;)Ljava/util/Optional; 62 <appendix> member <vmtarget> ; # java/lang/module/ModuleFinder$2$$Lambda+0x800000010
instanceKlass  @bci java/util/stream/MatchOps makeRef (Ljava/util/function/Predicate;Ljava/util/stream/MatchOps$MatchKind;)Ljava/util/stream/TerminalOp; 20 <appendix> member <vmtarget> ; # java/util/stream/MatchOps$$Lambda+0x800000004
instanceKlass java/util/stream/MatchOps$BooleanTerminalSink
instanceKlass java/util/stream/MatchOps$MatchOp
instanceKlass java/util/stream/MatchOps
instanceKlass java/util/stream/Streams
instanceKlass java/util/stream/Stream$Builder
instanceKlass java/util/stream/Streams$AbstractStreamBuilderImpl
instanceKlass java/util/stream/ReferencePipeline$7$1FlatMap
instanceKlass java/util/stream/FindOps$FindOp
instanceKlass  @bci java/util/stream/FindOps$FindSink$OfRef <clinit> ()V 6 <appendix> argL0 ; # java/util/stream/FindOps$FindSink$OfRef$$Lambda+0x800000048
instanceKlass  @bci java/util/stream/FindOps$FindSink$OfRef <clinit> ()V 0 <appendix> argL0 ; # java/util/stream/FindOps$FindSink$OfRef$$Lambda+0x800000049
instanceKlass java/util/stream/FindOps$FindSink
instanceKlass java/util/stream/FindOps
instanceKlass  @bci java/lang/module/ModuleFinder$2 find (Ljava/lang/String;)Ljava/util/Optional; 43 <appendix> argL0 ; # java/lang/module/ModuleFinder$2$$Lambda+0x800000013
instanceKlass  @bci java/lang/module/ModuleFinder$2 find (Ljava/lang/String;)Ljava/util/Optional; 33 <appendix> member <vmtarget> ; # java/lang/module/ModuleFinder$2$$Lambda+0x800000014
instanceKlass java/util/AbstractList$RandomAccessSpliterator
instanceKlass java/util/stream/Sink$ChainedReference
instanceKlass java/util/stream/ReduceOps$AccumulatingSink
instanceKlass java/util/stream/TerminalSink
instanceKlass java/util/stream/Sink
instanceKlass java/util/stream/ReduceOps$Box
instanceKlass java/util/stream/ReduceOps$ReduceOp
instanceKlass java/util/stream/TerminalOp
instanceKlass java/util/stream/ReduceOps
instanceKlass  @bci java/util/stream/Collectors castingIdentity ()Ljava/util/function/Function; 0 <appendix> argL0 ; # java/util/stream/Collectors$$Lambda+0x800000042
instanceKlass  @bci java/util/stream/Collectors toSet ()Ljava/util/stream/Collector; 14 <appendix> argL0 ; # java/util/stream/Collectors$$Lambda+0x800000040
instanceKlass java/util/function/BinaryOperator
instanceKlass  @bci java/util/stream/Collectors toSet ()Ljava/util/stream/Collector; 9 <appendix> argL0 ; # java/util/stream/Collectors$$Lambda+0x800000038
instanceKlass java/util/function/BiConsumer
instanceKlass  @bci java/util/stream/Collectors toSet ()Ljava/util/stream/Collector; 4 <appendix> argL0 ; # java/util/stream/Collectors$$Lambda+0x800000045
instanceKlass java/util/stream/Collector
instanceKlass java/util/Collections$UnmodifiableCollection
instanceKlass java/util/stream/Collectors
instanceKlass  @bci jdk/internal/module/DefaultRoots compute (Ljava/lang/module/ModuleFinder;Ljava/lang/module/ModuleFinder;)Ljava/util/Set; 42 <appendix> argL0 ; # jdk/internal/module/DefaultRoots$$Lambda+0x80000004c
instanceKlass  @bci jdk/internal/module/DefaultRoots compute (Ljava/lang/module/ModuleFinder;Ljava/lang/module/ModuleFinder;)Ljava/util/Set; 32 <appendix> member <vmtarget> ; # jdk/internal/module/DefaultRoots$$Lambda+0x800000050
instanceKlass  @bci jdk/internal/module/DefaultRoots compute (Ljava/lang/module/ModuleFinder;Ljava/lang/module/ModuleFinder;)Ljava/util/Set; 21 <appendix> argL0 ; # jdk/internal/module/DefaultRoots$$Lambda+0x80000004d
instanceKlass  @bci jdk/internal/module/DefaultRoots compute (Ljava/lang/module/ModuleFinder;Ljava/lang/module/ModuleFinder;)Ljava/util/Set; 11 <appendix> argL0 ; # jdk/internal/module/DefaultRoots$$Lambda+0x80000004e
instanceKlass java/lang/invoke/LambdaProxyClassArchive
instanceKlass java/lang/invoke/InfoFromMemberName
instanceKlass java/lang/invoke/MethodHandleInfo
instanceKlass java/lang/invoke/AbstractValidatingLambdaMetafactory
instanceKlass java/lang/invoke/BootstrapMethodInvoker
instanceKlass java/util/function/Predicate
instanceKlass java/lang/invoke/LambdaMetafactory
# instanceKlass java/lang/invoke/LambdaForm$MH+0x0000000081040000
instanceKlass jdk/internal/util/ModifiedUtf
instanceKlass java/lang/StringCoding
instanceKlass jdk/internal/classfile/impl/ClassReaderImpl
instanceKlass java/lang/classfile/ClassReader
instanceKlass jdk/internal/classfile/impl/ClassHierarchyImpl$CachedClassHierarchyResolver$1
instanceKlass java/lang/classfile/ClassHierarchyResolver$ClassHierarchyInfo
instanceKlass jdk/internal/classfile/impl/ClassHierarchyImpl$CachedClassHierarchyResolver
instanceKlass jdk/internal/classfile/impl/ClassHierarchyImpl$ClassLoadingClassHierarchyResolver$1
instanceKlass jdk/internal/classfile/impl/ClassHierarchyImpl$ClassLoadingClassHierarchyResolver
instanceKlass java/lang/classfile/ClassHierarchyResolver
instanceKlass jdk/internal/classfile/impl/ClassHierarchyImpl
instanceKlass jdk/internal/classfile/impl/RawBytecodeHelper$1
instanceKlass jdk/internal/classfile/impl/RawBytecodeHelper
instanceKlass jdk/internal/classfile/impl/StackMapGenerator$Frame
instanceKlass jdk/internal/classfile/impl/StackMapGenerator
instanceKlass jdk/internal/classfile/impl/AnnotationReader
instanceKlass java/lang/classfile/CustomAttribute
instanceKlass jdk/internal/classfile/impl/TerminalFieldBuilder
instanceKlass java/lang/classfile/FieldBuilder
instanceKlass java/lang/invoke/InvokerBytecodeGenerator$2
instanceKlass jdk/internal/classfile/impl/BytecodeHelpers
instanceKlass java/lang/classfile/constantpool/MethodRefEntry
instanceKlass sun/invoke/empty/Empty
instanceKlass sun/invoke/util/VerifyType
instanceKlass jdk/internal/classfile/impl/DirectCodeBuilder$8
instanceKlass java/lang/classfile/instruction/LabelTarget
instanceKlass java/lang/classfile/Label
instanceKlass jdk/internal/classfile/impl/BufWriterImpl
instanceKlass java/lang/classfile/BufWriter
instanceKlass java/lang/classfile/instruction/LocalVariableType
instanceKlass java/lang/classfile/instruction/LocalVariable
instanceKlass java/lang/classfile/instruction/CharacterRange
instanceKlass java/lang/classfile/PseudoInstruction
instanceKlass java/lang/classfile/CodeElement
instanceKlass jdk/internal/classfile/impl/TerminalCodeBuilder
instanceKlass jdk/internal/classfile/impl/LabelContext
instanceKlass java/lang/classfile/CodeBuilder
instanceKlass java/lang/invoke/InvokerBytecodeGenerator$4$1
instanceKlass java/lang/classfile/constantpool/FieldRefEntry
instanceKlass java/lang/classfile/constantpool/MemberRefEntry
instanceKlass java/lang/classfile/constantpool/NameAndTypeEntry
instanceKlass jdk/internal/classfile/impl/TerminalMethodBuilder
instanceKlass jdk/internal/classfile/impl/MethodInfo
instanceKlass java/lang/classfile/MethodBuilder
instanceKlass java/lang/invoke/InvokerBytecodeGenerator$4
instanceKlass java/lang/classfile/attribute/SourceFileAttribute
instanceKlass java/lang/classfile/Superclass
instanceKlass jdk/internal/classfile/impl/AttributeHolder
instanceKlass java/lang/classfile/ClassBuilder
instanceKlass java/lang/classfile/ClassFileBuilder
instanceKlass jdk/internal/classfile/impl/AbstractDirectBuilder
instanceKlass java/lang/invoke/InvokerBytecodeGenerator$1
instanceKlass jdk/internal/classfile/impl/ClassFileImpl
instanceKlass java/lang/classfile/ClassFile
instanceKlass java/lang/invoke/InvokerBytecodeGenerator$3
instanceKlass java/util/function/Consumer
instanceKlass java/lang/classfile/constantpool/ClassEntry
instanceKlass java/lang/classfile/constantpool/LoadableConstantEntry
instanceKlass jdk/internal/classfile/impl/Util
instanceKlass jdk/internal/classfile/impl/EntryMap
instanceKlass jdk/internal/classfile/impl/BootstrapMethodEntryImpl
instanceKlass java/lang/classfile/BootstrapMethodEntry
instanceKlass jdk/internal/classfile/impl/SplitConstantPool
instanceKlass java/lang/invoke/LambdaFormBuffer
instanceKlass java/lang/invoke/LambdaFormEditor$TransformKey
instanceKlass java/lang/invoke/LambdaFormEditor
instanceKlass java/lang/invoke/Invokers$Holder
instanceKlass java/lang/invoke/DelegatingMethodHandle$Holder
instanceKlass java/lang/invoke/DirectMethodHandle$2
instanceKlass java/lang/invoke/ClassSpecializer$Factory
instanceKlass java/lang/invoke/ClassSpecializer$SpeciesData
instanceKlass java/lang/invoke/ClassSpecializer$1
instanceKlass jdk/internal/vm/annotation/Stable
instanceKlass java/lang/invoke/ClassSpecializer
instanceKlass java/lang/invoke/InvokerBytecodeGenerator$8
instanceKlass jdk/internal/classfile/impl/AbstractAttributeMapper
instanceKlass java/lang/classfile/AttributeMapper
instanceKlass java/lang/classfile/Attributes
instanceKlass jdk/internal/classfile/impl/Util$Writable
instanceKlass jdk/internal/classfile/impl/AbstractElement
instanceKlass java/lang/classfile/attribute/RuntimeVisibleAnnotationsAttribute
instanceKlass java/lang/classfile/FieldElement
instanceKlass java/lang/classfile/MethodElement
instanceKlass java/lang/classfile/ClassElement
instanceKlass java/lang/classfile/Attribute
instanceKlass java/lang/classfile/ClassFileElement
instanceKlass java/lang/classfile/constantpool/Utf8Entry
instanceKlass java/lang/classfile/constantpool/AnnotationConstantValueEntry
instanceKlass java/lang/classfile/constantpool/PoolEntry
instanceKlass jdk/internal/classfile/impl/AbstractPoolEntry
instanceKlass jdk/internal/classfile/impl/TemporaryConstantPool
instanceKlass java/lang/classfile/constantpool/ConstantPoolBuilder
instanceKlass java/lang/classfile/constantpool/ConstantPool
instanceKlass java/lang/classfile/Annotation
instanceKlass java/lang/classfile/AnnotationElement
instanceKlass java/lang/invoke/InvokerBytecodeGenerator
instanceKlass java/lang/invoke/LambdaForm$Holder
instanceKlass java/lang/invoke/LambdaForm$Name
instanceKlass java/lang/reflect/Array
instanceKlass java/lang/invoke/Invokers
instanceKlass sun/invoke/util/ValueConversions
instanceKlass java/lang/invoke/DirectMethodHandle$Holder
instanceKlass java/lang/constant/DynamicConstantDesc
instanceKlass jdk/internal/constant/DirectMethodHandleDescImpl$1
instanceKlass jdk/internal/constant/DirectMethodHandleDescImpl
instanceKlass java/lang/constant/DirectMethodHandleDesc
instanceKlass java/lang/constant/MethodHandleDesc$1
instanceKlass java/lang/constant/MethodHandleDesc
instanceKlass jdk/internal/constant/MethodTypeDescImpl
instanceKlass java/lang/constant/MethodTypeDesc
instanceKlass jdk/internal/constant/ConstantUtils
instanceKlass jdk/internal/constant/ArrayClassDescImpl
instanceKlass jdk/internal/constant/ClassOrInterfaceDescImpl
instanceKlass java/lang/constant/ClassDesc
instanceKlass java/lang/constant/ConstantDescs
instanceKlass sun/invoke/util/Wrapper$Format
instanceKlass java/lang/invoke/MethodHandleImpl$1
instanceKlass jdk/internal/access/JavaLangInvokeAccess
instanceKlass java/lang/invoke/LambdaForm$NamedFunction
instanceKlass jdk/internal/reflect/MethodHandleAccessorFactory$LazyStaticHolder
instanceKlass java/lang/invoke/MethodTypeForm
instanceKlass jdk/internal/util/StrongReferenceKey
instanceKlass jdk/internal/util/ReferenceKey
instanceKlass jdk/internal/util/ReferencedKeyMap
instanceKlass java/lang/invoke/MethodType$1
instanceKlass sun/reflect/annotation/AnnotationParser
instanceKlass java/lang/PublicMethods$Key
instanceKlass java/lang/PublicMethods$MethodList
instanceKlass java/util/EnumMap$1
instanceKlass java/util/stream/StreamOpFlag$MaskBuilder
instanceKlass java/util/stream/Stream
instanceKlass java/util/stream/BaseStream
instanceKlass java/util/stream/PipelineHelper
instanceKlass java/util/stream/StreamSupport
instanceKlass java/util/Spliterators$IteratorSpliterator
instanceKlass java/util/Spliterator
instanceKlass java/util/Spliterators
instanceKlass jdk/internal/module/DefaultRoots
instanceKlass java/lang/module/ModuleFinder$2
instanceKlass jdk/internal/loader/BuiltinClassLoader$LoadedModule
instanceKlass java/lang/Module$EnableNativeAccess
instanceKlass jdk/internal/loader/BootLoader
instanceKlass jdk/internal/module/ModuleResolution
instanceKlass jdk/internal/module/ModuleHashes$Builder
instanceKlass java/util/ImmutableCollections$Set12$1
instanceKlass java/util/ImmutableCollections$ListItr
instanceKlass java/util/ListIterator
instanceKlass java/util/ImmutableCollections$SetN$SetNIterator
instanceKlass jdk/internal/module/Builder
instanceKlass jdk/internal/module/SystemModules$all
instanceKlass jdk/internal/module/SystemModules
instanceKlass jdk/internal/module/SystemModulesMap
instanceKlass jdk/internal/module/SystemModuleFinders
instanceKlass jdk/internal/loader/AbstractClassLoaderValue
instanceKlass jdk/internal/module/ServicesCatalog
instanceKlass java/util/Deque
instanceKlass java/util/Queue
instanceKlass sun/net/util/IPAddressUtil$MASKS
instanceKlass sun/net/util/IPAddressUtil
instanceKlass java/net/URLStreamHandler
instanceKlass sun/net/www/ParseUtil
instanceKlass java/net/URL$1
instanceKlass jdk/internal/access/JavaNetURLAccess
instanceKlass java/net/URL$DefaultFactory
instanceKlass java/net/URLStreamHandlerFactory
instanceKlass jdk/internal/loader/URLClassPath
instanceKlass java/util/concurrent/ConcurrentHashMap$CollectionView
instanceKlass jdk/internal/loader/ClassLoaderHelper
instanceKlass jdk/internal/loader/NativeLibraries
instanceKlass java/security/Principal
instanceKlass java/lang/ClassLoader$ParallelLoaders
instanceKlass java/security/cert/Certificate
instanceKlass jdk/internal/loader/ArchivedClassLoaders
instanceKlass java/net/URI$1
instanceKlass jdk/internal/access/JavaNetUriAccess
instanceKlass java/util/Optional
instanceKlass java/lang/Runtime$Version
instanceKlass java/util/jar/JavaUtilJarAccessImpl
instanceKlass jdk/internal/access/JavaUtilJarAccess
instanceKlass java/util/zip/ZipFile$1
instanceKlass jdk/internal/access/JavaUtilZipFileAccess
instanceKlass java/util/BitSet
instanceKlass java/util/zip/ZipFile
instanceKlass java/util/zip/ZipConstants
instanceKlass java/nio/Bits$1
instanceKlass jdk/internal/misc/VM$BufferPool
instanceKlass java/nio/Bits
instanceKlass sun/nio/ch/DirectBuffer
instanceKlass jdk/internal/perf/Perf
instanceKlass jdk/internal/perf/PerfCounter
instanceKlass jdk/internal/module/ModulePath
instanceKlass sun/nio/fs/WindowsPath
instanceKlass java/lang/StringUTF16
instanceKlass sun/nio/fs/WindowsPathParser
instanceKlass java/nio/file/FileSystem
instanceKlass java/nio/file/OpenOption
instanceKlass java/nio/file/spi/FileSystemProvider
instanceKlass sun/nio/fs/DefaultFileSystemProvider
instanceKlass java/nio/file/FileSystems
instanceKlass java/nio/file/Path
instanceKlass java/nio/file/Watchable
instanceKlass jdk/internal/module/ArchivedBootLayer
instanceKlass jdk/internal/module/ModuleBootstrap$Counters
instanceKlass jdk/internal/module/ModuleLoaderMap$Modules
instanceKlass jdk/internal/module/ModuleLoaderMap
instanceKlass jdk/internal/module/ModulePatcher
instanceKlass jdk/internal/util/DecimalDigits
instanceKlass java/io/FileSystem
instanceKlass java/io/DefaultFileSystem
instanceKlass java/io/File
instanceKlass java/lang/module/ModuleDescriptor$1
instanceKlass jdk/internal/access/JavaLangModuleAccess
instanceKlass sun/invoke/util/VerifyAccess
instanceKlass java/util/KeyValueHolder
instanceKlass java/util/ImmutableCollections$MapN$MapNIterator
instanceKlass java/lang/invoke/MethodHandles$Lookup
instanceKlass java/lang/invoke/MemberName$Factory
instanceKlass java/lang/invoke/MethodHandles
instanceKlass jdk/internal/module/ModuleBootstrap
instanceKlass java/util/HexFormat
instanceKlass jdk/internal/util/ClassFileDumper
instanceKlass java/lang/CharacterData
instanceKlass java/lang/invoke/MethodHandleStatics
instanceKlass java/util/Collections
instanceKlass java/lang/Thread$ThreadIdentifiers
instanceKlass sun/io/Win32ErrorMode
instanceKlass jdk/internal/misc/OSEnvironment
instanceKlass jdk/internal/misc/Signal$NativeHandler
instanceKlass java/util/Hashtable$Entry
instanceKlass jdk/internal/misc/Signal
instanceKlass java/lang/Terminator$1
instanceKlass jdk/internal/misc/Signal$Handler
instanceKlass java/lang/Terminator
instanceKlass java/nio/ByteOrder
instanceKlass java/nio/Buffer$2
instanceKlass jdk/internal/access/JavaNioAccess
instanceKlass java/nio/Buffer$1
instanceKlass jdk/internal/misc/ScopedMemoryAccess
instanceKlass java/nio/charset/CodingErrorAction
instanceKlass java/nio/charset/CharsetEncoder
instanceKlass java/io/Writer
instanceKlass java/io/OutputStream
instanceKlass java/io/Flushable
instanceKlass java/io/FileDescriptor$1
instanceKlass jdk/internal/access/JavaIOFileDescriptorAccess
instanceKlass java/io/FileDescriptor
instanceKlass jdk/internal/util/StaticProperty
instanceKlass jdk/internal/reflect/MethodHandleAccessorFactory
instanceKlass jdk/internal/reflect/Reflection
instanceKlass java/lang/reflect/Modifier
instanceKlass java/lang/Class$Atomic
instanceKlass java/lang/Class$ReflectionData
instanceKlass java/nio/charset/StandardCharsets
instanceKlass sun/nio/cs/HistoricallyNamedCharset
instanceKlass java/util/Arrays
instanceKlass jdk/internal/util/Preconditions$3
instanceKlass jdk/internal/util/Preconditions$2
instanceKlass jdk/internal/util/Preconditions$4
instanceKlass java/util/function/BiFunction
instanceKlass jdk/internal/util/Preconditions$1
instanceKlass jdk/internal/util/Preconditions
instanceKlass java/nio/charset/spi/CharsetProvider
instanceKlass java/nio/charset/Charset
instanceKlass java/util/HashMap$HashIterator
instanceKlass java/util/concurrent/locks/LockSupport
instanceKlass java/util/concurrent/ConcurrentHashMap$Node
instanceKlass java/util/concurrent/ConcurrentHashMap$CounterCell
instanceKlass java/util/concurrent/locks/ReentrantLock
instanceKlass java/util/concurrent/locks/Lock
instanceKlass java/lang/Runtime
instanceKlass java/lang/VersionProps
instanceKlass java/lang/StringConcatHelper
instanceKlass jdk/internal/util/ArraysSupport
instanceKlass java/lang/StringLatin1
instanceKlass java/lang/StrictMath
instanceKlass jdk/internal/util/SystemProps$Raw
instanceKlass jdk/internal/util/SystemProps
instanceKlass java/lang/System$1
instanceKlass jdk/internal/access/JavaLangAccess
instanceKlass java/lang/ref/ReferenceQueue$Lock
instanceKlass java/lang/ref/ReferenceQueue
instanceKlass java/lang/ref/Reference$1
instanceKlass jdk/internal/access/JavaLangRefAccess
instanceKlass java/lang/Math
instanceKlass java/io/ObjectStreamClass
instanceKlass jdk/internal/reflect/ReflectionFactory
instanceKlass jdk/internal/access/SharedSecrets
instanceKlass java/lang/reflect/ReflectAccess
instanceKlass jdk/internal/access/JavaLangReflectAccess
instanceKlass java/util/Objects
instanceKlass jdk/internal/misc/CDS
instanceKlass java/lang/Module$ArchivedData
instanceKlass jdk/internal/misc/VM
instanceKlass java/lang/String$CaseInsensitiveComparator
instanceKlass java/util/Comparator
instanceKlass java/io/ObjectStreamField
instanceKlass jdk/internal/math/FDBigInteger
instanceKlass java/lang/ModuleLayer
instanceKlass java/util/ImmutableCollections
instanceKlass jdk/internal/module/ModuleLoaderMap$Mapper
instanceKlass java/util/function/Function
instanceKlass java/lang/module/ResolvedModule
instanceKlass java/lang/module/Configuration
instanceKlass java/util/HashMap$Node
instanceKlass java/util/Map$Entry
instanceKlass java/util/Collections$UnmodifiableMap
instanceKlass jdk/internal/module/ModuleHashes
instanceKlass jdk/internal/module/ModuleTarget
instanceKlass java/lang/module/ModuleDescriptor$Opens
instanceKlass jdk/internal/module/SystemModuleFinders$2
instanceKlass jdk/internal/module/ModuleHashes$HashSupplier
instanceKlass jdk/internal/module/SystemModuleFinders$1
instanceKlass java/util/function/Supplier
instanceKlass java/net/URI
instanceKlass java/lang/module/ModuleDescriptor$Provides
instanceKlass java/lang/module/ModuleDescriptor$Exports
instanceKlass java/lang/module/ModuleDescriptor$Requires
instanceKlass java/lang/module/ModuleDescriptor$Version
instanceKlass java/lang/module/ModuleDescriptor
instanceKlass java/lang/module/ModuleReference
instanceKlass java/util/Set
instanceKlass jdk/internal/module/SystemModuleFinders$SystemModuleFinder
instanceKlass java/lang/module/ModuleFinder
instanceKlass jdk/internal/module/ArchivedModuleGraph
instanceKlass sun/util/locale/BaseLocale
instanceKlass java/util/jar/Attributes$Name
instanceKlass java/lang/Character$CharacterCache
instanceKlass java/lang/Short$ShortCache
instanceKlass java/lang/Byte$ByteCache
instanceKlass java/lang/Long$LongCache
instanceKlass java/lang/Integer$IntegerCache
instanceKlass jdk/internal/vm/FillerObject
instanceKlass jdk/internal/vm/vector/VectorSupport$VectorPayload
instanceKlass jdk/internal/vm/vector/VectorSupport
instanceKlass java/lang/reflect/RecordComponent
instanceKlass java/util/Iterator
instanceKlass java/lang/Void
instanceKlass java/lang/Number
instanceKlass java/lang/Character
instanceKlass java/lang/Boolean
instanceKlass java/util/concurrent/locks/AbstractOwnableSynchronizer
instanceKlass java/lang/LiveStackFrame
instanceKlass java/lang/ClassFrameInfo
instanceKlass java/lang/StackWalker$StackFrame
instanceKlass java/lang/StackStreamFactory$AbstractStackWalker
instanceKlass java/lang/StackWalker
instanceKlass java/nio/Buffer
instanceKlass java/lang/StackTraceElement
instanceKlass java/util/RandomAccess
instanceKlass java/util/List
instanceKlass java/util/SequencedCollection
instanceKlass java/util/AbstractCollection
instanceKlass java/util/Collection
instanceKlass java/lang/Iterable
instanceKlass java/util/concurrent/ConcurrentMap
instanceKlass java/util/AbstractMap
instanceKlass java/security/CodeSource
instanceKlass jdk/internal/loader/ClassLoaders
instanceKlass java/util/jar/Manifest
instanceKlass java/lang/Enum
instanceKlass java/net/URL
instanceKlass java/io/InputStream
instanceKlass java/io/Closeable
instanceKlass java/lang/AutoCloseable
instanceKlass jdk/internal/module/Modules
instanceKlass jdk/internal/misc/Unsafe
instanceKlass jdk/internal/misc/UnsafeConstants
instanceKlass java/lang/AbstractStringBuilder
instanceKlass java/lang/Appendable
instanceKlass java/lang/AssertionStatusDirectives
instanceKlass jdk/internal/foreign/abi/ABIDescriptor
instanceKlass jdk/internal/foreign/abi/NativeEntryPoint
instanceKlass java/lang/invoke/CallSite
instanceKlass java/lang/invoke/MethodType
instanceKlass java/lang/invoke/TypeDescriptor$OfMethod
instanceKlass java/lang/invoke/LambdaForm
instanceKlass java/lang/invoke/MethodHandleNatives
instanceKlass java/lang/invoke/MethodHandleImpl
instanceKlass java/lang/invoke/ResolvedMethodName
instanceKlass java/lang/invoke/MemberName
instanceKlass java/lang/invoke/VarHandle
instanceKlass java/lang/invoke/MethodHandle
instanceKlass jdk/internal/reflect/ConstructorAccessorImpl
instanceKlass jdk/internal/reflect/ConstructorAccessor
instanceKlass jdk/internal/reflect/CallerSensitive
instanceKlass java/lang/annotation/Annotation
instanceKlass jdk/internal/reflect/ConstantPool
instanceKlass jdk/internal/reflect/MethodAccessorImpl
instanceKlass jdk/internal/reflect/MethodAccessor
instanceKlass jdk/internal/vm/StackChunk
instanceKlass jdk/internal/vm/Continuation
instanceKlass jdk/internal/vm/ContinuationScope
instanceKlass java/lang/reflect/Parameter
instanceKlass java/lang/reflect/Member
instanceKlass java/lang/reflect/AccessibleObject
instanceKlass java/lang/Module
instanceKlass java/util/Map
instanceKlass java/util/Dictionary
instanceKlass java/lang/ThreadGroup
instanceKlass java/lang/Thread$UncaughtExceptionHandler
instanceKlass java/lang/Thread$Constants
instanceKlass java/lang/Thread$FieldHolder
instanceKlass java/lang/Thread
instanceKlass java/lang/Runnable
instanceKlass java/lang/ref/Reference
instanceKlass java/lang/Record
instanceKlass java/security/ProtectionDomain
instanceKlass java/lang/Throwable
instanceKlass java/lang/System
instanceKlass java/lang/ClassLoader
instanceKlass java/lang/Cloneable
instanceKlass java/lang/Class
instanceKlass java/lang/invoke/TypeDescriptor$OfField
instanceKlass java/lang/invoke/TypeDescriptor
instanceKlass java/lang/reflect/Type
instanceKlass java/lang/reflect/GenericDeclaration
instanceKlass java/lang/reflect/AnnotatedElement
instanceKlass java/lang/String
instanceKlass java/lang/constant/ConstantDesc
instanceKlass java/lang/constant/Constable
instanceKlass java/lang/CharSequence
instanceKlass java/lang/Comparable
instanceKlass java/io/Serializable
ciInstanceKlass java/lang/Object 1 1 115 100 1 10 12 1 1 10 7 12 1 1 1 10 100 12 1 1 1 10 12 1 1 8 1 10 12 1 1 10 100 12 1 1 1 10 12 1 10 12 1 1 100 1 8 1 10 12 1 10 7 12 1 1 1 7 1 10 12 1 7 1 10 12 1 1 8 1 3 8 1 100 1 5 0 1 1 1 1 1 1 1 1 1 1 1 1 1 1 1 1 7 1 1 1 1 1 1 1 1 1 1 1 1 1 7 1 1 1 1 1 1 3 1 1
ciMethod java/lang/Object equals (Ljava/lang/Object;)Z 512 0 38050 0 -1
ciMethod java/lang/Object hashCode ()I 256 0 128 0 -1
ciInstanceKlass java/io/Serializable 1 0 7 100 1 100 1 1 1
ciInstanceKlass java/lang/System 1 1 591 10 100 12 1 1 1 10 7 12 1 1 1 10 12 1 1 10 12 1 9 12 1 1 10 7 12 1 1 1 11 100 12 1 1 1 10 100 12 1 1 1 10 12 1 1 100 1 8 1 10 12 1 9 12 1 1 9 12 1 1 10 7 12 1 1 1 10 7 12 1 1 1 10 12 1 1 10 12 1 10 7 12 1 1 1 10 12 1 10 12 1 1 7 1 10 12 1 1 100 1 8 1 10 10 12 1 1 100 1 8 1 10 10 7 12 1 1 10 12 10 7 12 1 1 10 7 12 1 1 1 100 1 8 1 10 10 7 12 1 1 1 10 7 12 1 1 1 100 1 10 100 12 1 1 1 10 12 1 1 10 7 12 1 1 1 10 12 1 1 10 12 1 10 12 1 8 1 10 12 1 1 10 12 1 1 8 1 10 12 1 7 1 7 1 10 12 1 9 7 12 1 1 1 10 7 12 1 1 1 10 12 1 10 12 1 10 7 12 1 1 1 100 1 8 1 10 9 12 1 1 9 12 1 10 12 1 10 100 12 1 1 10 12 1 10 12 1 1 100 1 10 8 1 10 12 1 1 10 12 1 10 12 1 1 10 12 1 1 8 1 11 7 12 1 1 10 12 11 12 1 1 11 7 12 1 1 1 11 7 12 1 1 11 12 1 1 7 1 11 12 1 10 12 1 8 1 10 12 1 1 8 1 8 1 8 1 8 1 11 12 1 10 12 1 1 10 12 1 10 12 1 8 1 10 12 1 1 8 1 9 12 1 8 1 10 7 12 1 1 8 1 7 1 9 7 12 1 1 1 10 12 1 7 1 9 12 10 9 12 7 1 10 12 9 12 1 1 8 1 10 12 1 1 8 1 9 12 1 10 7 12 1 1 10 12 1 10 12 1 1 11 7 12 1 1 10 12 10 7 12 1 1 1 9 12 1 1 100 1 100 1 8 1 10 12 1 1 10 12 1 8 1 8 1 10 8 1 8 1 8 1 8 1 8 1 10 8 1 10 7 12 1 1 1 10 7 12 1 1 1 10 12 1 1 7 1 10 10 12 1 10 12 1 9 12 1 1 1 1 1 1 1 1 1 1 1 1 100 1 1 7 1 1 1 1 1 1 1 1 1 1 3 1 1 1 1 1 1 1 1 1 1 1 1 1 1 1 1 1 1 1 1 1 1 1 1 1 1 1 1 1 1 1 1 1 1 1 1 1 1 1 1 1 1 1 1 1 1 1 1 1 1 1 100 1 1 1 1 1 1 1 1 1 1 1 1 1 1 1 1 1 1 1 1 1 1 1 1 1 100 1 100 1 1 1 1 1 1 1 1
staticfield java/lang/System in Ljava/io/InputStream; java/io/BufferedInputStream
staticfield java/lang/System out Ljava/io/PrintStream; java/io/PrintStream
staticfield java/lang/System err Ljava/io/PrintStream; java/io/PrintStream
instanceKlass java/security/Provider
instanceKlass java/security/Security$1
ciInstanceKlass java/util/Properties 1 1 690 10 7 12 1 1 1 100 1 10 7 12 1 1 7 1 10 12 1 9 12 1 1 9 12 1 1 9 12 1 1 10 7 12 1 1 1 10 12 1 1 8 1 10 7 12 1 1 1 7 1 10 12 1 10 12 1 1 8 1 10 12 1 7 1 10 12 10 12 1 1 9 12 1 1 10 12 1 1 7 1 10 12 1 10 12 1 10 12 1 1 100 1 8 1 10 12 1 10 12 1 10 12 1 1 10 12 1 100 1 3 10 10 7 12 1 1 1 10 12 1 10 12 1 1 8 1 10 12 1 10 12 1 1 8 1 10 7 12 1 1 10 12 1 1 10 12 1 10 12 1 1 100 1 10 12 1 10 12 1 1 7 1 9 7 12 1 1 1 10 12 1 10 12 1 1 10 12 1 1 10 12 1 1 7 1 9 12 1 1 7 1 7 1 10 12 1 7 1 11 7 12 1 1 1 11 12 1 1 11 7 12 1 1 1 11 7 12 1 1 1 11 12 1 1 11 12 1 11 12 1 10 12 1 1 8 1 10 12 1 10 7 12 1 1 10 12 1 7 1 10 10 12 1 10 12 1 100 1 10 10 12 1 1 10 100 12 1 1 9 100 12 1 1 10 12 1 1 10 100 12 1 1 1 100 1 100 1 100 1 10 8 1 8 1 10 12 1 10 12 1 10 12 1 1 10 10 12 1 1 10 12 1 1 7 1 10 10 12 1 11 7 12 1 1 10 7 12 1 1 1 8 1 10 100 12 1 1 11 11 7 1 8 1 10 100 1 11 10 12 1 10 10 12 1 10 12 1 1 10 12 1 1 10 12 1 1 10 12 1 10 12 1 10 10 12 1 10 12 1 10 12 1 10 10 12 1 1 10 12 1 1 10 10 12 1 10 12 1 10 12 1 10 12 1 10 12 1 1 10 12 1 1 10 12 1 10 12 1 10 12 1 1 10 12 10 12 1 1 10 12 1 1 10 12 1 10 12 1 1 10 12 1 1 10 12 10 11 12 1 4 11 10 12 1 1 10 100 12 1 1 11 12 1 10 12 1 1 10 100 12 1 1 10 12 1 100 1 8 1 10 12 1 10 10 100 12 1 1 1 100 1 6 0 10 12 1 1 11 100 12 1 1 1 10 12 1 10 12 1 1 1 1 1 5 0 1 1 1 1 1 1 1 1 1 1 1 1 1 1 1 1 1 1 1 1 1 1 1 1 1 1 1 1 1 1 1 1 1 1 1 1 1 1 1 100 1 1 1 1 1 1 1 1 1 1 1 1 1 1 1 1 1 1 1 1 100 1 1 1 1 1 1 1 1 1 1 1 1 100 1 100 1 1 1 1 1 100 1 1 1 1 1 1 1 1 1 1 1 1 1 1 1 1 1 1 1 1 1 1 1 1 1 1 1 1 1 1 1 1 1 1 1 1 1 1 1 1 1 1 1 1 1 1 1 1 1 1 1 1 1 1 1 1 1 1 1 1 1 1 1 1 1 1 1 1 1 1 1 1 1 1 1 1 1 100 1 1 1 1 1 1 1 1 1 1 1 100 1 1
staticfield java/util/Properties UNSAFE Ljdk/internal/misc/Unsafe; jdk/internal/misc/Unsafe
instanceKlass java/util/Hashtable
ciInstanceKlass java/util/Dictionary 1 1 36 10 7 12 1 1 1 100 1 1 1 1 1 1 1 1 1 1 1 1 1 1 1 1 1 1 1 1 1 1 1 1 1 1 1 1
instanceKlass java/util/Properties
ciInstanceKlass java/util/Hashtable 1 1 516 100 1 10 7 12 1 1 1 9 7 12 1 1 1 100 1 100 1 10 8 1 10 12 1 1 10 12 1 10 12 1 1 10 12 1 10 7 12 1 1 1 8 1 10 12 1 9 12 1 1 7 1 9 12 1 1 4 10 7 12 1 1 1 9 12 1 4 10 12 1 11 100 12 1 1 1 10 12 1 1 10 12 1 1 9 12 1 10 12 1 1 100 1 10 9 12 1 1 10 7 12 1 1 1 9 12 1 1 10 12 1 10 12 1 3 9 12 1 9 12 1 3 10 12 1 10 12 1 10 12 1 1 11 12 1 1 11 100 12 1 1 1 11 100 12 1 1 1 11 12 1 100 1 11 12 1 11 12 1 10 12 1 1 10 12 1 1 10 12 1 9 12 1 1 9 12 9 12 1 1 10 100 1 100 1 10 12 1 10 8 1 10 10 12 1 8 1 10 8 1 10 100 12 1 1 1 7 1 10 12 1 10 12 1 100 1 10 12 1 10 12 1 1 100 1 10 100 1 10 10 12 1 1 11 12 1 1 11 12 1 100 1 10 10 10 100 12 1 1 11 100 12 1 1 1 100 1 10 11 100 12 1 1 11 100 12 1 10 12 1 10 12 1 1 10 100 12 1 1 10 12 1 1 10 12 1 1 10 12 1 1 10 100 12 1 1 1 8 10 100 12 1 1 100 1 8 1 10 4 4 10 12 1 1 10 12 1 8 1 4 10 12 10 100 12 1 1 1 100 1 11 100 12 1 1 1 10 100 12 1 1 1 10 12 1 10 12 1 1 10 100 1 100 1 1 1 1 1 1 5 0 1 1 1 1 1 3 1 3 1 3 1 1 1 1 1 1 1 1 1 1 1 1 1 1 1 1 1 1 1 1 1 1 1 1 1 100 1 1 1 1 1 1 1 1 1 1 1 1 1 1 1 1 1 1 1 1 1 1 1 1 1 1 1 1 1 100 1 1 1 1 1 1 1 1 1 1 1 1 1 1 100 1 1 1 1 1 1 1 1 1 1 1 1 1 1 1 1 1 1 1 1 1 1 1 1 1 1 1 1 1 1 1 1 1 1 1 1 1 1 1 1 1 1 1 1 100 1 1 1 100 1 1 1 1 1 100 1 1 1 1 1 1 1 1 1 1 1 1 1 1 1 1 1 1
ciInstanceKlass java/util/Map 1 1 263 11 7 12 1 1 1 11 12 1 1 10 7 12 1 1 11 12 1 1 11 100 12 1 1 1 11 100 12 1 1 1 11 12 1 1 7 1 11 12 1 11 12 1 100 1 100 1 10 12 1 1 11 100 12 1 1 1 11 100 12 1 1 1 11 12 1 11 12 1 10 12 1 1 11 12 1 11 7 12 1 9 7 12 1 1 1 7 1 10 12 7 1 7 1 10 12 1 7 1 10 7 1 11 12 1 11 12 1 1 11 12 1 1 100 1 11 12 1 1 1 1 1 1 1 1 1 1 1 1 1 1 1 1 1 1 1 1 1 1 1 1 1 1 1 1 1 1 1 1 1 1 1 1 1 1 1 1 1 1 1 1 1 1 1 1 1 1 1 1 1 1 1 1 1 1 1 1 1 1 1 1 1 1 1 1 1 1 1 1 1 1 1 1 1 1 1 1 1 1 1 1 1 1 1 1 1 1 1 1 1 1 1 1 1 1 1 1 1 1 1 1 1 1 1 1 1 1 1 1 1 1 1 1 1 1 1 1 1 1 1 1 1 1 100 1 1 1 1 1 1 1 1 1 1 1 1 1 1 1 1 1 1
ciInstanceKlass java/lang/String 1 1 1471 10 7 12 1 1 1 8 1 9 7 12 1 1 1 9 12 1 1 9 12 1 1 9 12 1 1 10 12 1 10 12 1 1 10 12 1 1 9 12 1 10 7 12 1 1 1 10 12 1 1 10 12 1 10 7 12 1 1 1 10 12 1 1 10 12 1 1 10 12 1 10 12 1 1 10 12 1 10 7 12 1 1 1 7 1 9 7 12 1 1 1 10 7 12 1 1 1 10 12 1 1 10 12 1 1 10 7 12 1 1 1 10 12 1 1 9 7 12 1 1 10 12 9 7 12 1 1 10 12 1 1 3 10 12 1 1 7 1 11 12 1 1 11 12 1 11 12 1 1 10 7 12 1 1 1 10 12 1 1 9 7 12 1 1 1 10 12 1 1 10 12 1 11 12 1 1 10 12 1 10 12 10 12 1 1 7 1 100 1 10 12 1 10 12 1 10 7 12 1 1 1 10 12 1 1 100 1 10 12 1 1 100 1 10 12 1 1 10 12 1 1 10 12 1 10 10 12 1 100 1 100 1 7 1 10 12 1 10 12 1 1 10 12 1 1 10 12 1 10 12 1 1 10 12 1 1 10 100 12 1 1 100 1 11 10 7 12 1 1 11 12 1 11 12 1 10 12 1 10 12 1 10 12 10 12 1 1 10 10 7 12 1 1 1 10 7 12 1 1 10 12 1 1 10 7 12 1 1 10 12 1 10 12 1 1 10 12 1 1 10 12 1 10 12 1 10 12 1 1 100 1 10 12 1 1 10 12 10 12 1 10 12 1 1 10 12 1 1 10 100 12 1 1 1 10 12 1 10 12 1 1 10 12 1 10 12 1 3 3 10 12 1 1 10 12 1 10 12 1 1 10 12 1 1 10 12 1 1 10 12 1 10 12 1 1 10 12 1 1 10 12 1 10 12 1 10 12 1 10 12 1 1 10 12 1 10 12 1 10 12 1 10 12 1 10 12 1 10 12 1 10 100 1 10 8 1 10 12 1 1 10 12 1 8 1 10 12 1 1 10 12 10 12 1 8 1 10 10 12 1 1 10 12 1 1 100 1 5 0 100 1 8 1 10 10 12 1 1 5 0 5 0 5 0 10 12 1 1 10 100 1 10 10 12 1 10 12 1 10 12 1 10 10 12 1 10 12 1 10 12 1 10 12 1 10 12 1 10 12 1 10 12 1 1 10 12 1 1 10 12 1 1 10 10 12 1 1 10 10 12 1 100 1 10 9 100 12 1 1 1 11 100 12 1 1 1 10 12 1 1 10 12 1 1 10 7 1 10 12 1 10 12 1 10 7 12 1 1 1 10 12 1 10 12 1 1 10 12 1 11 7 1 11 12 10 12 1 10 12 1 1 10 12 1 1 10 10 12 1 10 12 1 9 12 1 1 11 7 12 1 1 1 10 12 10 10 12 1 10 12 1 1 10 10 12 1 10 12 1 10 12 1 1 10 12 1 1 10 10 12 1 1 10 10 7 12 1 1 1 10 12 1 10 12 1 10 12 10 10 12 10 10 12 1 10 12 1 10 10 12 10 12 1 1 10 12 10 10 12 10 12 1 10 12 10 12 10 10 12 1 10 12 1 1 10 12 1 1 10 10 12 1 10 7 12 1 1 1 10 12 1 1 10 10 7 12 1 1 1 11 10 12 1 10 12 1 1 10 12 1 1 10 7 12 1 1 1 10 12 1 10 12 1 10 12 1 10 12 1 10 12 1 10 12 1 100 1 10 10 12 1 10 12 1 1 8 1 10 12 1 3 3 10 12 1 10 12 1 1 10 12 7 1 10 10 12 1 1 10 12 10 12 1 10 12 1 10 12 1 1 10 12 1 1 11 7 12 1 1 1 7 1 10 12 1 10 12 1 1 8 1 10 12 1 1 10 12 1 11 100 12 1 1 1 11 100 12 1 1 11 12 1 10 12 1 10 12 1 1 10 10 7 12 1 1 1 10 12 1 10 12 1 10 10 12 10 12 1 1 10 10 12 1 10 10 12 1 10 10 12 1 10 10 12 1 10 12 1 1 10 10 12 1 8 1 10 12 1 1 18 12 1 1 11 100 12 1 1 1 3 18 12 1 18 12 1 8 1 10 100 12 1 1 1 11 12 1 1 10 12 10 10 12 1 10 11 12 1 1 10 12 1 1 11 12 1 18 3 11 10 11 11 10 12 1 10 12 1 1 8 1 10 12 1 10 12 1 10 12 1 1 10 10 12 1 11 100 12 1 100 1 100 1 10 12 100 1 10 10 100 12 1 1 1 100 1 10 7 1 10 10 12 1 10 10 12 1 8 1 10 10 12 1 8 1 8 1 10 12 1 10 12 1 10 10 12 10 100 12 1 1 10 100 12 1 1 10 100 12 1 1 8 1 10 12 1 10 12 1 10 9 12 1 10 12 9 7 12 1 1 1 10 12 1 10 12 1 10 12 1 10 12 10 12 1 10 12 1 8 1 10 100 12 1 1 1 10 12 10 12 1 1 10 12 10 12 10 12 7 1 9 12 1 1 7 1 10 100 1 100 1 100 1 100 1 1 1 1 1 1 5 0 1 1 1 1 1 3 1 3 1 1 1 1 1 1 1 1 1 1 1 1 1 1 1 100 1 1 1 1 1 1 1 1 1 1 1 1 1 1 1 1 1 1 1 1 1 1 1 1 1 1 1 1 1 1 1 100 1 1 1 1 1 1 1 1 1 1 1 1 100 1 1 1 1 1 1 1 1 1 1 1 1 1 1 1 1 1 1 1 1 1 1 1 1 1 1 1 1 1 1 1 1 1 1 1 1 1 1 1 1 1 1 1 1 1 1 1 1 1 1 1 1 1 1 1 1 1 1 1 1 1 1 1 1 1 1 1 1 1 1 1 1 1 1 1 1 1 1 1 1 1 1 1 1 1 1 1 1 1 1 1 1 1 1 1 1 1 1 1 1 1 1 1 1 1 1 1 1 1 1 1 1 1 1 1 1 1 1 1 1 1 1 1 1 1 1 1 1 1 1 1 1 1 1 1 1 1 1 1 1 1 1 1 1 1 1 1 1 1 1 1 1 1 1 1 1 1 1 1 1 1 1 1 1 1 1 1 1 1 1 1 1 1 1 1 1 1 1 1 100 1 1 1 1 1 1 1 1 1 1 1 1 1 1 1 1 1 1 1 1 1 1 1 100 1 1 1 1 1 1 1 1 1 1 1 1 1 1 1 7 1 1 1 1 1 1 1 1 1 1 1 1 1 1 1 16 15 10 12 16 15 10 12 15 10 12 15 10 12 15 10 100 12 1 1 1 1 100 1 1 1 1 1 100 1 100 1 1 1
staticfield java/lang/String COMPACT_STRINGS Z 1
staticfield java/lang/String serialPersistentFields [Ljava/io/ObjectStreamField; 0 [Ljava/io/ObjectStreamField;
staticfield java/lang/String CASE_INSENSITIVE_ORDER Ljava/util/Comparator; java/lang/String$CaseInsensitiveComparator
ciMethod java/lang/String equals (Ljava/lang/Object;)Z 518 0 30027 0 -1
ciInstanceKlass java/lang/Comparable 1 0 12 100 1 100 1 1 1 1 1 1 1 1
ciInstanceKlass java/lang/CharSequence 1 1 145 11 7 12 1 1 1 18 12 1 1 100 1 10 100 12 1 1 1 18 10 100 12 1 1 1 11 12 1 1 11 100 1 11 12 1 1 10 100 12 1 1 1 11 12 1 1 10 12 1 1 10 12 1 100 1 10 12 1 1 10 100 12 1 1 1 100 1 10 10 12 1 1 100 1 1 1 1 1 1 1 1 1 1 1 1 1 1 1 1 1 1 1 1 1 1 1 1 1 1 1 1 1 1 1 1 1 1 1 1 1 1 1 1 16 1 15 11 12 16 15 11 12 15 10 100 12 1 1 1 1 1 100 1 100 1 1 100 1 1 100 1 100 1 1
ciMethod java/lang/String length ()I 514 0 1183876 0 -1
ciMethod java/lang/String getChars (II[CI)V 770 0 5507 0 -1
ciInstanceKlass java/lang/constant/Constable 1 0 11 100 1 100 1 1 1 1 1 1 1
ciInstanceKlass java/lang/constant/ConstantDesc 1 0 37 100 1 100 1 1 1 1 100 1 1 1 1 100 1 100 1 100 1 100 1 100 1 100 1 100 1 100 1 100 1 1 100 1 100 1 1
ciInstanceKlass java/lang/AutoCloseable 1 0 12 100 1 100 1 1 1 1 7 1 1 1
ciInstanceKlass java/io/Closeable 1 0 14 100 1 100 1 100 1 1 1 1 7 1 1 1
ciInstanceKlass java/lang/Appendable 1 0 14 100 1 100 1 1 1 1 100 1 1 1 1 1
ciInstanceKlass java/util/Iterator 1 1 53 100 1 8 1 10 12 1 1 10 7 12 1 1 1 11 7 12 1 1 1 11 12 1 1 11 7 12 1 1 1 100 1 1 1 1 1 1 1 1 1 1 1 1 1 1 1 1 1 1 1 1 1
instanceKlass com/sun/javafx/iio/png/PNGIDATChunkInputStream
instanceKlass java/io/SequenceInputStream
instanceKlass java/io/ObjectInputStream$PeekInputStream
instanceKlass java/io/ObjectInputStream$BlockDataInputStream
instanceKlass java/io/ObjectInputStream
instanceKlass sun/nio/ch/NioSocketImpl$1
instanceKlass java/net/Socket$SocketInputStream
instanceKlass sun/nio/ch/ChannelInputStream
instanceKlass java/util/zip/ZipFile$ZipFileInputStream
instanceKlass java/io/FilterInputStream
instanceKlass java/io/FileInputStream
instanceKlass java/io/ByteArrayInputStream
ciInstanceKlass java/io/InputStream 1 1 197 100 1 10 7 12 1 1 1 100 1 10 10 7 12 1 1 1 10 7 12 1 1 1 10 12 1 100 1 100 1 3 10 12 1 1 100 1 8 1 10 12 1 10 7 12 1 1 1 3 100 1 8 1 10 10 7 12 1 1 1 7 1 10 11 7 12 1 1 1 10 12 1 1 11 12 1 1 11 7 12 1 1 1 11 12 1 1 7 1 10 7 12 1 1 1 5 0 10 12 1 10 12 1 1 100 1 10 8 1 10 8 1 8 1 10 12 1 1 10 100 12 1 1 1 100 1 5 0 10 12 1 100 1 100 1 1 1 1 3 1 3 1 1 1 1 1 1 1 1 1 1 1 1 1 1 1 1 1 1 1 1 1 1 1 1 1 1 1 1 1 1 1 1 1 1 1 1 1 1 1 1 1 1 1 1 1 1 1 1 1 1 1 1 1 1 1
instanceKlass javax/management/remote/rmi/RMIConnectionImpl$CombinedClassLoader$ClassLoaderWrapper
instanceKlass javax/management/remote/rmi/RMIConnectionImpl$CombinedClassLoader
instanceKlass com/sun/jmx/remote/util/ClassLoaderWithRepository
instanceKlass java/security/SecureClassLoader
ciInstanceKlass java/lang/ClassLoader 1 1 1076 9 7 12 1 1 1 10 7 12 1 1 1 9 12 1 1 10 7 12 1 1 1 7 1 10 12 1 1 10 12 1 1 9 12 1 1 10 12 1 1 100 1 10 12 1 10 12 1 1 10 7 12 1 1 1 100 1 8 1 10 12 1 10 7 1 10 7 1 7 1 7 1 10 12 1 10 12 1 9 12 1 1 10 10 7 12 1 1 1 9 12 1 1 9 12 1 9 12 1 1 9 12 1 9 12 1 1 9 12 1 1 7 1 10 12 1 9 12 1 1 10 12 1 1 10 7 12 1 1 1 9 12 1 9 12 1 1 9 12 1 10 12 1 1 9 12 10 12 1 1 7 1 10 8 1 10 12 1 1 10 12 1 10 7 1 7 1 10 7 12 1 1 1 10 7 12 1 1 1 8 1 10 12 1 10 12 1 10 12 1 1 10 12 1 1 10 12 1 1 10 12 1 1 10 12 1 1 10 12 1 100 1 10 12 1 10 100 12 1 1 1 10 12 1 1 10 12 1 10 12 1 10 12 1 10 12 1 10 12 1 1 10 10 12 1 10 12 1 10 10 12 1 1 10 12 1 1 100 1 8 1 10 8 1 10 12 1 10 12 1 100 1 8 1 10 12 1 1 10 12 1 1 10 10 12 1 1 10 12 1 1 10 12 1 1 10 7 1 10 12 1 10 12 1 1 10 12 1 1 10 12 1 1 10 12 1 1 10 12 1 1 10 12 1 1 10 12 1 1 10 7 12 1 1 1 10 12 1 10 12 1 10 12 1 1 10 12 1 10 12 1 10 12 1 10 12 1 1 10 12 1 10 12 1 1 8 1 9 12 1 10 12 1 1 8 1 8 1 10 7 12 1 1 100 1 10 10 12 10 12 1 10 12 1 10 12 1 10 12 1 1 10 7 12 1 1 10 12 1 10 7 1 7 1 10 12 1 1 10 12 1 10 7 1 10 12 1 100 1 18 12 1 10 100 12 1 1 1 10 100 12 1 1 1 10 7 12 1 1 10 12 1 10 12 1 100 1 10 12 1 8 1 10 10 12 1 1 10 12 1 10 12 1 1 100 1 10 12 1 1 10 100 12 1 1 10 12 1 10 7 12 1 1 10 12 1 8 1 100 1 10 10 12 1 9 12 1 10 7 12 1 1 10 12 1 100 1 8 1 10 12 1 10 8 1 8 1 10 12 1 1 10 12 1 1 10 12 1 1 10 100 12 1 1 100 1 100 1 10 12 1 1 100 1 100 1 10 100 12 1 1 10 12 1 10 12 1 10 12 1 10 12 1 10 12 1 1 10 12 1 8 1 7 1 18 12 1 1 10 12 1 1 10 12 1 10 12 1 10 12 1 8 1 10 12 1 10 12 1 18 12 1 11 100 12 1 1 1 100 1 10 12 1 1 10 12 1 10 11 12 1 1 10 18 10 12 1 1 11 100 12 1 18 12 1 11 12 1 1 10 12 1 10 12 1 1 10 12 1 1 100 1 8 1 10 10 12 1 8 1 8 1 10 100 12 1 1 10 12 1 100 1 10 10 12 1 8 1 8 1 8 1 10 12 1 10 12 1 10 12 1 1 10 12 1 1 10 12 1 10 100 12 1 1 1 11 100 12 1 1 100 1 10 11 10 12 1 10 12 1 10 12 1 1 9 100 12 1 1 9 12 1 1 9 12 9 12 1 9 12 1 9 12 1 8 10 12 1 1 10 7 12 1 1 1 10 12 1 1 10 12 1 1 10 12 1 1 8 1 10 12 1 1 8 10 12 1 1 8 8 10 12 1 10 12 1 10 12 1 11 12 1 1 10 100 12 1 1 1 100 1 10 12 1 10 12 1 10 12 1 1 1 1 1 1 1 1 1 1 1 1 1 1 1 1 1 1 1 1 1 1 1 1 1 1 100 1 1 1 1 1 1 1 1 1 1 1 1 1 1 1 1 1 1 1 1 1 1 1 1 1 100 1 1 1 1 1 1 1 1 1 1 1 1 1 1 1 1 1 1 1 1 1 1 1 1 1 1 1 1 1 1 1 1 1 1 1 1 1 1 1 1 1 1 1 100 1 1 1 1 1 1 1 1 1 1 1 1 1 1 1 1 1 1 1 1 1 100 1 1 1 1 1 1 1 1 1 1 1 1 1 1 1 1 1 1 1 1 1 1 1 1 1 1 1 1 1 1 1 1 1 1 1 1 1 1 1 1 1 1 1 1 100 1 1 1 1 1 1 1 1 1 1 1 1 1 1 1 1 1 1 1 1 1 1 1 1 1 1 1 1 1 1 1 1 1 1 1 1 1 1 1 1 1 1 1 1 1 1 1 1 1 1 1 16 1 15 10 12 16 1 16 15 10 12 16 1 16 1 15 10 12 16 15 10 12 16 15 10 12 16 15 10 7 12 1 1 1 1 1 100 1 100 1 1
staticfield java/lang/ClassLoader nocerts [Ljava/security/cert/Certificate; 0 [Ljava/security/cert/Certificate;
staticfield java/lang/ClassLoader $assertionsDisabled Z 1
instanceKlass com/sun/scenario/effect/ImageData$1
instanceKlass com/sun/scenario/effect/impl/ImagePool$1
instanceKlass com/sun/prism/impl/PrismTrace$1
instanceKlass com/sun/glass/ui/InvokeLaterDispatcher
instanceKlass java/util/concurrent/ForkJoinWorkerThread
instanceKlass java/util/concurrent/DelayScheduler
instanceKlass com/sun/javafx/tk/quantum/QuantumToolkit$1
instanceKlass java/util/logging/LogManager$Cleaner
instanceKlass com/intellij/rt/execution/application/AppMainV2$1
instanceKlass jdk/internal/misc/InnocuousThread
instanceKlass java/lang/ref/Finalizer$FinalizerThread
instanceKlass java/lang/ref/Reference$ReferenceHandler
instanceKlass java/lang/BaseVirtualThread
ciInstanceKlass java/lang/Thread 1 1 761 9 7 12 1 1 1 9 7 12 1 1 1 9 12 1 9 12 1 10 12 1 1 9 12 1 1 10 7 12 1 1 10 12 1 10 100 12 1 1 100 1 8 1 10 12 1 1 9 12 1 1 9 12 1 9 12 1 1 100 1 10 12 1 1 10 12 1 100 1 10 12 10 12 1 1 9 12 1 1 10 12 1 100 1 10 12 1 10 12 1 1 10 12 1 1 10 12 1 10 12 1 1 100 1 8 1 10 9 100 12 1 1 1 10 12 1 1 10 3 8 1 100 1 5 0 10 7 12 1 1 1 9 12 1 10 12 1 1 10 7 1 100 1 8 1 10 10 12 1 10 12 1 1 10 12 1 1 10 7 12 1 1 10 12 1 10 12 1 10 7 12 1 1 5 0 9 12 1 10 7 12 1 1 1 10 12 1 1 9 12 1 1 10 100 12 1 1 10 100 12 1 1 1 10 12 1 10 12 1 1 9 12 1 1 10 7 12 1 1 9 12 1 8 1 9 100 12 1 1 1 5 0 100 1 10 100 1 10 100 1 10 7 1 10 8 1 10 12 1 1 10 7 12 1 10 12 1 10 12 1 100 1 8 1 10 10 12 1 10 12 1 1 10 100 12 1 1 1 10 100 12 1 1 1 10 12 1 7 1 9 12 1 1 100 1 10 10 12 1 9 12 1 1 10 12 1 1 10 12 1 1 10 12 1 10 12 1 9 12 1 1 10 10 12 1 1 10 12 1 1 11 7 12 1 1 10 7 12 1 1 9 12 1 1 9 12 1 1 10 100 12 1 1 10 12 1 1 10 12 1 10 7 12 1 1 10 12 1 100 1 10 9 12 1 1 10 12 1 11 100 12 1 1 11 12 1 10 12 1 10 12 1 10 12 1 9 12 1 10 10 12 1 10 12 1 1 9 12 1 9 12 10 12 1 8 1 10 12 1 10 12 1 10 12 1 10 12 1 10 12 1 1 10 12 1 10 12 1 1 10 100 12 1 1 10 12 1 10 12 1 10 12 1 10 12 1 1 9 7 12 1 1 1 8 1 10 9 12 1 10 12 1 7 1 8 1 10 10 12 1 8 1 10 12 1 1 9 12 8 1 10 10 12 1 10 12 1 8 1 10 12 1 10 8 1 9 12 1 1 10 12 1 1 10 10 12 1 10 12 1 100 10 7 12 1 1 1 10 12 1 1 10 12 1 1 10 100 12 1 1 1 11 100 12 1 1 1 10 12 1 1 9 12 1 10 12 1 10 12 1 1 11 100 12 1 1 1 10 12 1 1 1 1 3 1 3 1 3 1 3 1 1 1 1 1 1 1 1 1 1 1 1 1 1 1 1 1 1 1 1 1 1 1 1 1 1 1 100 1 1 1 1 1 1 1 1 1 1 1 1 1 1 1 1 1 1 100 1 1 1 1 1 1 1 1 1 1 1 1 1 1 1 100 1 1 1 1 1 1 1 1 1 1 1 1 1 1 1 1 1 1 1 1 1 1 1 1 1 1 1 1 1 1 1 1 1 1 1 1 1 1 1 1 1 1 1 1 1 1 1 1 1 1 1 1 1 1 1 1 1 1 1 1 1 1 1 1 1 1 1 1 1 1 100 100 1 1 1 1 1 1 1 1 1 1 1 1 1 1 1 1 1 1 1 1 1 1 1 100 1 100 1 100 1 1 1 1 100 1 1 1 1 1 1 1 1 1 1 1 1
staticfield java/lang/Thread NEW_THREAD_BINDINGS Ljava/lang/Object; java/lang/Class
staticfield java/lang/Thread EMPTY_STACK_TRACE [Ljava/lang/StackTraceElement; 0 [Ljava/lang/StackTraceElement;
ciInstanceKlass java/lang/Runnable 1 1 11 100 1 100 1 1 1 1 1 1 1
ciMethod java/lang/System arraycopy (Ljava/lang/Object;ILjava/lang/Object;II)V 256 0 128 0 -1
ciInstanceKlass java/lang/Class 1 1 1652 10 7 12 1 1 1 10 7 12 1 1 9 12 1 1 9 12 1 1 9 12 1 1 9 12 1 1 9 12 1 1 10 12 1 1 8 1 10 12 1 8 1 8 1 10 12 1 1 10 7 12 1 1 1 10 12 1 7 1 10 10 12 1 10 12 1 1 10 12 1 1 10 12 1 1 10 7 12 1 1 10 12 1 10 12 1 10 12 1 1 10 12 1 8 1 10 12 1 8 1 10 12 1 8 1 8 1 10 12 1 1 10 7 12 1 1 1 18 12 1 1 11 7 12 1 1 1 8 1 8 1 8 1 10 7 12 1 1 1 11 12 1 1 8 1 10 12 1 10 10 12 1 1 10 12 1 8 1 10 12 1 1 8 1 10 12 1 10 12 1 1 11 100 12 1 1 1 11 100 12 1 1 1 11 8 1 18 8 1 10 12 1 10 7 12 1 1 10 12 1 1 10 7 12 1 1 1 10 12 1 1 10 12 1 1 10 7 12 1 1 1 10 7 12 1 10 12 1 1 10 7 1 10 12 1 8 1 10 8 1 8 1 8 1 8 1 8 1 8 1 8 1 8 1 9 100 12 1 1 9 100 1 9 100 1 9 100 1 9 100 1 9 100 1 9 100 1 9 100 1 9 100 1 9 12 1 1 7 1 8 1 10 12 1 10 12 1 1 100 1 10 12 1 1 10 7 12 1 1 1 10 7 12 1 1 1 7 1 7 1 10 10 12 1 1 10 12 1 1 100 1 10 100 12 1 1 1 10 12 1 1 10 12 1 1 10 12 9 12 1 1 10 12 1 9 12 1 1 9 12 1 1 10 12 1 1 10 7 1 10 12 1 10 12 1 1 10 9 12 1 10 12 1 8 1 10 12 1 1 10 12 1 1 10 12 1 10 12 1 10 12 1 1 9 7 12 1 1 1 10 12 1 10 7 12 1 1 10 12 1 10 12 1 10 12 1 10 12 1 9 100 12 1 1 1 9 12 1 10 12 1 10 12 1 1 9 12 1 1 10 7 10 12 1 1 10 100 12 1 1 10 12 1 10 12 1 1 10 100 12 1 1 1 10 12 1 10 12 1 1 10 12 1 10 12 1 10 12 1 1 10 7 1 10 10 12 1 1 10 12 1 1 10 12 10 10 12 1 1 100 1 8 1 10 10 12 1 1 10 12 1 100 1 11 12 1 10 12 1 10 12 1 10 100 12 1 1 10 10 12 1 1 8 1 10 12 1 8 1 9 12 1 10 12 1 10 12 1 10 12 1 10 12 100 1 9 12 1 10 12 1 9 12 1 10 12 1 10 12 1 10 12 1 10 10 12 1 10 12 1 10 12 1 10 12 1 10 12 1 10 12 1 7 1 10 10 12 1 10 12 1 11 100 12 1 1 11 12 1 1 10 12 1 1 10 12 1 1 10 12 1 1 10 12 1 1 10 12 1 1 10 12 1 1 7 1 10 10 12 1 1 10 12 1 1 10 12 1 1 10 10 12 1 10 12 1 1 10 12 1 1 10 12 1 1 10 12 1 1 10 12 10 12 1 1 10 7 12 1 1 1 10 12 1 10 12 1 1 10 12 1 10 7 12 1 1 1 10 12 1 1 10 10 12 1 1 7 1 10 10 12 1 1 10 100 12 1 1 1 100 1 100 1 10 12 1 1 10 12 1 10 10 12 1 1 10 12 1 10 12 1 10 12 1 10 100 12 1 1 1 11 7 12 1 1 10 12 1 10 12 1 9 100 12 1 1 8 1 10 12 1 10 12 1 10 12 1 10 12 1 1 9 12 1 9 12 1 1 10 7 12 1 1 9 12 1 10 12 1 1 10 10 12 1 10 7 12 1 1 1 10 7 12 1 1 10 7 12 1 1 9 12 1 1 10 12 1 9 12 1 10 12 1 10 12 1 1 9 12 1 1 9 12 1 10 12 1 10 12 1 1 9 12 1 100 1 10 10 12 1 1 7 1 10 100 11 100 1 9 12 1 1 9 12 1 10 12 1 9 12 1 1 9 12 1 10 12 1 10 12 1 1 9 12 1 7 1 10 10 12 1 1 10 10 12 1 10 12 10 10 12 1 9 12 1 10 12 1 1 10 12 1 8 10 7 8 1 18 8 1 8 1 10 12 1 9 12 1 9 12 1 1 10 12 1 7 1 7 1 10 12 1 9 12 1 1 10 10 12 1 9 12 1 8 1 10 12 1 10 10 12 1 1 100 1 100 1 9 12 1 100 1 8 1 10 10 7 12 1 1 1 10 12 11 7 12 1 1 1 10 12 1 10 12 1 1 10 8 1 10 12 1 8 1 10 12 1 1 9 7 12 1 1 11 12 7 1 11 100 12 1 1 9 12 1 10 100 12 1 1 1 10 7 12 1 1 10 12 1 1 9 12 1 9 10 12 1 1 10 12 1 1 10 12 1 1 10 12 1 1 10 12 1 1 11 12 1 11 12 1 1 11 7 12 1 1 11 12 1 7 1 11 12 1 10 7 12 1 1 1 10 12 1 11 12 1 10 7 12 1 1 1 10 12 1 10 7 12 1 1 1 11 12 1 11 12 1 1 10 12 1 10 12 1 1 9 12 1 1 10 12 1 10 100 12 1 1 1 10 12 1 1 10 12 1 10 12 1 10 12 1 10 7 12 1 1 1 10 12 1 8 1 10 12 1 10 12 1 10 12 1 8 1 8 1 10 7 12 1 1 10 100 12 1 1 100 1 10 12 10 7 12 1 1 1 10 7 12 1 1 1 10 12 1 1 10 12 1 18 12 1 1 11 12 1 1 18 11 12 1 18 12 1 11 12 1 10 12 1 10 12 1 10 12 1 10 12 10 12 1 8 1 10 12 1 7 1 9 12 1 1 100 1 100 1 100 1 100 1 1 1 3 1 3 1 3 1 1 1 1 1 1 1 1 1 5 0 1 1 1 1 1 1 1 1 1 1 1 1 1 1 1 1 1 1 1 1 1 1 1 1 1 1 1 100 1 1 1 1 1 1 1 1 1 1 1 100 1 1 1 1 1 7 1 1 1 1 1 1 1 1 1 1 1 1 1 1 1 1 1 1 1 1 1 1 1 1 1 1 1 1 1 1 1 1 1 1 100 1 1 1 1 1 1 1 1 1 1 1 1 1 1 1 1 1 1 1 1 1 1 1 1 1 1 1 1 1 1 1 100 1 1 1 1 1 1 1 1 1 1 1 1 1 1 1 1 1 1 1 1 1 1 1 1 1 1 1 1 1 1 1 1 1 1 1 1 1 1 1 1 1 1 1 1 1 1 1 1 1 1 1 1 1 1 1 1 1 1 1 1 1 100 1 100 1 1 1 1 1 1 1 1 1 1 1 1 1 1 1 1 1 1 1 1 1 1 1 1 1 1 1 1 1 1 1 1 1 1 1 1 1 1 1 1 1 1 1 1 1 1 1 1 1 1 1 1 1 1 1 1 1 1 1 1 1 1 1 1 1 1 1 1 1 1 1 1 1 1 1 1 1 1 1 1 1 1 1 1 1 1 1 1 1 1 1 1 1 1 1 1 1 1 1 1 1 1 1 1 1 1 1 1 1 1 1 1 1 1 1 1 1 1 1 1 16 15 10 12 16 15 11 12 16 1 15 10 12 16 16 15 10 12 16 15 16 1 15 10 12 16 15 10 7 12 1 1 1 1 1 100 1 1 1 1 1 1 1 1 100 1 1 100 1 100 1 1 100 1 100 1 1
staticfield java/lang/Class EMPTY_CLASS_ARRAY [Ljava/lang/Class; 0 [Ljava/lang/Class;
staticfield java/lang/Class serialPersistentFields [Ljava/io/ObjectStreamField; 0 [Ljava/io/ObjectStreamField;
ciInstanceKlass java/lang/reflect/AnnotatedElement 1 1 165 11 7 12 1 1 1 11 12 1 1 100 1 10 100 12 1 1 1 10 12 1 1 10 12 1 1 10 12 1 10 100 12 1 1 1 11 12 1 1 11 100 12 1 1 10 100 12 1 1 1 10 12 1 10 100 12 1 1 1 18 12 1 1 11 100 12 1 1 18 12 1 18 12 1 1 10 100 12 1 1 1 11 100 12 1 1 1 100 1 10 100 12 1 1 1 1 1 1 1 1 1 1 1 1 1 1 1 1 1 1 1 1 1 1 1 1 1 1 100 1 1 1 1 1 1 1 1 1 1 1 16 15 16 1 16 1 15 11 12 16 16 1 15 10 100 12 1 1 1 16 1 15 10 100 12 1 1 1 1 100 1 100 1 1
ciInstanceKlass java/lang/reflect/Type 1 1 17 11 100 12 1 1 1 100 1 1 1 1 1 1 1 1 1
ciInstanceKlass java/lang/invoke/TypeDescriptor 1 0 17 100 1 100 1 1 1 1 1 1 100 1 100 1 1 1 1
ciInstanceKlass java/lang/invoke/TypeDescriptor$OfField 1 0 21 100 1 100 1 100 1 1 1 1 1 1 1 1 1 1 1 1 1 1 1
ciInstanceKlass java/lang/reflect/GenericDeclaration 1 0 30 100 1 100 1 100 1 1 1 1 1 1 1 1 100 1 8 1 1 12 10 1 1 1 8 1 1 1 8 1
ciInstanceKlass java/lang/Module 1 1 1076 10 7 12 1 1 1 9 7 12 1 1 1 10 7 12 1 1 1 9 12 1 9 12 1 1 9 12 1 1 10 12 1 1 10 12 1 10 12 1 1 10 7 12 1 1 1 7 1 10 7 12 1 1 1 10 12 1 1 11 7 12 1 1 1 10 12 1 1 10 12 1 8 1 10 7 12 1 1 1 10 7 12 1 1 1 10 7 12 1 1 1 10 12 1 1 10 12 1 9 12 1 1 10 7 12 1 1 1 9 7 12 1 1 1 7 1 10 8 1 10 12 1 1 10 12 1 10 12 8 1 10 7 12 1 1 1 10 7 12 1 1 1 10 7 12 1 1 1 8 1 10 12 1 8 1 9 12 1 100 1 8 1 10 12 1 10 8 1 8 1 8 1 10 7 12 1 1 1 8 1 10 7 12 1 1 1 8 1 10 12 1 9 12 1 1 11 12 1 9 7 12 1 1 10 7 12 1 1 1 10 7 12 1 1 1 10 12 1 1 8 1 10 12 1 1 10 12 1 10 12 1 1 9 7 12 1 1 1 10 12 1 1 10 12 1 1 9 12 1 10 12 1 10 12 1 9 12 1 1 11 7 12 1 1 10 12 1 1 9 12 1 9 12 1 10 12 1 10 12 1 100 1 8 1 10 10 12 1 1 10 12 1 8 1 10 12 1 1 8 1 8 1 10 12 1 1 10 12 1 10 12 1 1 10 12 1 18 12 1 1 10 12 1 1 11 12 1 9 12 1 11 12 7 1 10 12 1 18 12 1 11 12 1 1 11 12 1 1 11 12 1 10 12 1 1 10 12 1 1 9 12 1 10 12 10 7 12 1 1 10 7 1 18 12 1 1 11 100 12 1 1 1 18 12 1 11 12 1 1 10 100 12 1 1 1 11 12 1 1 10 7 12 1 1 11 12 1 1 10 12 1 1 7 1 11 12 1 7 1 7 1 10 12 1 10 7 12 1 1 1 10 7 12 1 1 1 10 11 7 12 1 8 1 10 12 1 10 12 1 1 10 7 12 1 1 10 12 1 10 12 1 7 1 10 12 1 10 11 12 1 10 12 11 12 1 1 11 7 12 1 1 11 12 1 1 10 12 1 1 9 12 1 1 100 1 10 10 12 1 1 11 100 1 10 12 1 1 11 12 1 10 11 10 12 1 11 10 12 1 1 10 12 1 1 10 12 1 1 10 7 12 1 1 10 12 1 10 12 1 1 10 10 12 1 1 10 12 1 18 12 1 11 12 1 18 12 1 10 12 1 10 12 1 10 12 7 1 10 12 1 10 12 1 10 12 1 9 12 1 7 1 10 10 10 10 12 1 10 12 1 10 12 1 10 12 1 1 10 12 1 1 10 12 1 9 12 1 10 12 1 100 1 8 1 10 12 1 1 10 12 1 10 100 12 1 1 100 1 10 12 1 1 100 1 8 1 100 1 9 100 12 1 1 1 11 100 12 1 1 10 12 1 1 11 12 1 1 18 12 1 1 11 12 1 1 100 1 10 12 1 10 12 1 1 100 1 100 1 10 12 8 1 10 12 1 1 10 12 1 1 10 7 12 1 1 10 12 1 1 10 12 1 10 12 10 12 1 1 7 1 10 10 12 1 1 10 100 12 1 1 1 100 1 10 100 12 1 1 1 10 100 12 1 1 8 1 18 12 1 1 100 1 100 1 9 12 1 1 9 12 1 9 12 1 11 100 12 1 1 1 100 1 11 12 1 1 100 1 10 12 1 8 1 10 12 1 10 12 10 12 1 8 1 10 10 100 12 1 1 10 12 1 1 7 1 10 10 12 1 10 7 12 1 1 9 12 1 9 12 1 9 12 1 9 12 1 9 12 1 10 12 10 12 1 100 1 1 1 1 1 1 1 1 1 1 1 1 1 1 1 1 1 1 1 1 1 1 1 1 1 1 1 1 1 1 1 1 1 1 1 1 1 1 1 1 1 1 1 1 1 1 1 1 1 1 1 1 1 1 1 1 1 1 1 1 1 1 1 1 1 1 1 1 1 1 1 1 1 1 1 1 1 1 1 1 1 1 1 1 1 1 1 1 1 1 1 1 1 1 1 1 1 1 1 1 1 1 1 1 1 1 1 1 100 100 1 1 1 1 1 1 1 1 1 1 1 1 1 1 1 1 1 1 1 1 1 1 1 1 1 1 100 1 7 1 1 1 1 1 1 1 1 1 1 1 1 1 1 1 1 1 1 100 1 1 1 1 1 1 1 1 1 1 1 1 1 1 1 1 1 1 1 1 1 1 1 1 1 1 1 16 15 10 12 16 15 10 12 16 1 16 15 10 12 16 16 15 10 16 1 15 10 12 16 1 15 10 12 16 1 16 1 15 10 12 16 15 10 7 12 1 1 1 15 10 100 12 1 1 1 1 1 1 1 1 1 1 1 1 1 100 1 100 1 1
staticfield java/lang/Module ALL_UNNAMED_MODULE Ljava/lang/Module; java/lang/Module
staticfield java/lang/Module ALL_UNNAMED_MODULE_SET Ljava/util/Set; java/util/ImmutableCollections$Set12
staticfield java/lang/Module EVERYONE_MODULE Ljava/lang/Module; java/lang/Module
staticfield java/lang/Module EVERYONE_SET Ljava/util/Set; java/util/ImmutableCollections$Set12
staticfield java/lang/Module $assertionsDisabled Z 1
ciInstanceKlass java/lang/Math 1 1 480 7 1 7 1 10 100 12 1 1 1 10 7 12 1 1 1 10 12 1 10 12 1 10 12 1 10 12 1 10 12 1 6 0 6 0 10 12 1 10 12 1 10 12 1 10 12 1 10 12 1 10 12 1 1 10 12 1 10 12 1 10 12 1 10 12 1 10 12 1 10 7 12 1 1 1 100 1 3 3 3 10 12 1 1 100 1 5 0 5 0 5 0 5 0 5 0 9 100 12 1 1 1 10 100 12 1 1 1 100 1 8 1 10 12 1 8 1 10 12 1 1 10 12 1 1 100 1 5 0 5 0 100 1 3 5 0 3 5 0 10 12 1 10 12 1 10 12 1 10 12 1 10 12 1 8 1 10 12 1 8 1 10 12 1 1 10 12 1 1 9 12 1 1 9 12 1 100 1 100 1 10 10 12 1 1 8 1 10 12 1 10 12 1 1 10 10 12 1 10 12 1 10 12 1 10 12 1 1 8 1 8 1 10 12 1 1 10 12 1 10 12 10 12 10 12 1 10 12 1 10 12 1 10 12 1 10 12 6 0 10 12 1 9 12 1 1 100 1 10 10 12 1 100 1 10 12 1 10 12 1 1 10 12 1 10 12 1 10 12 10 12 1 1 10 12 1 1 10 12 1 1 10 12 6 0 10 12 1 1 10 12 10 12 1 4 10 12 1 10 12 1 10 12 10 12 1 10 12 1 10 12 1 10 12 1 10 12 1 10 12 1 5 0 6 0 4 6 0 4 6 0 4 10 12 1 6 0 6 0 10 12 1 10 12 8 1 10 12 1 10 12 1 8 1 8 1 10 12 10 12 10 7 12 1 1 1 4 6 0 1 1 1 6 0 1 6 0 1 6 0 1 1 1 1 1 1 1 1 1 1 1 1 1 1 1 1 1 1 1 1 1 1 1 1 1 1 1 1 1 1 1 1 1 1 1 1 1 1 1 1 1 1 1 1 1 1 1 1 1 1 1 1 1 1 1 1 1 1 1 1 1 1 1 1 1 1 1 1 1 1 1 1 1 1 1 1 1 1 1 1 1 1 1 1 1 1 1 1 1 1 1 1 1 1 1 1 1 1 1
staticfield java/lang/Math negativeZeroFloatBits J -2147483648
staticfield java/lang/Math negativeZeroDoubleBits J -9223372036854775808
staticfield java/lang/Math $assertionsDisabled Z 1
ciInstanceKlass java/util/Arrays 1 1 1020 10 7 12 1 1 1 10 100 12 1 1 1 10 7 12 1 1 1 10 12 1 10 12 1 10 12 1 10 12 1 10 12 1 10 12 1 10 100 12 1 1 1 100 1 7 1 10 8 1 10 12 1 1 10 12 1 8 1 8 1 10 12 1 1 10 12 1 100 1 10 12 1 9 100 12 1 1 1 10 7 12 1 1 100 1 10 12 1 1 10 7 12 1 1 10 7 12 1 1 1 100 1 10 12 1 10 12 1 1 7 1 9 7 12 1 1 1 10 12 1 1 10 7 12 1 1 10 12 1 10 12 1 1 10 12 1 10 12 1 1 7 1 11 12 1 1 10 12 1 10 7 12 1 1 1 10 12 10 12 1 10 12 1 10 12 10 12 1 11 7 12 1 1 1 10 7 12 1 1 1 100 1 10 12 1 10 100 1 10 12 1 10 100 1 10 12 1 10 100 1 10 12 1 10 10 12 1 1 10 12 1 10 12 1 10 12 1 10 12 1 10 12 1 10 100 12 1 1 1 10 12 1 10 100 12 1 1 1 10 12 1 10 12 1 10 7 12 1 1 1 10 12 1 10 12 1 10 12 1 10 12 1 10 12 1 10 12 1 10 12 1 10 12 1 10 12 1 10 12 1 10 12 1 10 12 1 10 12 1 10 12 1 10 12 1 10 12 1 1 10 12 1 1 10 7 12 1 1 1 10 7 1 10 100 1 10 100 1 10 100 1 10 100 1 10 100 1 10 100 1 10 100 1 10 12 1 8 1 7 1 10 12 10 7 12 1 1 1 10 12 10 12 1 10 12 1 10 12 1 10 100 12 1 1 10 12 10 12 1 10 12 1 10 12 10 12 1 1 10 12 1 1 9 100 12 1 1 1 10 12 1 9 100 1 10 12 1 9 10 12 1 9 100 1 10 12 1 9 100 1 10 12 1 9 10 12 1 9 10 12 1 10 12 1 10 12 1 9 12 1 100 1 10 10 12 1 1 10 12 1 10 12 1 10 12 1 10 12 1 10 12 1 10 12 1 10 12 1 10 12 1 10 12 1 8 1 8 1 10 12 1 10 12 1 8 1 10 12 1 10 12 1 10 12 1 10 7 12 1 1 1 3 10 100 1 10 10 12 1 1 11 100 12 1 1 10 12 1 1 10 12 1 10 12 1 10 12 1 10 12 1 10 12 1 10 12 1 10 12 1 10 12 1 11 12 1 8 1 10 11 12 1 11 100 12 1 1 1 11 100 12 1 1 1 11 12 1 1 18 12 1 1 11 12 1 1 11 100 12 1 1 1 18 12 1 11 100 12 1 1 1 18 12 1 11 100 12 1 1 1 18 12 1 100 1 10 7 12 1 1 1 10 12 1 10 12 1 10 12 1 10 12 1 10 12 1 10 12 1 10 12 1 10 12 1 1 10 12 1 10 7 12 1 1 10 12 1 10 12 1 10 12 1 1 10 12 1 10 12 1 10 12 1 1 10 12 1 10 12 1 10 12 1 1 10 12 1 10 12 1 10 12 1 10 12 1 10 12 10 12 1 10 12 10 12 10 12 1 10 12 10 12 1 10 12 1 10 12 1 1 1 1 3 1 3 1 1 1 1 1 1 1 1 1 1 1 1 1 1 1 1 1 1 1 1 1 1 1 1 1 1 1 1 1 1 1 1 1 1 1 1 1 1 1 1 1 1 1 1 1 1 1 1 1 1 1 1 1 1 1 1 1 1 1 1 1 1 1 1 1 1 1 1 1 1 1 1 1 1 1 1 1 1 1 1 1 1 1 1 1 1 1 1 1 1 1 1 1 1 1 1 1 1 1 1 1 1 1 1 1 1 1 1 1 1 1 1 1 1 1 1 1 1 1 1 1 1 1 1 1 1 1 1 1 1 1 1 1 1 1 1 1 1 1 1 1 1 1 1 1 1 1 1 1 1 1 1 1 1 1 1 1 1 1 1 1 1 1 1 1 1 1 1 1 1 1 1 1 1 1 1 1 1 1 1 1 1 1 1 1 1 1 1 1 1 1 1 1 1 1 1 1 1 1 1 1 1 1 1 1 1 1 1 1 1 1 1 1 1 1 1 1 1 1 1 1 1 1 1 1 1 1 1 1 1 1 1 1 1 1 1 1 1 1 1 1 1 1 1 1 1 1 1 1 1 1 1 1 1 1 1 1 1 1 1 100 1 1 16 15 10 12 15 10 12 15 10 12 15 10 12 15 10 100 12 1 1 1 1 1 100 1 100 1 1 1 1 100 1 1 1 1 1 1 100 1 1 100 1 1 100 1 1 1 100 1 100 1 1
staticfield java/util/Arrays $assertionsDisabled Z 1
ciInstanceKlass jdk/internal/misc/Unsafe 1 1 1248 10 7 12 1 1 1 10 7 12 1 1 9 12 1 1 9 12 1 1 10 12 1 1 10 100 12 1 1 1 10 12 1 1 10 12 1 1 10 12 1 1 10 12 1 1 10 12 1 1 10 12 1 1 10 12 1 1 10 12 1 1 10 12 1 1 10 12 1 1 10 12 1 1 10 12 1 1 10 12 1 1 10 12 1 10 12 1 100 1 10 10 12 1 1 10 12 1 1 5 0 10 12 1 1 10 12 1 1 10 7 12 1 1 1 10 12 1 1 10 12 1 10 12 1 10 12 1 1 10 12 1 1 10 12 1 10 12 1 100 1 100 1 10 8 1 10 12 1 1 10 12 1 8 1 10 12 1 1 10 12 1 10 12 1 10 12 1 1 10 12 1 10 12 1 1 10 12 1 1 10 12 1 10 12 1 10 12 1 10 12 1 1 10 12 1 10 12 1 10 12 1 1 10 12 1 5 0 5 0 5 0 10 12 1 10 12 1 10 12 1 10 12 1 10 12 1 10 12 1 10 12 1 10 12 1 10 12 1 1 10 12 1 10 12 1 100 1 8 1 10 100 1 10 10 12 1 1 10 12 1 1 10 12 1 10 12 1 1 10 12 1 1 10 12 1 10 12 1 1 10 12 1 9 7 12 1 1 9 12 1 100 1 10 10 12 1 1 8 1 10 8 1 8 1 10 12 1 1 9 7 12 1 1 1 9 100 1 9 100 1 9 7 1 9 9 100 1 9 7 1 9 100 1 10 12 1 1 10 12 1 1 10 12 1 1 10 12 1 1 5 0 5 0 9 12 1 1 10 12 1 10 12 1 10 12 1 1 10 12 1 1 10 12 1 8 1 3 10 12 1 1 10 12 1 1 10 12 1 10 12 1 1 10 12 1 1 10 12 1 10 12 1 10 12 1 10 12 1 10 12 1 10 12 1 1 10 12 1 1 10 12 1 10 12 1 10 12 1 10 12 1 10 12 1 10 12 1 1 10 12 1 1 10 12 1 10 12 1 10 12 1 10 12 1 10 12 1 10 12 1 1 10 12 1 1 10 12 1 1 10 12 1 1 10 12 1 10 12 1 10 12 1 10 12 1 10 12 1 10 12 1 10 12 1 1 10 12 1 1 10 12 1 10 12 1 10 12 1 10 12 1 10 12 1 10 12 1 10 12 1 1 10 12 1 1 10 12 1 10 12 1 10 12 1 10 12 1 10 12 1 10 12 1 10 12 1 10 12 1 1 10 12 1 10 12 1 10 12 1 10 12 1 10 12 1 1 10 12 1 10 12 1 10 12 1 10 12 1 10 12 1 10 12 1 10 12 1 10 12 1 1 10 12 1 10 12 1 10 12 1 10 12 1 10 12 1 10 12 1 1 10 12 1 10 12 1 10 12 1 1 10 12 1 10 12 1 10 12 1 10 12 1 10 12 1 10 12 1 10 12 1 10 12 1 10 12 1 10 12 1 10 12 1 10 12 1 10 12 1 10 12 1 10 12 1 10 12 1 10 12 1 10 12 1 10 12 1 10 12 1 10 12 1 10 12 1 10 12 1 100 1 10 100 1 10 9 12 1 5 0 10 12 1 1 5 0 10 12 1 5 0 10 12 1 10 12 1 10 12 1 1 10 12 1 1 10 12 1 10 12 1 10 12 1 10 12 1 1 10 12 1 10 12 1 10 12 1 10 12 1 10 12 1 1 10 12 1 10 12 1 10 12 1 10 12 1 1 10 12 1 10 12 1 10 12 1 1 10 12 1 10 12 1 10 12 1 10 12 1 1 10 12 1 10 10 12 1 1 10 12 1 10 12 1 1 10 12 1 10 12 5 0 5 0 5 0 10 12 1 1 10 12 1 10 12 1 10 12 10 100 12 1 1 8 1 100 1 11 12 1 1 8 1 11 12 1 1 10 100 12 1 1 10 12 1 10 7 1 10 12 1 1 9 12 1 1 7 1 9 12 1 7 1 9 12 1 7 1 9 12 1 7 1 9 12 1 7 1 9 12 1 7 1 9 12 1 7 1 9 12 1 7 1 9 12 1 10 12 1 9 12 1 9 12 1 9 12 1 9 12 1 9 12 1 9 12 1 9 12 1 9 12 1 9 12 1 9 12 1 1 1 5 0 1 1 1 1 1 1 1 1 1 1 1 1 1 1 1 1 1 1 1 1 1 1 1 1 1 1 1 1 1 1 1 1 1 1 1 1 1 1 1 1 1 1 1 1 1 1 1 1 1 1 1 1 1 1 1 1 1 1 1 1 1 1 1 1 1 1 1 1 1 1 1 1 1 1 1 1 1 1 1 1 1 1 1 1 1 1 1 1 1 1 100 1 1 1 1 1 1 1 1 1 1 1 1 1 1 1 1 1 1 1 1 1 1 1 1 1 1 1 1 1 1 1 1 1 1 1 1 1 1 1 1 1 1 1 1 1 1 1 1 1 1 1 1 1 1 1 1 1 1 1 1 1 1 1 1 1 1 1 1 1 1 1 1 1 1 1 1 1 1 1 1 1 1 1 1 1 1 1 1 1 1 1 1 1 1 1 1 1 1 1 1 1 1 1 1 1 1 1 1 1 1 1 1 1 1 1 1 1 1 1 1 1 1 1 1 1 1 1 1 1 1 1 1 1 1 1 1 1 1 1 1 1 1 1 1 1 1 1 1 1 1 1 1 1 1 1 1 1 1 1 1 1 1 1 1 1 1 1 1 1 1 1 1 1 1 1 1 1 1 1 1 1 1 1 1 1 1 1 1 1 1 1 1 1 1 1 1 1 1 1 1 1 1 1 1 1 1 1 1 1 1 1 1 1
staticfield jdk/internal/misc/Unsafe theUnsafe Ljdk/internal/misc/Unsafe; jdk/internal/misc/Unsafe
staticfield jdk/internal/misc/Unsafe ARRAY_BOOLEAN_BASE_OFFSET J 16
staticfield jdk/internal/misc/Unsafe ARRAY_BYTE_BASE_OFFSET J 16
staticfield jdk/internal/misc/Unsafe ARRAY_SHORT_BASE_OFFSET J 16
staticfield jdk/internal/misc/Unsafe ARRAY_CHAR_BASE_OFFSET J 16
staticfield jdk/internal/misc/Unsafe ARRAY_INT_BASE_OFFSET J 16
staticfield jdk/internal/misc/Unsafe ARRAY_LONG_BASE_OFFSET J 16
staticfield jdk/internal/misc/Unsafe ARRAY_FLOAT_BASE_OFFSET J 16
staticfield jdk/internal/misc/Unsafe ARRAY_DOUBLE_BASE_OFFSET J 16
staticfield jdk/internal/misc/Unsafe ARRAY_OBJECT_BASE_OFFSET J 16
staticfield jdk/internal/misc/Unsafe ARRAY_BOOLEAN_INDEX_SCALE I 1
staticfield jdk/internal/misc/Unsafe ARRAY_BYTE_INDEX_SCALE I 1
staticfield jdk/internal/misc/Unsafe ARRAY_SHORT_INDEX_SCALE I 2
staticfield jdk/internal/misc/Unsafe ARRAY_CHAR_INDEX_SCALE I 2
staticfield jdk/internal/misc/Unsafe ARRAY_INT_INDEX_SCALE I 4
staticfield jdk/internal/misc/Unsafe ARRAY_LONG_INDEX_SCALE I 8
staticfield jdk/internal/misc/Unsafe ARRAY_FLOAT_INDEX_SCALE I 4
staticfield jdk/internal/misc/Unsafe ARRAY_DOUBLE_INDEX_SCALE I 8
staticfield jdk/internal/misc/Unsafe ARRAY_OBJECT_INDEX_SCALE I 4
staticfield jdk/internal/misc/Unsafe ADDRESS_SIZE I 8
ciInstanceKlass java/lang/Thread$FieldHolder 1 1 55 10 7 12 1 1 1 9 7 12 1 1 1 9 12 1 1 9 12 1 1 9 12 1 1 9 12 1 1 1 1 1 1 1 1 1 1 1 1 100 1 100 1 1 1 1 100 1 1 1 100 1 100 1 1
ciInstanceKlass java/lang/Thread$Constants 0 0 47 100 1 10 100 12 1 1 1 10 12 1 1 10 12 1 1 10 100 12 1 1 8 1 10 12 1 9 100 12 1 1 1 1 1 1 1 1 1 1 1 1 1 1 1 1 1
ciInstanceKlass java/lang/ThreadGroup 1 1 380 10 7 12 1 1 1 9 7 12 1 1 1 8 1 9 12 1 1 100 1 9 12 1 1 9 12 1 1 10 7 12 1 1 1 10 12 1 1 10 12 1 10 12 1 1 10 12 1 1 10 12 1 10 12 1 10 12 1 10 100 12 1 1 1 10 12 1 1 18 12 1 1 11 100 12 1 1 1 10 12 1 1 10 12 1 1 10 12 1 1 10 100 12 1 1 1 10 12 1 11 12 1 1 11 100 12 1 1 11 12 1 1 10 12 1 1 10 12 1 10 12 1 11 12 1 11 12 1 1 10 12 1 100 1 10 18 12 1 1 11 100 12 1 1 1 11 12 1 1 9 100 12 1 1 1 10 12 1 1 8 1 10 100 12 1 1 1 10 100 12 1 1 1 10 12 1 1 11 12 10 12 1 1 10 12 1 1 11 100 1 9 12 1 100 1 10 8 1 10 12 1 1 10 12 1 1 8 1 10 12 1 10 100 12 1 1 1 10 12 1 1 10 7 1 8 1 10 8 1 10 12 1 10 12 1 8 1 9 12 1 1 9 12 1 10 100 12 1 1 1 100 9 12 1 1 7 1 9 12 1 10 12 10 12 1 1 100 10 12 9 12 1 10 12 1 100 1 10 100 1 10 10 12 1 10 12 1 1 1 1 1 1 1 1 1 1 1 1 1 1 1 1 3 1 1 1 1 1 1 1 1 1 1 1 100 1 1 1 1 1 1 1 1 1 1 1 1 1 1 1 1 1 1 1 1 1 1 1 1 1 1 1 1 1 1 1 1 1 1 1 1 1 1 1 1 16 15 10 12 16 16 15 10 12 16 15 10 100 12 1 1 1 1 1 100 1 100 1 1
staticfield java/lang/ThreadGroup $assertionsDisabled Z 1
ciInstanceKlass java/lang/Thread$UncaughtExceptionHandler 1 0 16 100 1 100 1 1 1 1 1 1 1 1 100 1 1 1
instanceKlass java/lang/ThreadBuilders$BoundVirtualThread
instanceKlass java/lang/VirtualThread
ciInstanceKlass java/lang/BaseVirtualThread 0 0 36 10 100 12 1 1 1 100 1 1 1 1 1 1 1 1 1 1 1 1 1 1 1 1 1 1 1 1 100 1 100 1 1 100 1 1
ciInstanceKlass java/lang/VirtualThread 0 0 928 9 100 12 1 1 1 9 12 1 1 10 100 12 1 1 1 10 100 12 1 1 1 10 100 12 1 1 1 9 12 1 1 100 1 10 12 1 9 12 1 1 18 12 1 1 9 12 1 1 10 12 1 1 100 1 10 12 1 10 12 1 1 10 12 1 1 10 12 1 10 12 1 1 9 12 1 1 10 12 1 10 100 12 1 10 12 1 10 12 1 10 12 1 10 12 1 9 12 1 1 11 100 12 1 1 1 10 10 12 1 11 100 12 1 1 1 10 12 1 100 1 10 12 1 1 100 1 9 12 1 1 5 0 10 100 12 1 1 1 9 12 1 100 1 100 1 10 10 100 12 1 1 1 10 100 12 1 1 1 10 12 1 1 10 12 1 10 12 1 1 10 12 1 10 12 10 12 1 100 1 10 10 12 1 10 12 1 1 9 12 1 1 10 12 1 1 9 12 1 1 10 12 1 9 12 1 10 100 12 1 1 10 9 10 10 12 1 1 10 12 1 1 10 100 12 1 1 10 100 1 10 9 10 100 1 10 12 1 1 10 12 1 10 10 12 1 1 9 12 1 10 12 1 10 12 1 9 12 1 1 10 12 1 10 12 1 10 12 1 1 9 12 1 1 10 12 1 10 12 1 1 10 12 1 10 12 1 1 9 12 1 18 9 100 12 1 1 1 10 12 1 1 9 12 1 10 12 1 10 12 1 1 10 12 1 9 12 1 1 18 12 1 9 12 1 9 12 1 10 12 9 12 1 1 10 100 12 1 1 10 12 1 10 12 1 1 10 100 12 1 1 10 12 1 100 1 8 1 10 12 1 10 12 1 1 10 12 1 10 12 1 10 12 1 10 100 12 1 1 10 12 1 10 12 1 10 12 1 10 12 1 10 100 12 1 1 8 1 10 12 1 10 12 1 10 12 1 10 12 1 1 10 12 1 10 12 10 12 1 100 1 10 10 12 1 10 12 1 1 10 12 1 1 10 12 1 10 12 1 10 12 1 1 10 12 1 1 11 100 12 1 1 11 12 1 10 12 9 100 12 1 1 1 9 12 1 10 12 1 1 9 12 1 9 12 1 9 12 1 9 12 1 100 1 10 10 12 1 1 10 12 1 100 1 100 1 10 8 1 10 12 1 1 10 12 1 10 12 1 10 10 12 1 8 1 10 10 12 1 10 12 1 10 100 12 1 1 8 1 8 1 10 12 1 1 10 10 9 100 12 1 1 1 10 12 1 1 10 12 1 10 10 12 9 12 1 10 12 1 1 10 12 1 9 12 1 10 12 1 1 9 12 1 10 12 1 1 9 12 1 10 12 1 1 18 12 1 1 8 1 10 12 1 1 8 1 8 1 10 100 12 1 1 1 10 100 12 1 1 1 10 12 1 10 12 1 1 10 12 1 18 12 1 1 18 12 1 1 5 0 9 12 1 10 12 1 10 12 1 10 100 1 10 12 1 1 9 12 1 9 12 1 1 10 12 1 1 10 12 1 10 12 10 12 1 1 10 100 12 1 1 10 12 1 1 100 1 8 1 10 10 12 1 8 10 12 1 1 8 8 9 12 1 8 8 10 12 1 10 12 1 1 8 1 18 12 1 10 100 12 1 1 10 12 1 10 12 1 3 1 3 1 3 1 3 1 3 1 3 1 3 1 3 1 3 1 3 1 3 1 3 1 3 3 1 3 3 1 3 3 1 3 3 1 3 1 1 1 1 1 1 1 1 1 1 1 1 1 1 1 1 1 100 1 1 1 1 1 1 1 1 1 1 1 1 1 1 1 1 1 1 1 1 100 1 1 1 1 1 1 1 1 1 1 1 1 1 1 1 1 1 1 1 1 1 1 1 1 1 1 1 1 1 1 1 1 1 100 1 1 1 1 1 1 1 1 1 1 1 1 1 1 1 1 1 1 1 1 1 1 1 1 1 1 1 100 1 1 1 1 1 1 1 1 1 1 1 1 1 1 1 1 1 1 1 1 1 1 100 1 1 16 15 10 12 15 10 12 15 10 12 16 15 10 12 16 15 10 12 16 15 10 12 16 15 10 12 15 10 100 12 1 1 1 1 1 1 1 100 1 1 1 100 1 100 1 1
ciInstanceKlass java/lang/ThreadBuilders$BoundVirtualThread 0 0 132 10 100 12 1 1 1 9 100 12 1 1 1 10 100 12 1 1 1 9 12 1 1 10 12 1 1 10 12 1 1 9 12 1 1 10 100 12 1 1 1 10 12 1 1 100 1 8 1 10 12 1 10 12 1 1 10 12 1 1 10 12 1 1 10 100 12 1 1 1 8 1 10 12 1 8 1 10 12 1 1 10 100 12 1 1 9 100 12 1 1 1 10 12 1 1 10 10 12 1 1 1 1 1 1 1 1 1 1 1 1 1 1 1 1 1 1 1 1 1 1 1 1 1 1 1 1 100 1 1 1 1
instanceKlass java/lang/Exception
instanceKlass java/lang/Error
ciInstanceKlass java/lang/Throwable 1 1 403 10 7 12 1 1 1 9 7 12 1 1 1 9 12 1 1 9 12 1 9 12 1 1 9 12 1 10 12 1 1 9 12 1 1 10 12 1 1 10 100 12 1 1 1 9 12 1 1 10 12 1 1 10 12 1 100 1 100 1 10 8 1 10 12 1 1 8 1 10 100 12 1 1 10 10 12 1 100 1 8 1 10 10 7 12 1 1 10 12 1 8 1 9 100 12 1 1 1 10 12 1 1 100 1 10 12 10 12 1 100 1 10 10 7 12 1 1 1 11 100 12 1 1 1 10 100 12 1 1 1 10 12 1 1 10 12 1 1 8 1 10 12 1 10 12 1 1 8 1 8 1 10 12 1 1 10 12 1 8 1 8 1 9 12 1 10 100 12 1 1 100 1 10 11 12 1 8 1 8 1 10 7 12 1 1 8 1 10 12 1 8 1 100 1 10 12 1 9 12 1 1 10 12 1 10 7 12 1 9 12 1 1 10 12 1 1 100 1 8 1 10 12 1 10 100 12 1 1 10 12 1 1 100 1 10 100 12 1 1 1 10 12 1 11 100 12 1 1 1 11 100 12 1 1 1 11 12 1 8 1 10 12 1 1 8 1 10 10 9 100 12 1 1 1 8 1 10 12 1 1 11 10 100 1 8 1 10 11 12 1 1 8 1 9 12 1 10 100 12 1 1 11 9 12 1 1 11 12 1 1 100 10 12 1 10 12 1 1 100 1 1 1 1 5 0 1 1 1 1 1 1 1 1 1 1 1 1 100 1 1 1 1 1 1 1 1 1 1 1 1 1 1 1 1 1 1 1 1 1 1 1 1 1 1 1 1 1 1 1 1 1 1 1 1 1 1 1 1 1 1 1 100 1 100 1 1 1 1 1 1 1 1 1 1 1 1 1 1 1 1 1 1
staticfield java/lang/Throwable UNASSIGNED_STACK [Ljava/lang/StackTraceElement; 0 [Ljava/lang/StackTraceElement;
staticfield java/lang/Throwable SUPPRESSED_SENTINEL Ljava/util/List; java/util/Collections$EmptyList
staticfield java/lang/Throwable EMPTY_THROWABLE_ARRAY [Ljava/lang/Throwable; 0 [Ljava/lang/Throwable;
staticfield java/lang/Throwable $assertionsDisabled Z 1
ciInstanceKlass jdk/internal/vm/ContinuationScope 0 0 50 10 100 12 1 1 1 10 100 12 1 1 1 100 1 9 100 12 1 1 1 10 12 1 1 10 100 12 1 1 1 10 12 1 1 10 12 1 1 1 1 1 1 1 1 1 1 1 1 1
ciInstanceKlass jdk/internal/vm/StackChunk 1 1 32 10 100 12 1 1 1 9 100 12 1 1 1 9 12 1 1 9 12 1 1 1 1 1 1 1 1 1 1 1 1 1
ciInstanceKlass java/lang/Boolean 1 1 146 10 7 12 1 1 1 9 7 12 1 1 1 10 12 1 1 10 12 1 8 1 10 7 12 1 1 9 12 1 1 9 12 1 10 12 1 1 10 12 1 1 10 12 1 1 10 12 1 10 7 12 1 1 1 10 12 1 1 9 100 12 1 1 9 12 10 100 12 1 1 1 10 12 1 1 8 1 10 7 12 1 1 1 9 12 1 1 100 1 100 1 100 1 1 1 1 1 1 5 0 1 1 1 1 1 1 1 1 1 1 1 1 1 1 1 1 1 1 1 1 1 1 1 1 1 1 1 1 1 1 1 1 1 1 1 100 1 1 1 1 1 1 1 1 1
staticfield java/lang/Boolean TRUE Ljava/lang/Boolean; java/lang/Boolean
staticfield java/lang/Boolean FALSE Ljava/lang/Boolean; java/lang/Boolean
staticfield java/lang/Boolean TYPE Ljava/lang/Class; java/lang/Class
ciInstanceKlass java/lang/Character 1 1 603 7 1 100 1 100 1 9 12 1 1 8 1 9 12 1 1 100 1 9 12 1 1 10 100 12 1 1 1 10 100 12 1 1 1 10 100 12 1 1 1 10 7 12 1 1 1 9 7 12 1 1 1 10 12 1 10 12 1 1 10 12 1 1 10 7 12 1 1 10 12 1 1 3 3 3 3 3 10 12 1 1 10 12 1 3 11 7 12 1 1 1 11 12 1 1 10 12 1 1 10 12 1 1 100 1 10 10 12 1 3 10 12 1 1 10 12 1 10 12 1 1 100 1 8 1 10 12 1 1 10 12 1 10 12 1 10 12 1 10 100 12 1 1 1 10 12 1 10 12 1 10 12 1 1 10 12 1 10 7 12 1 1 10 10 12 1 10 10 12 1 10 12 1 1 10 12 1 10 10 12 1 10 12 1 10 12 1 10 12 1 10 12 1 10 12 1 10 12 1 10 12 10 10 12 10 10 12 1 10 10 12 1 10 10 12 1 10 10 12 1 10 12 1 10 12 1 10 12 1 10 12 1 10 12 1 10 12 1 10 10 12 1 10 10 12 1 10 10 12 1 1 10 10 12 1 10 5 0 10 12 1 10 12 1 10 10 12 1 10 10 12 1 1 10 10 12 1 10 10 12 1 9 12 1 1 100 1 10 10 12 1 10 12 1 1 3 10 100 12 1 1 1 10 12 1 10 100 12 1 1 100 1 10 10 12 1 1 10 12 1 1 10 12 1 1 8 1 10 12 1 9 100 12 1 1 1 10 12 1 10 10 12 1 10 12 1 1 10 12 1 10 10 12 1 1 10 10 12 1 1 100 1 8 1 10 12 1 1 10 7 12 1 1 1 8 1 10 12 1 1 9 12 1 1 100 1 100 1 100 1 1 1 1 3 1 3 1 3 1 3 1 1 1 1 1 3 1 1 3 1 3 1 3 1 3 1 3 1 3 1 3 1 3 1 3 1 3 1 3 1 3 1 3 1 3 1 3 1 3 1 3 1 3 1 3 1 3 1 3 1 3 1 3 1 3 1 3 1 3 1 3 1 3 1 1 1 1 1 1 1 1 1 1 1 1 1 1 1 1 1 1 1 3 1 1 1 1 1 1 1 3 1 1 3 1 1 1 1 1 3 1 1 5 0 1 1 1 1 1 1 1 1 1 1 1 1 1 1 1 1 1 1 1 1 1 1 1 1 1 1 1 1 1 1 1 1 1 1 1 1 1 1 1 1 1 1 1 1 1 1 1 1 1 1 1 1 1 1 1 1 1 1 1 1 1 1 1 1 1 1 1 1 1 1 1 1 1 1 1 1 1 1 1 1 1 1 1 1 1 1 1 1 1 100 1 100 1 1 1 1 1 1
staticfield java/lang/Character TYPE Ljava/lang/Class; java/lang/Class
staticfield java/lang/Character $assertionsDisabled Z 1
ciMethod java/lang/Character isWhitespace (C)Z 562 0 18150 0 -1
ciInstanceKlass java/lang/Float 1 1 277 7 1 100 1 10 7 12 1 1 1 10 7 12 1 1 1 4 100 1 10 12 1 1 10 12 1 1 8 1 8 1 10 100 12 1 1 1 10 12 1 1 10 12 1 1 10 7 1 4 10 7 12 1 1 9 12 1 1 10 12 1 1 10 12 1 10 10 12 1 1 10 12 1 10 12 1 3 3 100 1 4 4 4 3 10 12 1 1 9 12 1 1 100 1 10 3 3 4 4 10 12 1 3 3 3 10 12 1 1 10 12 1 1 10 12 1 10 100 12 1 1 1 10 12 1 1 10 12 1 1 10 7 12 1 1 1 8 1 10 12 1 1 9 12 1 1 100 1 100 1 100 1 1 1 1 4 1 4 1 1 1 4 1 1 3 1 3 1 3 1 3 1 3 1 1 1 1 5 0 1 1 1 1 1 1 1 1 1 1 100 1 1 1 1 1 1 1 1 1 1 1 1 1 1 1 1 1 1 1 1 1 1 1 1 1 1 1 1 1 1 1 1 1 1 1 1 1 1 1 1 1 1 1 1 1 1 1 1 1 1 1 1 1 1 1 1 1 1 1 1 1 1 1 1 1 1 1 1 1 1 1 1 1 100 1 1 1 1 1 1 1 100 1 100 1 1
staticfield java/lang/Float TYPE Ljava/lang/Class; java/lang/Class
staticfield java/lang/Float $assertionsDisabled Z 1
instanceKlass java/math/BigDecimal
instanceKlass java/math/BigInteger
instanceKlass java/util/concurrent/atomic/Striped64
instanceKlass java/util/concurrent/atomic/AtomicLong
instanceKlass java/util/concurrent/atomic/AtomicInteger
instanceKlass java/lang/Long
instanceKlass java/lang/Integer
instanceKlass java/lang/Short
instanceKlass java/lang/Byte
instanceKlass java/lang/Double
instanceKlass java/lang/Float
ciInstanceKlass java/lang/Number 1 1 37 10 7 12 1 1 1 10 100 12 1 1 1 100 1 1 1 1 5 0 1 1 1 1 1 1 1 1 1 1 1 1 1 1 1 1 1
ciMethod java/lang/Float isNaN (F)Z 516 0 115787 0 -1
ciInstanceKlass java/lang/Double 1 1 288 7 1 100 1 10 7 12 1 1 1 10 12 1 1 10 100 1 10 12 1 1 10 7 12 1 1 1 6 0 8 1 10 12 1 1 8 1 10 12 1 1 8 1 6 0 10 12 1 1 100 1 5 0 5 0 8 1 8 1 10 7 12 1 1 1 10 100 12 1 1 1 8 1 10 12 1 1 8 1 8 1 8 1 10 12 1 1 10 12 1 10 12 1 1 10 12 1 10 12 1 10 12 1 1 10 12 1 10 7 1 6 0 10 7 12 1 1 9 12 1 1 10 12 1 10 12 1 10 12 1 10 12 1 10 12 1 5 0 10 12 1 1 10 12 1 10 12 1 10 100 12 1 1 1 10 12 1 1 10 12 1 1 8 1 10 7 12 1 1 1 9 12 1 1 100 1 100 1 100 1 1 1 6 0 1 6 0 1 6 0 1 1 1 6 0 1 1 3 1 3 1 3 1 3 1 3 1 1 1 1 5 0 1 1 1 1 1 1 1 1 1 1 1 1 1 1 1 1 7 1 1 1 1 1 1 1 1 1 1 1 1 1 1 1 1 1 1 1 1 1 1 1 1 1 1 1 1 1 1 1 1 1 1 1 1 1 1 1 1 1 1 1 1 1 7 1 1 1 1 1 1 1 100 1 100 1 1
staticfield java/lang/Double TYPE Ljava/lang/Class; java/lang/Class
ciInstanceKlass java/lang/Byte 1 1 212 7 1 100 1 10 100 12 1 1 1 9 12 1 1 8 1 9 12 1 1 100 1 10 12 1 1 10 12 1 1 10 100 12 1 1 1 10 100 12 1 1 1 9 100 12 1 1 1 10 12 1 1 100 1 100 1 10 12 1 1 8 1 10 12 1 1 8 1 10 12 1 10 12 1 10 12 1 10 12 1 1 10 12 1 10 12 1 10 12 1 1 10 8 1 8 1 10 7 1 9 12 1 1 10 12 1 1 10 12 1 1 10 12 1 1 10 12 1 5 0 10 12 1 1 8 1 10 7 12 1 1 1 9 12 1 1 100 1 100 1 1 1 3 1 3 1 1 1 1 3 1 3 1 1 5 0 1 1 1 1 1 1 1 1 1 1 1 1 1 1 1 1 1 1 1 1 1 1 1 1 1 1 1 1 1 1 1 1 1 1 1 1 1 1 1 1 1 1 1 1 1 1 1 1 1 1 1 1 1 1 1
staticfield java/lang/Byte TYPE Ljava/lang/Class; java/lang/Class
ciInstanceKlass java/lang/Short 1 1 220 7 1 100 1 100 1 10 100 12 1 1 1 10 12 1 1 100 1 100 1 10 12 1 1 8 1 10 12 1 1 8 1 10 12 1 10 12 1 10 12 1 10 12 1 1 10 12 1 1 10 12 1 9 12 1 1 8 1 9 12 1 1 100 1 10 12 1 1 10 12 1 10 100 12 1 1 1 10 100 12 1 1 1 9 100 12 1 1 1 10 12 1 10 12 1 1 10 8 1 8 1 10 7 1 9 12 1 1 10 12 1 1 10 12 1 1 10 12 1 1 10 12 1 3 3 5 0 10 12 1 1 8 1 10 7 12 1 1 1 9 12 1 1 100 1 100 1 1 1 3 1 3 1 1 1 1 3 1 3 1 1 5 0 1 1 1 1 1 1 1 1 1 1 1 1 1 1 1 1 1 1 1 1 1 1 1 1 1 1 1 1 1 1 1 1 1 1 1 1 1 1 1 1 1 1 1 1 1 1 1 1 1 1 1 1 1 1 1 1
staticfield java/lang/Short TYPE Ljava/lang/Class; java/lang/Class
ciInstanceKlass java/lang/Integer 1 1 436 7 1 100 1 7 1 7 1 10 12 1 1 9 12 1 1 9 12 1 1 10 100 12 1 1 1 10 12 1 1 10 100 12 1 1 1 10 10 12 1 1 10 100 12 1 1 1 10 12 1 10 12 1 1 10 7 12 1 1 1 10 12 1 1 10 12 1 1 10 12 1 10 7 12 1 1 10 12 1 1 10 12 1 10 12 1 7 1 8 1 10 12 1 8 1 100 1 10 12 1 1 10 12 1 1 8 1 10 12 1 1 8 1 10 12 1 1 10 12 1 1 10 12 1 1 3 3 10 7 12 1 1 1 11 7 1 10 12 1 1 11 10 12 1 1 10 12 1 1 8 1 10 12 1 10 12 1 8 1 100 1 10 12 1 8 1 10 12 1 1 10 12 1 8 1 10 12 1 10 12 1 7 1 9 12 1 1 9 12 1 1 10 12 1 10 7 1 9 12 1 10 12 1 10 12 1 10 12 1 1 10 12 1 1 10 7 12 1 1 1 10 12 1 1 8 1 8 1 10 12 1 1 8 1 8 1 8 1 8 1 8 1 8 1 10 12 1 10 12 1 10 12 1 5 0 3 3 3 3 10 12 1 10 12 1 3 10 12 1 10 100 12 1 1 1 10 12 1 1 10 12 1 1 8 1 10 7 12 1 1 1 9 12 1 1 100 1 100 1 100 1 1 1 1 3 1 1 1 1 1 3 1 3 1 1 5 0 1 1 1 1 1 1 1 1 1 100 1 1 1 1 1 1 1 1 1 1 1 1 1 1 1 1 1 1 1 1 1 1 1 1 1 1 1 1 1 1 1 1 1 1 1 1 1 1 1 1 1 1 1 1 1 1 1 1 1 1 1 1 1 1 1 1 1 1 1 1 1 1 1 1 1 1 1 1 1 1 1 1 1 1 1 1 1 1 1 1 1 1 1 1 1 1 1 1 1 1 1 1 1 100 1 1 1 1 1 1 1 1 1 100 1 100 1 1
staticfield java/lang/Integer TYPE Ljava/lang/Class; java/lang/Class
staticfield java/lang/Integer digits [B 36
ciInstanceKlass java/lang/Long 1 1 498 7 1 100 1 7 1 100 1 10 12 1 1 9 12 1 1 9 7 12 1 1 1 10 100 12 1 1 1 10 12 1 1 10 100 12 1 1 1 10 10 12 10 12 1 10 12 1 10 12 1 5 0 5 0 100 1 10 12 1 1 10 12 1 1 10 12 1 10 12 1 10 12 1 10 12 1 1 10 100 12 1 1 10 12 1 10 12 1 1 10 12 1 1 10 12 1 1 10 12 1 1 10 100 12 1 1 1 10 12 1 1 10 12 1 10 12 1 10 7 12 1 1 10 12 1 1 10 12 1 10 12 1 7 1 8 1 10 12 1 8 1 100 1 10 12 1 10 12 1 1 8 1 10 12 1 1 8 1 10 12 1 1 10 12 1 1 10 12 1 1 5 0 5 0 10 100 12 1 1 1 11 100 1 10 12 1 1 11 10 12 1 1 10 12 1 1 8 1 5 0 10 12 1 1 10 12 1 1 8 1 8 1 10 12 1 8 1 10 12 1 10 12 1 5 0 5 0 9 7 12 1 1 1 10 12 1 10 12 1 1 8 1 8 1 10 12 1 1 8 1 8 1 8 1 8 1 8 1 8 1 10 12 1 10 12 1 10 7 1 9 12 1 1 10 12 1 10 12 1 1 10 12 1 1 10 7 12 1 1 1 10 12 1 1 10 12 1 10 12 1 10 12 1 5 0 5 0 5 0 10 12 1 1 10 12 1 5 0 5 0 10 12 10 12 1 10 100 12 1 1 1 10 12 1 1 10 12 1 1 8 1 10 7 12 1 1 1 9 12 1 1 100 1 100 1 100 1 1 1 1 5 0 1 1 1 1 3 1 3 1 5 0 1 1 1 1 1 1 1 1 1 100 1 1 1 1 1 1 1 1 1 1 1 1 1 1 1 1 1 1 1 1 1 1 1 1 1 1 1 1 1 1 1 1 1 1 1 1 1 1 1 1 1 1 1 1 1 1 1 1 1 1 1 1 1 1 1 1 1 1 1 1 1 1 1 1 1 1 1 1 1 1 1 1 1 1 1 1 1 1 1 1 1 1 1 1 1 1 1 1 1 1 1 1 1 1 1 1 1 1 1 1 7 1 1 1 1 1 1 1 1 1 100 1 100 1 1
staticfield java/lang/Long TYPE Ljava/lang/Class; java/lang/Class
ciInstanceKlass java/lang/Void 1 1 31 10 100 12 1 1 1 8 1 10 7 12 1 1 1 9 7 12 1 1 1 1 1 1 1 1 1 1 1 1 1
staticfield java/lang/Void TYPE Ljava/lang/Class; java/lang/Class
ciInstanceKlass jdk/internal/vm/vector/VectorSupport 0 0 597 100 1 10 100 12 1 1 1 9 12 1 1 10 100 12 1 1 1 100 1 10 12 1 11 100 12 1 1 1 11 100 12 1 1 1 11 100 12 1 1 1 11 100 12 1 1 11 100 12 1 1 11 100 12 1 1 11 100 12 1 1 11 100 12 1 1 11 100 12 1 1 11 100 12 1 1 11 100 12 1 1 1 11 100 12 1 1 11 100 12 1 1 1 11 100 12 1 1 1 11 100 12 1 1 11 100 12 1 1 1 11 100 12 1 1 100 1 10 12 1 1 11 100 12 1 1 11 100 12 1 1 11 100 12 1 1 11 100 1 11 100 12 1 1 11 100 12 1 1 11 100 12 1 1 9 12 1 1 10 100 12 1 1 11 100 12 1 1 10 100 12 1 1 1 10 100 12 1 1 10 12 1 1 10 12 1 1 1 1 1 3 1 3 1 3 1 3 1 3 1 3 1 3 1 3 1 3 1 3 1 3 1 3 1 3 1 3 1 3 1 3 1 3 1 3 1 3 1 3 1 3 1 3 1 3 1 3 1 3 1 3 1 3 1 3 1 3 1 3 1 3 1 3 1 3 1 3 1 3 1 3 1 3 1 3 1 3 1 3 1 3 1 3 1 3 1 3 1 3 1 3 1 3 1 3 1 3 1 3 1 3 1 3 1 3 1 1 1 3 1 3 1 3 1 3 1 3 1 3 1 1 1 1 1 1 1 1 1 1 1 1 1 1 1 1 1 1 1 1 1 1 1 1 1 1 1 1 1 1 1 1 1 1 1 1 1 1 1 1 1 1 1 1 1 1 1 1 1 1 1 1 1 1 1 1 1 1 1 1 1 1 1 1 1 1 1 1 1 1 1 1 1 1 1 1 1 1 1 1 1 1 1 1 1 1 1 1 1 1 1 1 1 1 1 1 1 1 1 1 1 1 1 1 1 1 1 1 1 1 1 1 1 1 1 1 1 1 1 1 1 1 1 1 1 1 1 1 1 1 1 1 1 1 1 1 1 1 1 1 1 1 1 1 1 1 1 1 1 1 1 1 1 1 1 1 1 1 1 1 1 1 1 1 1 1 1 1 1 1 1 1 1 1 1 1 1 1 1 1 1 1 1 1 1 1 1 1 1 1 1 1 1 1 1 1 1 1 1 1 1 1 1 1 1 1 1 1 1 1 1 1 1 1 1 1 1 1 1 1 1 1 1 1 1 1 1 1 1 1 1 1 1 1 1 1 1 1 1 1 1 1 1 1 1 1 1 100 1 100 1 100 1 100 1 100 1 1 1 1 1 1 1 1 1 1 1 1 1 1 1 1 1 1 1 1 1 1 1 1 1 1 1 1 1 1 1
instanceKlass jdk/internal/vm/vector/VectorSupport$VectorShuffle
instanceKlass jdk/internal/vm/vector/VectorSupport$VectorMask
instanceKlass jdk/internal/vm/vector/VectorSupport$Vector
ciInstanceKlass jdk/internal/vm/vector/VectorSupport$VectorPayload 0 0 32 10 100 12 1 1 1 9 100 12 1 1 1 10 100 12 1 1 1 1 1 1 1 1 1 1 1 1 1 1 1 1
ciInstanceKlass jdk/internal/vm/vector/VectorSupport$Vector 0 0 28 10 100 12 1 1 1 100 1 1 1 1 1 1 1 1 1 1 1 1 1 1 1 100 1 1 1 1
ciInstanceKlass jdk/internal/vm/vector/VectorSupport$VectorMask 0 0 28 10 100 12 1 1 1 100 1 1 1 1 1 1 1 1 1 1 1 1 1 1 1 100 1 1 1 1
ciInstanceKlass jdk/internal/vm/vector/VectorSupport$VectorShuffle 0 0 28 10 100 12 1 1 1 100 1 1 1 1 1 1 1 1 1 1 1 1 1 1 1 100 1 1 1 1
ciInstanceKlass jdk/internal/vm/FillerObject 0 0 16 10 100 12 1 1 1 100 1 1 1 1 1 1 1 1
instanceKlass java/lang/ref/PhantomReference
instanceKlass java/lang/ref/FinalReference
instanceKlass java/lang/ref/WeakReference
instanceKlass java/lang/ref/SoftReference
ciInstanceKlass java/lang/ref/Reference 1 1 198 9 7 12 1 1 1 9 7 12 1 1 10 12 1 1 10 12 1 1 9 12 1 1 10 12 1 1 9 12 1 1 9 12 1 1 7 1 10 12 1 10 7 12 1 1 10 12 1 10 12 1 1 10 12 1 7 1 8 1 10 12 1 1 7 1 10 12 1 1 10 12 1 1 10 12 1 7 1 10 12 10 7 12 1 1 1 9 12 1 10 12 1 1 10 12 1 10 12 1 10 12 1 9 12 1 100 1 100 1 10 9 12 1 9 12 1 100 1 10 10 12 1 10 10 7 12 1 1 10 12 1 1 1 1 1 1 1 1 1 1 1 1 1 1 1 1 1 100 1 1 1 100 1 1 1 1 1 1 1 1 1 1 1 1 1 1 1 1 1 1 1 1 1 1 1 1 1 1 1 1 1 1 1 1 1 1 1 1 1 100 1 100 1 100 1 1 1
staticfield java/lang/ref/Reference processPendingLock Ljava/lang/Object; java/lang/Object
staticfield java/lang/ref/Reference $assertionsDisabled Z 1
instanceKlass java/util/ResourceBundle$BundleReference
instanceKlass java/io/ClassCache$CacheRef
instanceKlass sun/util/locale/provider/LocaleResources$ResourceReference
instanceKlass sun/util/resources/Bundles$BundleReference
instanceKlass jdk/internal/util/SoftReferenceKey
instanceKlass java/lang/invoke/LambdaFormEditor$Transform
ciInstanceKlass java/lang/ref/SoftReference 1 1 50 10 7 12 1 1 1 9 7 12 1 1 1 9 12 1 10 12 1 10 12 1 1 1 1 1 1 1 1 1 1 1 1 1 1 1 1 1 1 1 1 1 1 100 1 1 1 1 1 1
instanceKlass com/sun/util/reentrant/ReentrantContextProvider$HardReference
instanceKlass com/sun/javafx/util/WeakReferenceQueue$ListEntry
instanceKlass java/util/ResourceBundle$KeyElementReference
instanceKlass sun/rmi/transport/WeakRef
instanceKlass java/util/logging/LogManager$LoggerWeakRef
instanceKlass java/util/logging/Level$KnownLevel
instanceKlass com/sun/jmx/mbeanserver/WeakIdentityHashMap$IdentityWeakReference
instanceKlass java/lang/WeakPairMap$WeakRefPeer
instanceKlass java/lang/ThreadLocal$ThreadLocalMap$Entry
instanceKlass jdk/internal/util/WeakReferenceKey
instanceKlass java/util/WeakHashMap$Entry
ciInstanceKlass java/lang/ref/WeakReference 1 1 34 10 7 12 1 1 1 10 12 1 100 1 1 1 1 1 1 1 1 1 1 1 1 1 1 1 1 1 1 1 1 1 1 1
instanceKlass java/lang/ref/Finalizer
ciInstanceKlass java/lang/ref/FinalReference 1 1 50 10 100 12 1 1 1 10 100 12 1 1 1 10 12 1 1 100 1 8 1 10 12 1 1 1 1 1 1 1 1 1 1 1 1 1 1 1 1 1 1 1 1 1 1 1 1 1 100 1
instanceKlass jdk/internal/ref/PhantomCleanable
instanceKlass jdk/internal/ref/Cleaner
ciInstanceKlass java/lang/ref/PhantomReference 1 1 47 10 7 12 1 1 1 10 12 1 1 10 7 12 1 1 1 1 1 1 1 1 1 1 1 1 1 1 1 1 1 1 1 1 1 1 1 1 1 1 1 1 1 1 1 1 1
ciInstanceKlass java/lang/ref/Finalizer 1 1 177 9 7 12 1 1 1 10 100 12 1 1 1 9 12 1 1 9 12 1 1 9 12 1 9 12 1 9 12 1 1 10 12 1 100 1 8 1 10 12 1 10 12 1 1 9 12 1 100 1 10 12 1 100 1 11 100 12 1 1 10 12 1 100 1 10 12 1 10 7 12 1 1 1 10 12 1 1 10 100 12 1 1 8 1 10 12 1 10 12 1 10 12 1 100 1 10 12 1 10 100 12 1 1 1 100 1 10 10 12 1 1 7 1 10 12 1 10 12 1 1 10 12 1 1 10 7 12 1 1 1 7 1 10 7 1 10 10 12 1 1 1 1 1 1 1 1 1 1 1 1 1 1 1 1 1 1 1 1 1 1 1 1 1 1 100 1 1 1 1 1 1 1 1 1 1 1
staticfield java/lang/ref/Finalizer lock Ljava/lang/Object; java/lang/Object
staticfield java/lang/ref/Finalizer ENABLED Z 1
staticfield java/lang/ref/Finalizer $assertionsDisabled Z 1
instanceKlass java/lang/reflect/Executable
instanceKlass java/lang/reflect/Field
ciInstanceKlass java/lang/reflect/AccessibleObject 1 1 374 10 7 12 1 1 1 10 100 12 1 1 1 10 7 12 1 1 1 10 12 1 1 9 12 1 1 7 1 10 7 12 1 1 1 11 12 1 100 1 10 12 1 7 1 100 1 10 12 1 1 10 12 1 1 10 12 1 1 10 12 1 1 10 12 1 1 7 1 10 7 12 1 1 1 10 12 1 1 11 10 7 12 1 1 1 10 12 1 1 10 12 1 10 12 1 10 12 1 1 10 12 1 8 1 100 1 100 1 10 10 12 1 1 8 1 10 12 1 10 12 1 8 1 8 1 8 1 8 1 8 1 8 1 8 1 8 1 8 1 100 1 10 12 1 10 12 1 9 100 12 1 1 1 10 12 1 1 10 12 1 10 100 1 100 1 8 1 10 8 1 10 12 1 8 1 10 12 1 10 12 1 1 10 100 1 8 1 10 11 7 12 1 1 1 10 12 1 1 10 12 1 1 10 12 1 1 9 12 1 1 100 1 10 12 1 7 1 10 12 1 10 12 1 1 10 100 1 10 12 1 10 12 10 12 1 10 12 1 10 12 1 1 10 12 1 9 12 1 10 100 12 1 1 8 1 10 12 1 1 8 1 10 100 12 1 1 1 9 12 1 100 1 10 7 1 10 10 7 12 1 1 1 10 7 12 1 1 1 9 12 1 1 1 1 1 1 1 1 1 1 1 1 1 1 1 1 1 1 1 1 1 1 1 1 1 1 1 1 1 1 1 1 1 1 1 1 1 1 1 1 1 1 1 1 1 1 1 1 1 1 1 1 1 1 1 1 1 1 1 1 1 1 1 1 1 1 1 1 1 1 1 1 1 1 1 1 1 1 1 1 1 1 1
staticfield java/lang/reflect/AccessibleObject reflectionFactory Ljdk/internal/reflect/ReflectionFactory; jdk/internal/reflect/ReflectionFactory
ciInstanceKlass java/lang/reflect/Method 1 1 468 9 7 12 1 1 1 10 7 12 1 1 1 10 7 12 1 1 9 12 1 1 9 12 1 1 10 12 1 1 10 12 1 1 10 12 1 1 10 7 12 1 1 10 7 12 1 1 1 9 12 1 1 9 12 1 9 12 1 1 9 12 1 9 12 1 9 12 1 1 9 12 1 9 12 1 1 9 12 1 9 12 1 100 1 8 1 10 12 1 10 12 1 9 12 1 1 10 7 12 1 1 1 10 12 1 1 10 12 1 1 10 12 1 10 12 1 1 9 100 12 1 1 1 10 12 1 1 10 12 10 7 12 1 1 10 12 1 1 10 12 1 10 12 1 10 12 1 10 7 12 1 1 1 10 12 1 1 9 12 1 10 7 1 10 7 12 1 1 1 10 7 12 1 1 10 12 1 1 10 12 1 1 10 12 1 10 7 12 1 1 1 10 12 1 10 8 1 10 12 1 10 12 1 7 1 8 1 8 1 8 1 10 12 1 10 12 1 1 10 12 1 1 10 10 12 1 1 10 12 1 11 100 1 10 12 1 9 12 1 1 10 12 1 1 10 12 1 10 12 1 1 10 12 1 1 11 7 12 1 1 1 11 12 1 9 12 1 1 10 12 1 10 12 1 10 12 1 10 12 1 10 12 1 10 12 1 9 12 1 1 10 7 12 1 1 1 10 7 12 1 1 10 12 1 1 10 7 12 1 1 1 10 7 12 1 1 1 10 7 12 1 1 1 11 7 12 1 1 1 10 7 12 1 1 1 7 1 100 1 100 1 10 12 1 10 12 1 1 10 12 1 100 1 8 1 10 12 1 10 10 12 1 1 10 12 1 1 10 12 1 1 10 12 1 1 8 1 10 12 1 1 1 1 1 1 1 1 1 1 1 1 1 1 1 1 1 1 1 1 1 1 1 1 1 1 1 1 1 1 1 1 1 1 1 1 1 1 1 1 1 1 1 1 1 1 1 1 1 1 1 1 1 100 1 100 1 100 1 1 1 1 1 1 1 1 1 1 1 1 1 1 1 1 1 1 1 1 1 1 1 1 1 1 1 1 1 1
ciInstanceKlass java/lang/reflect/Member 1 1 37 100 1 10 12 1 1 100 1 100 1 1 1 1 3 1 3 1 1 1 1 1 1 1 1 1 1 1 1 1 1 1 1 1 1 1 1
instanceKlass java/lang/reflect/Constructor
instanceKlass java/lang/reflect/Method
ciInstanceKlass java/lang/reflect/Executable 1 1 587 10 7 12 1 1 1 10 7 12 1 1 1 10 7 12 1 1 1 11 7 12 1 1 1 10 7 12 1 1 1 10 12 1 1 10 7 12 1 1 1 10 100 12 1 1 1 10 12 1 8 1 10 10 12 1 1 10 12 1 1 10 100 12 1 1 1 18 12 1 1 11 100 12 1 1 1 8 1 8 1 8 1 10 100 12 1 1 1 11 12 1 1 100 1 8 1 8 1 10 12 1 100 1 8 1 10 12 1 8 1 11 100 12 1 1 1 100 1 11 100 12 1 1 1 11 12 1 8 1 18 8 1 10 12 1 10 12 1 1 18 8 1 10 12 1 100 1 10 12 1 10 12 1 11 12 1 10 12 1 1 8 1 8 1 10 12 1 1 10 12 1 1 10 10 12 1 9 12 1 1 9 100 12 1 1 1 10 100 12 1 1 1 10 12 1 10 12 1 1 10 7 12 1 1 10 12 1 10 12 1 10 12 1 10 7 12 1 1 100 1 10 100 12 1 1 1 10 12 1 1 10 100 12 1 1 10 12 1 10 12 1 1 9 100 12 1 1 1 10 100 10 12 1 8 1 10 12 1 10 12 1 3 100 1 8 1 10 12 1 10 12 1 10 10 12 1 10 12 1 1 8 1 8 1 8 1 9 12 1 1 9 12 1 10 12 1 100 1 8 1 10 12 1 10 12 1 10 12 1 1 10 12 1 1 10 12 1 10 12 10 12 1 7 1 10 12 1 10 12 1 1 100 1 10 100 12 1 1 1 7 1 10 7 12 1 1 1 10 12 1 1 11 7 12 1 1 10 12 1 10 100 12 1 1 1 10 12 1 1 9 12 1 10 12 1 1 10 12 1 10 12 1 1 9 100 12 1 1 1 10 100 12 1 1 1 10 12 1 10 12 1 1 9 12 1 10 10 10 10 100 12 1 1 1 10 12 1 9 12 1 10 12 1 1 9 12 1 100 1 100 1 1 1 1 1 1 1 1 1 1 1 1 1 1 1 1 1 1 1 1 1 1 1 1 1 1 1 1 1 1 1 1 1 1 1 1 100 1 1 1 1 1 1 1 1 1 1 1 1 1 1 1 1 1 1 1 100 1 1 1 1 1 1 1 1 1 1 1 1 1 1 1 1 1 1 1 1 1 1 1 1 1 1 1 1 1 1 1 1 1 1 1 1 1 1 1 1 1 1 1 100 1 1 1 1 1 1 1 1 1 1 1 1 1 1 1 1 1 1 1 1 1 1 100 1 1 16 15 16 1 16 1 15 10 12 16 15 10 100 12 1 1 1 1 100 1 1 1 100 1 1 100 1 100 1 1
ciInstanceKlass java/lang/reflect/Constructor 1 1 437 10 100 12 1 1 1 10 100 12 1 1 9 7 12 1 1 1 9 12 1 1 10 12 1 1 10 12 1 1 10 12 1 1 10 100 12 1 1 10 7 12 1 1 1 9 12 1 1 9 12 1 1 9 12 1 9 12 1 1 9 12 1 9 12 1 1 9 12 1 1 9 12 1 100 1 8 1 10 12 1 10 12 1 9 12 1 1 10 7 12 1 1 1 10 12 1 1 10 12 1 1 10 12 1 7 1 100 1 8 1 10 10 12 1 10 12 1 10 12 1 1 9 100 12 1 1 1 10 7 12 1 1 10 12 1 1 10 12 1 10 12 1 1 10 100 12 1 1 1 10 100 12 1 1 10 12 1 1 10 12 1 10 100 12 1 1 1 8 1 10 10 12 1 100 1 8 1 10 12 1 10 12 1 1 10 12 1 1 10 12 1 10 12 1 10 12 1 1 10 12 1 1 9 12 1 1 10 12 1 1 10 12 1 1 10 12 1 1 11 7 12 1 1 1 10 12 1 1 10 12 1 10 12 1 10 12 1 8 1 9 12 1 1 10 7 12 1 1 1 10 7 12 1 1 10 12 1 1 10 12 1 1 10 12 1 1 10 12 1 1 10 12 1 9 100 12 1 1 10 12 1 10 12 1 10 12 1 100 1 8 1 10 10 12 1 1 10 12 1 10 10 12 1 1 10 12 1 1 10 100 12 1 1 1 11 100 12 1 1 1 10 12 1 1 9 100 12 1 1 1 10 100 12 1 1 1 10 12 1 1 1 1 1 1 1 1 1 1 1 1 1 1 1 1 1 1 1 1 1 1 1 1 1 1 1 1 1 1 1 1 1 1 1 1 1 1 1 1 1 1 1 1 1 1 1 1 1 1 1 1 1 1 1 1 100 1 100 1 100 1 100 1 1 1 1 1 1 1 1 1 1 1 1 1 1 1 1 1 1 1 1 1 1 1 1 1 1 1 1 1 1 1 1 100 1 1
ciInstanceKlass java/lang/reflect/Field 1 1 454 9 7 12 1 1 1 10 12 1 1 10 100 12 1 1 1 10 100 12 1 1 9 12 1 1 9 12 1 1 10 12 1 1 10 12 1 1 10 12 1 1 10 100 12 1 1 10 7 12 1 1 1 9 12 1 1 9 12 1 9 12 1 9 12 1 1 9 12 1 1 9 12 1 9 12 1 1 100 1 8 1 10 12 1 10 12 1 9 12 1 1 9 12 1 10 7 12 1 1 10 12 1 1 10 12 1 1 10 12 1 9 12 1 1 10 12 1 1 9 100 12 1 1 1 10 7 12 1 1 1 7 1 10 12 1 1 10 12 1 1 10 12 1 10 12 1 10 7 1 10 100 12 1 1 100 1 10 8 1 10 12 1 1 10 12 1 1 8 1 10 12 10 12 1 8 1 8 1 10 11 100 1 9 12 1 10 12 1 1 10 12 1 1 11 7 12 1 1 1 10 12 1 11 12 1 1 11 12 1 1 11 12 1 1 11 12 1 1 11 12 1 1 11 12 1 1 11 12 1 1 11 12 1 1 11 12 1 1 11 12 1 1 11 12 1 1 11 12 1 1 11 12 1 1 11 12 1 1 11 12 1 1 11 12 1 1 11 12 1 1 10 12 1 10 100 12 1 1 10 12 1 10 12 1 10 12 1 10 12 1 1 10 12 1 1 10 12 1 10 7 12 1 1 10 12 1 1 11 7 1 10 12 1 7 1 10 100 12 1 1 1 10 7 12 1 1 1 9 12 1 10 7 12 1 1 1 11 7 12 1 1 1 10 12 1 1 10 12 1 1 9 100 12 1 1 10 100 12 1 1 1 10 12 1 1 100 1 1 1 1 1 1 1 1 1 1 1 1 1 1 1 1 1 1 1 1 1 1 1 1 1 1 1 1 1 1 1 1 1 1 1 1 1 1 1 100 1 1 1 1 1 1 1 1 1 1 1 1 1 1 1 1 1 1 1 1 1 1 1 1 1 1 1 1 1 1 1 1 100 1 1 1 1 1 1 1 1 100 1 1 100 1 1
ciInstanceKlass java/lang/reflect/Parameter 0 0 256 10 100 12 1 1 1 9 100 12 1 1 1 9 12 1 1 9 12 1 1 9 12 1 10 12 1 1 10 12 1 1 10 100 12 1 1 1 100 1 10 10 12 1 1 11 100 12 1 1 1 10 12 1 10 100 12 1 1 1 10 12 1 1 10 12 1 10 12 1 8 1 8 1 10 100 12 1 1 1 10 12 1 10 12 9 100 12 1 1 1 9 100 12 1 1 1 10 12 1 1 10 12 1 1 10 100 12 1 1 1 10 12 1 8 1 10 12 1 9 12 1 1 10 12 1 1 9 12 1 1 10 12 1 1 10 12 1 1 10 12 1 1 10 12 1 10 10 12 1 10 100 12 1 1 1 10 12 1 1 11 100 12 1 1 10 100 12 1 1 100 1 10 100 12 1 1 1 10 12 1 1 10 12 1 1 10 12 1 1 10 12 1 1 9 12 1 100 1 10 11 12 1 11 12 1 1 100 1 1 1 1 1 1 1 1 1 1 1 1 1 1 1 1 1 1 1 1 1 1 1 1 1 1 1 1 1 1 1 1 1 1 1 1 1 1 1 100 1 1 1 1 1 100 1 1
ciInstanceKlass java/lang/reflect/RecordComponent 0 0 196 10 100 12 1 1 1 9 100 12 1 1 1 9 12 1 1 9 12 1 10 12 1 1 10 12 1 1 10 100 12 1 1 1 10 12 1 1 9 12 1 1 10 12 1 1 10 12 1 1 10 12 1 10 100 12 1 1 10 100 12 1 1 9 12 1 1 10 100 12 1 1 1 11 100 12 1 1 1 10 9 100 12 1 1 1 10 100 12 1 1 1 9 12 1 1 10 100 12 1 1 1 10 12 1 1 11 100 12 1 1 10 100 12 1 1 100 1 9 12 1 9 12 1 1 9 12 1 10 100 12 1 1 1 10 12 1 1 10 12 1 1 100 1 10 10 12 1 10 12 1 1 8 1 10 12 1 10 12 1 9 12 1 100 1 1 1 1 1 1 1 1 1 1 1 1 1 1 1 1 1 1 1 1 1 1 100 1 1 1 1 1 1 100 1 1
ciInstanceKlass java/lang/StringBuffer 0 0 487 10 100 12 1 1 1 10 12 1 10 12 1 10 12 1 1 9 100 12 1 1 1 10 12 1 1 10 12 1 10 12 1 1 9 12 1 1 10 12 1 10 12 1 1 10 12 1 1 10 12 1 10 12 1 1 10 12 1 10 12 1 1 10 12 1 1 10 100 12 1 1 1 10 12 1 1 10 12 1 10 12 1 10 12 1 10 12 1 10 12 1 10 12 1 10 12 1 10 12 1 10 12 1 10 12 1 10 12 1 10 12 1 10 12 1 10 12 1 1 10 12 1 10 12 1 1 10 12 1 1 10 10 12 1 1 10 12 1 10 12 1 10 12 1 10 12 1 10 12 1 10 12 1 10 12 10 12 1 10 12 1 10 12 1 10 12 1 1 10 12 1 10 12 1 10 10 12 1 1 10 12 1 10 12 1 10 12 1 8 1 10 12 1 10 10 100 12 1 1 1 10 10 12 1 1 9 12 1 1 10 100 12 1 1 10 100 1 8 10 100 12 1 1 1 8 10 12 1 8 1 10 12 1 10 12 1 10 100 12 1 1 1 10 100 12 1 1 1 100 1 10 12 100 1 8 1 10 10 12 1 1 10 12 1 1 10 12 1 10 12 1 10 12 1 1 10 12 1 10 12 1 10 12 1 10 12 1 10 12 1 10 12 10 12 1 10 12 1 10 12 1 10 12 1 10 12 1 10 12 1 10 12 1 10 12 1 10 12 1 10 12 1 10 12 10 12 10 12 1 10 12 1 10 12 1 10 12 10 12 1 10 12 1 10 12 1 10 12 1 10 12 1 10 12 1 10 12 1 10 12 1 10 12 1 10 12 1 10 12 1 100 1 10 12 1 9 100 12 1 1 1 9 100 1 9 12 1 1 100 1 100 1 100 1 100 1 1 1 1 5 0 1 1 1 1 1 1 1 1 1 1 1 1 1 1 1 1 1 1 1 1 1 1 1 1 1 1 1 1 1 1 1 1 1 1 1 1 1 1 1 1 1 1 1 1 1 1 1 1 1 1 1 1 1 1 1 1 1 1 1 1 100 1 1 1 1 1 100 1 1 1 1 1 1 1 1 1 1 1 1 1 1 1 1 1 1
instanceKlass java/lang/StringBuilder
instanceKlass java/lang/StringBuffer
ciInstanceKlass java/lang/AbstractStringBuilder 1 1 662 7 1 10 7 12 1 1 1 9 7 12 1 1 1 9 12 1 9 12 1 1 9 12 1 1 10 7 12 1 1 1 10 12 1 1 100 1 3 3 10 12 1 10 12 1 1 10 12 1 1 11 7 1 100 1 100 1 10 8 1 10 12 1 10 12 1 10 12 1 1 10 12 1 10 12 1 9 12 1 10 12 1 9 12 1 1 10 7 12 1 1 1 10 10 12 1 10 12 1 10 12 1 1 9 12 1 100 1 8 1 10 12 1 10 12 1 1 8 1 10 7 12 1 1 1 10 12 1 1 8 1 10 7 12 1 1 1 100 1 8 1 10 100 1 10 12 1 10 12 1 1 10 7 12 1 1 1 10 12 1 1 10 12 1 1 10 12 1 1 10 12 1 1 10 7 12 1 1 1 10 12 1 100 1 10 10 100 12 1 1 1 9 12 1 1 9 12 1 10 12 1 1 10 10 12 1 1 10 12 1 1 10 12 1 1 10 12 1 1 10 12 1 1 10 12 1 1 10 12 1 1 10 12 1 10 10 10 12 1 10 12 1 1 10 8 1 10 12 1 1 10 12 1 10 12 1 10 12 1 10 10 7 12 1 1 1 10 12 1 1 10 12 1 10 12 1 10 12 1 10 12 100 1 9 12 1 1 9 12 1 10 12 1 1 100 1 9 12 1 9 12 10 12 1 10 12 1 1 10 12 1 1 10 12 1 10 12 1 1 10 12 1 10 12 1 1 10 12 1 1 10 10 7 12 1 1 1 10 12 1 10 12 1 10 12 1 1 10 12 1 10 12 1 1 10 12 1 10 12 1 10 12 1 10 12 1 10 12 1 10 12 1 10 12 1 10 12 1 1 10 12 1 10 12 1 10 12 10 12 1 1 18 12 1 1 100 1 10 100 12 1 1 1 18 10 12 1 1 10 12 1 1 10 12 1 10 12 1 10 12 1 1 10 12 1 10 12 1 1 11 12 1 1 10 12 1 10 12 1 1 10 12 1 10 12 1 10 12 1 10 5 0 10 100 1 8 1 10 10 12 1 1 10 100 12 1 1 1 10 12 1 10 12 1 1 100 1 10 12 100 1 10 100 1 10 10 7 12 1 1 100 1 1 1 1 1 1 1 1 1 1 1 100 1 1 1 1 1 1 1 1 1 1 1 1 1 1 1 1 1 1 1 1 1 1 1 1 1 1 1 1 1 1 1 1 1 1 1 1 1 1 1 1 1 1 1 1 1 1 1 1 1 1 1 1 100 1 1 1 1 1 1 1 1 1 1 1 1 1 1 1 1 1 1 1 1 1 1 1 1 1 1 1 1 1 1 1 1 1 1 1 1 1 1 1 1 1 1 1 1 1 1 1 1 1 1 1 1 1 1 1 1 1 1 1 1 1 1 1 100 1 1 1 1 1 1 100 1 1 1 1 1 1 100 1 1 16 1 15 10 12 16 15 10 12 15 10 100 12 1 1 1 1 1 1 1 100 1 100 1 1
staticfield java/lang/AbstractStringBuilder EMPTYVALUE [B 0
staticfield java/lang/AbstractStringBuilder $assertionsDisabled Z 1
ciInstanceKlass java/lang/StringBuilder 1 1 425 10 7 12 1 1 1 10 12 1 10 12 1 10 12 1 1 10 7 12 1 1 1 10 7 12 1 1 1 10 12 1 10 12 1 10 12 1 10 12 1 10 12 1 10 12 1 10 12 1 10 12 1 10 12 1 10 12 1 10 12 1 10 12 1 10 12 1 10 12 1 1 10 12 1 10 12 1 1 10 12 1 1 10 12 1 10 12 1 10 12 1 10 12 1 10 12 1 10 12 1 10 12 1 10 12 10 12 1 10 12 1 10 12 1 10 12 1 1 10 12 1 10 12 1 10 12 10 12 1 1 10 12 1 10 12 1 10 12 1 1 8 1 10 12 1 10 100 12 1 1 1 9 12 1 1 10 12 1 10 12 1 10 12 1 1 9 12 1 1 10 100 12 1 1 1 10 100 1 10 12 1 1 10 100 12 1 1 10 12 1 10 12 1 1 100 1 100 1 8 1 10 10 12 1 1 10 12 1 10 12 1 10 12 1 1 10 12 1 10 12 1 10 12 1 10 12 1 10 12 1 10 12 10 12 1 10 12 1 10 12 1 10 12 1 10 12 1 10 12 1 10 12 1 10 12 1 10 12 1 1 10 12 1 1 10 12 1 10 12 1 10 12 1 10 12 10 12 10 12 1 10 12 1 10 12 1 10 12 10 12 1 10 12 1 10 12 1 10 12 1 10 12 1 10 12 1 10 12 1 10 12 1 10 12 1 1 10 12 1 10 12 1 1 10 12 1 10 12 1 1 10 12 1 10 12 1 1 10 12 1 10 12 1 10 12 1 10 10 10 12 1 100 1 100 1 100 1 100 1 1 1 1 5 0 1 1 1 1 1 1 1 1 1 1 1 1 1 1 1 1 1 1 1 1 1 1 1 1 1 1 1 1 1 1 1 1 1 1 1 1 1 1 1 1 1 1 1 1 100 1 1 1 100 1 1 1 1 1 1 1 1 1 1 1
ciInstanceKlass java/security/CodeSource 1 1 396 10 7 12 1 1 1 9 7 12 1 1 1 9 12 1 1 9 12 1 1 9 12 1 1 10 7 12 1 1 1 9 12 1 1 10 100 12 1 1 10 100 10 100 12 1 1 1 10 12 1 1 10 12 1 1 100 1 10 10 100 12 1 1 1 10 100 12 1 1 1 10 12 1 1 100 1 10 12 1 1 10 12 1 1 10 12 1 1 10 12 1 10 10 100 1 10 12 1 1 10 100 12 1 1 1 10 12 1 1 10 12 1 10 12 1 8 1 10 12 1 10 12 1 10 12 1 1 10 12 1 8 1 10 12 1 1 10 100 1 10 10 12 1 1 8 1 10 12 1 10 12 1 10 12 1 8 1 8 1 9 12 1 1 100 1 8 1 10 12 1 10 12 1 1 8 1 10 12 1 8 1 8 1 8 1 10 100 12 1 1 10 12 1 1 10 12 1 10 12 1 1 10 12 1 1 10 12 1 1 100 1 100 1 10 12 1 10 12 10 12 1 1 10 100 12 1 1 10 12 1 100 1 10 12 10 100 12 1 1 1 10 8 1 10 12 1 10 12 1 1 100 1 10 12 1 1 100 1 100 1 8 1 8 1 10 10 12 1 1 10 100 12 1 1 1 100 1 10 12 10 12 1 1 11 100 12 1 1 10 10 12 1 11 10 12 1 8 1 100 1 10 12 1 10 12 1 1 10 12 1 11 12 1 1 100 1 1 1 1 5 0 1 1 1 1 1 1 1 1 1 1 1 1 1 1 1 1 1 1 1 1 1 1 1 1 1 1 1 1 1 1 1 1 1 1 1 1 1 1 1 1 1 1 1 1 1 1 1 1 1 1 1 1 1 1 1 1 1 1 1 1 1 1 1 1 1 1 100 1 1 1 1 1 1 1
ciInstanceKlass java/security/ProtectionDomain 1 1 141 10 7 12 1 1 1 9 7 12 1 1 1 9 12 1 1 9 12 1 1 10 7 12 1 1 7 1 9 12 1 9 12 1 1 7 1 9 12 1 1 9 12 1 10 100 12 1 1 10 100 12 1 1 1 10 12 1 1 10 12 1 8 1 100 1 8 1 10 12 1 10 11 12 1 1 10 100 12 1 1 1 10 12 1 1 8 1 11 8 1 10 12 1 8 1 8 1 8 1 10 12 1 8 1 8 1 1 1 1 1 1 1 1 100 1 1 100 1 1 1 1 1 1 1 1 1 1 1 1 1 1 1 1 1 1 1 100 1 1 1
instanceKlass com/sun/javafx/reflect/MethodUtil
instanceKlass sun/reflect/misc/MethodUtil
instanceKlass java/net/URLClassLoader
instanceKlass jdk/internal/loader/BuiltinClassLoader
ciInstanceKlass java/security/SecureClassLoader 1 1 99 10 7 12 1 1 1 7 1 10 12 1 9 7 12 1 1 1 10 12 1 10 12 1 10 12 1 1 10 12 1 1 10 12 1 7 1 10 7 1 10 12 1 7 1 10 12 1 11 7 12 1 1 1 7 1 11 12 1 10 12 1 1 1 1 1 1 1 1 1 1 1 1 1 1 1 1 1 1 1 1 1 1 1 1 1 1 1 1 1 1 1 1 1 1 1 1 1 1
ciInstanceKlass java/net/URL 1 1 736 10 7 12 1 1 1 10 12 1 10 7 12 1 1 9 12 1 1 9 12 1 10 12 1 1 9 12 1 1 10 7 12 1 1 1 8 1 10 12 1 1 7 1 10 10 12 1 1 8 1 10 12 1 1 9 12 1 7 1 8 1 10 12 1 10 12 1 8 1 9 12 1 10 12 1 1 9 12 1 10 12 1 10 12 1 9 12 1 9 12 1 8 1 9 12 1 10 12 1 1 8 1 9 12 1 1 10 12 1 1 10 7 12 1 1 1 8 1 10 12 1 7 1 10 12 1 10 12 1 10 12 1 10 12 1 1 10 12 1 1 8 1 10 12 1 1 10 12 1 8 1 9 12 1 8 1 10 12 1 10 7 12 1 1 1 100 1 10 12 1 10 12 1 1 10 7 12 1 1 1 100 1 8 1 10 10 12 1 8 1 10 12 1 1 10 12 1 10 12 1 10 12 1 10 12 1 10 12 1 10 12 1 8 1 10 12 1 8 1 10 10 100 1 10 10 12 1 8 1 10 7 12 1 1 1 10 12 1 9 12 1 1 10 12 1 10 100 12 1 1 1 100 1 10 12 1 10 12 1 10 12 1 10 12 1 10 12 1 10 12 10 10 12 1 8 1 100 1 10 100 12 1 1 1 10 12 1 1 10 12 1 10 12 1 1 8 1 9 100 12 1 1 1 10 100 12 1 1 1 10 12 1 10 12 1 10 7 12 1 1 1 10 12 1 1 10 12 1 9 12 1 1 9 12 1 1 100 1 8 1 10 9 12 1 1 10 7 12 1 1 8 1 10 7 12 1 1 8 1 10 12 1 1 10 12 1 8 1 8 1 10 7 12 1 1 1 100 1 10 100 12 1 1 1 10 12 1 10 12 1 9 100 12 1 1 1 10 100 12 1 1 10 12 1 1 10 12 1 8 1 100 1 10 100 12 1 1 1 10 12 1 1 11 100 12 1 1 11 12 1 10 12 1 10 12 1 8 9 100 12 1 1 1 10 12 1 1 10 12 1 10 12 1 1 10 7 12 1 1 11 7 1 10 12 1 10 12 1 9 12 1 10 12 1 1 10 100 12 1 1 10 100 12 1 1 1 8 10 100 12 1 1 100 1 10 8 8 10 12 1 8 8 8 100 1 10 12 1 9 12 1 1 10 12 1 10 12 1 1 10 12 1 10 12 10 12 1 1 10 12 1 1 10 10 10 12 1 10 12 1 10 12 1 10 12 1 10 12 1 10 10 12 1 100 1 8 1 10 10 10 12 1 1 10 12 1 10 12 1 1 8 1 7 1 10 10 7 1 10 12 1 9 7 12 1 1 1 9 12 1 1 7 1 10 10 7 12 1 1 1 100 1 1 1 1 1 5 0 1 1 1 1 1 1 1 1 1 1 1 1 1 1 1 1 1 1 1 1 1 1 1 1 1 1 1 1 1 1 1 1 1 1 1 1 1 1 1 1 1 1 1 1 1 1 100 1 1 1 1 1 1 1 1 1 1 1 1 1 1 1 1 1 1 1 1 1 1 1 1 1 1 1 1 1 1 1 1 1 1 1 1 100 1 1 1 1 1 1 1 1 1 1 1 1 1 1 1 1 1 1 1 1 1 1 1 100 1 1 1 1 1 1 1 1 1 1 1 1 1 1 1 1 1 1 1
staticfield java/net/URL defaultFactory Ljava/net/URLStreamHandlerFactory; java/net/URL$DefaultFactory
staticfield java/net/URL handlers Ljava/util/Hashtable; java/util/Hashtable
staticfield java/net/URL streamHandlerLock Ljava/lang/Object; java/lang/Object
staticfield java/net/URL serialPersistentFields [Ljava/io/ObjectStreamField; 7 [Ljava/io/ObjectStreamField;
ciInstanceKlass java/util/jar/Manifest 1 1 320 10 7 12 1 1 1 7 1 10 9 7 12 1 1 1 7 1 10 9 12 1 1 9 12 1 1 10 12 1 10 12 1 1 10 12 1 1 10 12 1 1 10 12 1 1 11 7 1 11 12 1 1 10 12 1 1 10 100 12 1 1 1 100 1 100 1 10 8 1 10 12 1 1 10 12 1 1 10 12 1 10 12 1 11 100 1 10 12 1 10 12 1 1 11 12 1 1 10 12 1 11 12 1 1 11 100 12 1 1 1 11 100 12 1 1 11 12 1 1 100 1 10 12 1 8 1 11 12 1 100 1 10 12 1 1 11 12 1 10 12 1 10 12 1 10 9 100 12 1 1 1 10 12 1 1 10 100 12 1 10 12 1 10 12 1 9 100 12 1 1 1 8 1 10 12 1 8 1 8 1 7 1 10 12 1 10 12 1 10 12 1 1 100 1 8 1 10 12 1 1 8 1 10 10 12 1 1 8 1 10 12 1 1 10 100 12 1 1 1 10 12 1 10 11 12 1 1 10 12 1 1 10 100 12 1 1 1 10 12 1 1 10 12 1 10 12 1 1 11 10 12 1 11 10 12 1 100 1 1 1 1 1 1 1 1 1 1 1 1 1 1 1 1 1 1 1 1 1 1 1 1 1 1 1 1 1 1 1 1 1 1 1 100 1 1 1 1 1 1 1 1 1 1 1 1 1 1 100 1 1 1 1 1 1 1 1 1 1 1
ciInstanceKlass java/io/ByteArrayInputStream 1 1 135 10 7 12 1 1 1 9 7 12 1 1 1 9 12 1 1 9 12 1 9 12 1 10 100 12 1 1 1 10 7 12 1 1 1 10 7 12 1 1 1 10 7 12 1 1 1 10 12 1 1 10 100 12 1 1 1 100 1 100 1 100 1 3 10 100 1 10 100 12 1 1 1 9 12 1 1 100 1 10 10 7 12 1 1 1 1 1 1 1 1 1 1 1 1 1 1 1 1 1 1 1 1 1 1 1 1 1 1 1 1 1 1 1 1 1 1 1 100 1 100 1 1 1 1 1 1 1 1 1 1 1 1 1 1
staticfield java/io/ByteArrayInputStream $assertionsDisabled Z 1
instanceKlass java/nio/DoubleBuffer
instanceKlass java/nio/ShortBuffer
instanceKlass java/nio/FloatBuffer
instanceKlass java/nio/IntBuffer
instanceKlass java/nio/CharBuffer
instanceKlass java/nio/LongBuffer
instanceKlass java/nio/ByteBuffer
ciInstanceKlass java/nio/Buffer 1 1 259 100 1 10 7 12 1 1 1 9 7 12 1 1 1 9 12 1 9 12 1 1 9 12 1 9 12 1 1 10 12 1 1 10 12 1 1 10 12 100 1 100 1 10 8 1 10 12 1 1 10 12 1 8 1 8 1 10 12 1 1 10 12 1 8 1 9 12 1 1 100 1 8 1 10 12 1 8 1 8 1 9 12 10 12 1 8 1 8 1 8 1 10 12 1 8 1 8 1 8 1 100 1 10 100 1 10 100 1 10 9 12 1 1 10 7 12 1 1 1 100 1 10 12 1 1 10 12 1 10 100 12 1 1 10 7 12 1 1 1 10 7 12 1 1 1 9 12 1 1 10 7 12 1 1 1 9 12 1 1 7 1 10 10 12 1 1 7 1 10 10 7 12 1 1 1 1 1 3 1 1 1 1 1 1 1 1 1 1 1 1 1 1 100 1 1 1 1 1 1 1 100 1 1 1 1 1 1 1 1 1 1 1 1 1 1 1 1 1 1 1 1 1 1 1 1 1 1 1 1 1 1 1 1 1 1 1 1 1 1 1 1 1 1 100 1 100 1 100 1 100 1 100 1 100 1 100 1 1
staticfield java/nio/Buffer UNSAFE Ljdk/internal/misc/Unsafe; jdk/internal/misc/Unsafe
staticfield java/nio/Buffer SCOPED_MEMORY_ACCESS Ljdk/internal/misc/ScopedMemoryAccess; jdk/internal/misc/ScopedMemoryAccess
staticfield java/nio/Buffer IOOBE_FORMATTER Ljava/util/function/BiFunction; jdk/internal/util/Preconditions$4
staticfield java/nio/Buffer $assertionsDisabled Z 1
ciInstanceKlass java/lang/AssertionStatusDirectives 0 0 24 10 100 12 1 1 1 100 1 1 1 1 1 1 1 1 1 1 1 1 1 1 1 1
instanceKlass com/sun/javafx/runtime/async/AbstractRemoteResource$SizedStream
instanceKlass jdk/internal/foreign/Utils$1VarHandleCache
instanceKlass java/nio/DirectByteBuffer$Deallocator
instanceKlass com/sun/javafx/scene/text/TextLayout$CaretGeometry$Split
instanceKlass com/sun/javafx/scene/text/TextLayout$CaretGeometry$Single
instanceKlass com/sun/javafx/css/TransitionDefinition
instanceKlass jdk/internal/classfile/impl/AbstractInstruction$SwitchCaseImpl
instanceKlass com/sun/javafx/stage/HeaderButtonMetrics
instanceKlass com/sun/glass/ui/HeaderButtonMetrics
instanceKlass com/sun/javafx/application/preferences/ChangedValue
instanceKlass com/sun/javafx/application/preferences/PreferenceMapping
instanceKlass jdk/jfr/internal/jfc/model/Constraint
instanceKlass jdk/jfr/internal/query/ViewFile$ViewConfiguration
instanceKlass jdk/jfr/internal/dcmd/Argument
instanceKlass java/lang/invoke/StringConcatFactory$InlineHiddenClassStrategy$MethodHandlePair
instanceKlass java/util/Formatter$FixedString
instanceKlass jdk/internal/classfile/impl/StackCounter$Target
instanceKlass jdk/internal/classfile/impl/StackMapDecoder$StackMapFrameImpl
instanceKlass jdk/internal/classfile/impl/StackMapDecoder$ObjectVerificationTypeInfoImpl
instanceKlass java/lang/reflect/Proxy$ProxyBuilder$ProxyClassContext
instanceKlass jdk/net/UnixDomainPrincipal
instanceKlass java/lang/ClassValue$Version
instanceKlass sun/util/locale/LanguageTag
instanceKlass java/security/SecureClassLoader$CodeSourceKey
instanceKlass jdk/internal/module/ModuleReferenceImpl$CachedHash
instanceKlass java/util/zip/ZipFile$EntryPos
instanceKlass java/util/stream/Collectors$CollectorImpl
instanceKlass java/lang/invoke/MethodHandles$Lookup$ClassDefiner
instanceKlass jdk/internal/classfile/impl/ClassHierarchyImpl$ClassHierarchyInfoImpl
instanceKlass java/lang/classfile/ClassHierarchyResolver$1Factory
instanceKlass jdk/internal/classfile/impl/RawBytecodeHelper$CodeRange
instanceKlass jdk/internal/classfile/impl/StackMapGenerator$Type
instanceKlass jdk/internal/classfile/impl/Util$1WithCodeMethodHandler
instanceKlass jdk/internal/classfile/impl/DirectCodeBuilder$DeferredLabel
instanceKlass java/lang/invoke/InvokerBytecodeGenerator$ClassData
instanceKlass jdk/internal/classfile/impl/AnnotationImpl
instanceKlass sun/nio/fs/WindowsPathParser$Result
instanceKlass jdk/internal/reflect/ReflectionFactory$Config
instanceKlass jdk/internal/foreign/abi/UpcallLinker$CallRegs
instanceKlass jdk/internal/foreign/abi/VMStorage
ciInstanceKlass java/lang/Record 1 1 22 10 7 12 1 1 1 100 1 1 1 1 1 1 1 1 1 1 1 1 1 1
ciInstanceKlass java/util/concurrent/ConcurrentHashMap 1 1 1219 100 1 7 1 10 7 12 1 1 1 10 12 1 1 9 12 1 1 3 10 7 12 1 1 1 3 100 1 10 7 12 1 1 1 100 1 10 100 12 1 1 1 100 1 11 12 1 1 11 12 1 11 12 1 1 9 12 1 1 9 12 1 9 12 1 1 10 7 12 1 1 1 7 1 10 12 1 1 10 12 1 1 10 7 12 1 1 1 4 10 12 1 11 7 12 1 1 10 12 1 10 12 1 1 100 1 10 5 0 10 12 1 9 12 1 10 12 1 1 5 0 10 12 1 10 12 1 9 12 1 1 10 12 1 1 9 12 1 9 12 1 1 10 12 1 1 9 12 1 10 12 1 1 9 12 1 1 10 12 1 1 100 1 10 100 1 10 12 1 10 12 1 1 10 12 1 1 10 12 1 1 10 12 1 10 12 1 1 10 12 1 1 100 1 10 12 1 1 7 1 100 1 8 1 10 12 1 10 12 1 1 10 12 1 1 10 10 12 1 11 12 1 1 11 7 12 1 1 1 11 7 12 1 1 1 11 12 1 7 1 11 12 1 11 12 1 10 12 1 1 10 12 1 1 9 12 1 1 10 100 12 1 1 1 9 10 12 1 1 9 12 1 10 12 1 1 5 0 9 12 1 1 7 1 10 12 1 9 12 1 1 7 1 10 12 1 9 12 1 7 1 10 100 1 10 10 12 1 1 8 1 10 12 1 10 12 1 1 11 100 1 10 12 1 10 100 12 1 1 1 8 1 10 100 12 1 1 1 8 1 10 12 1 8 1 10 12 1 10 12 1 1 10 100 12 1 1 10 12 1 10 12 1 10 12 1 9 12 1 9 10 12 1 9 12 1 11 100 12 1 1 1 11 7 12 1 1 1 100 1 10 12 11 100 12 1 1 10 11 7 12 1 10 12 1 100 1 10 12 1 100 1 10 10 9 7 12 1 1 1 3 10 100 12 1 1 9 12 1 10 12 1 1 9 12 1 1 9 12 1 10 12 1 1 10 100 12 1 1 9 12 1 9 7 12 1 1 10 12 1 1 10 12 1 3 9 12 1 9 12 1 10 12 1 1 7 1 9 3 100 1 10 12 1 9 12 1 10 12 1 9 12 1 10 12 1 9 12 1 10 100 12 1 1 1 100 10 12 1 100 1 5 0 10 100 12 1 1 100 1 10 12 1 1 10 12 1 10 12 1 100 1 10 12 1 10 100 1 100 1 10 10 12 1 10 100 1 10 12 1 10 100 1 10 12 1 10 100 1 10 12 1 1 100 1 10 12 1 10 10 12 1 100 1 10 12 1 10 10 12 1 100 1 10 12 1 10 100 1 10 12 1 10 100 1 10 12 1 10 100 1 10 12 1 10 100 1 10 12 1 10 100 1 10 12 1 10 100 1 10 12 1 10 100 1 10 12 1 10 100 1 10 10 100 1 10 10 100 1 10 10 100 1 10 12 1 10 100 1 10 12 1 10 100 1 10 12 1 10 100 1 10 12 1 10 100 1 10 12 1 10 100 1 10 10 100 1 10 10 100 1 10 10 100 1 10 12 1 10 100 1 10 12 1 10 100 1 10 12 1 10 100 1 10 12 1 10 100 1 10 12 1 10 10 12 1 10 12 1 7 1 7 1 10 12 1 9 12 1 1 9 12 1 1 10 12 1 1 8 10 12 1 1 8 8 8 8 7 10 12 1 1 10 12 1 1 100 1 8 1 10 7 1 100 1 100 1 1 1 5 0 1 1 3 1 3 1 1 1 1 3 1 3 1 3 1 1 1 1 1 3 1 3 1 3 1 1 1 1 1 1 1 1 1 1 1 1 1 1 1 1 1 1 1 1 1 1 1 1 1 1 1 100 1 1 1 1 1 1 1 1 1 1 1 1 1 1 1 1 1 1 1 1 1 1 1 1 1 1 1 1 1 1 1 1 1 1 1 1 1 1 1 1 1 1 1 1 1 1 1 1 1 1 1 1 1 1 1 1 1 1 1 1 1 1 1 1 1 1 1 1 1 1 1 1 1 1 1 1 1 1 1 1 1 1 1 1 100 1 1 1 1 1 1 1 1 1 1 1 100 1 1 1 1 1 1 1 1 1 1 1 1 1 1 1 1 1 1 1 1 1 1 1 1 1 1 1 1 1 1 1 1 1 1 1 1 1 1 1 1 1 1 1 1 1 1 1 1 1 1 1 1 1 1 1 1 1 1 1 1 1 1 1 1 1 1 1 1 1 1 1 1 1 1 1 1 1 1 1 1 1 1 1 1 1 1 1 1 1 1 1 1 1 1 1 1 1 1 1 1 1 1 1 1 1 1 1 1 1 1 1 1 1 1 1 1 1 1 1 1 1 1 1 1 1 1 1 1 1 1 1 1 1 1 1 1 1 1 1 1 1 1 1 1 1 1 1 1 1 1 1 1 1 1 1 1 1 1 1 1 1 1 1 1 1 1 1 1 1 1 1 1 1 1 1 1 1 1 1 1 1 1 1 1 1 1 1 1 1 1 1 1 1 1 1 1 1 1 1 1 1 1 1 1 1 1 1 1 1 1 1 1 1 1 1 1 1 1 1 1 1 1 1 100 1 100 1 100 1 100 1 100 1 100 1 100 1 100 1 100 1 1 1 1 1 1 1 1 1 1 1 1 1 1 1 1 1 1 1 1 1 1 1 1 1 1 1 1 1 1 1 1 1 1 1 1 1 1 1 1 1 1 1 1 1 1 1 1 1 1 1 1 1 1 1 1 1 1
staticfield java/util/concurrent/ConcurrentHashMap serialPersistentFields [Ljava/io/ObjectStreamField; 3 [Ljava/io/ObjectStreamField;
staticfield java/util/concurrent/ConcurrentHashMap U Ljdk/internal/misc/Unsafe; jdk/internal/misc/Unsafe
staticfield java/util/concurrent/ConcurrentHashMap SIZECTL J 44
staticfield java/util/concurrent/ConcurrentHashMap TRANSFERINDEX J 56
staticfield java/util/concurrent/ConcurrentHashMap BASECOUNT J 48
staticfield java/util/concurrent/ConcurrentHashMap CELLSBUSY J 60
staticfield java/util/concurrent/ConcurrentHashMap CELLVALUE J 144
staticfield java/util/concurrent/ConcurrentHashMap ABASE J 16
staticfield java/util/concurrent/ConcurrentHashMap ASHIFT I 2
instanceKlass com/sun/javafx/scene/KeyboardShortcutsHandler$CopyOnWriteMap
instanceKlass com/sun/javafx/fxml/builder/JavaFXFontBuilder
instanceKlass com/sun/javafx/fxml/builder/JavaFXImageBuilder
instanceKlass com/sun/javafx/fxml/BeanAdapter
instanceKlass javafx/collections/FXCollections$EmptyObservableMap
instanceKlass java/util/Collections$SingletonMap
instanceKlass com/sun/javafx/application/preferences/PlatformPreferences
instanceKlass java/util/TreeMap
instanceKlass java/util/concurrent/ConcurrentSkipListMap
instanceKlass java/util/stream/Collectors$Partition
instanceKlass java/util/IdentityHashMap
instanceKlass java/util/EnumMap
instanceKlass java/util/WeakHashMap
instanceKlass java/util/Collections$EmptyMap
instanceKlass sun/util/PreHashedMap
instanceKlass java/util/HashMap
instanceKlass java/util/ImmutableCollections$AbstractImmutableMap
instanceKlass java/util/concurrent/ConcurrentHashMap
ciInstanceKlass java/util/AbstractMap 1 1 198 10 7 12 1 1 1 10 7 12 1 1 1 11 7 12 1 1 1 10 11 12 1 1 11 7 12 1 1 1 11 12 1 1 7 1 11 12 1 10 12 1 1 11 12 1 100 1 10 11 12 1 11 7 1 10 12 1 1 11 12 1 9 12 1 1 7 1 10 12 1 9 12 1 1 100 1 10 11 11 12 1 1 11 12 1 100 1 100 1 11 12 1 8 1 100 1 10 10 12 1 1 8 1 10 12 1 10 12 1 1 10 12 1 1 1 1 1 1 1 1 1 1 1 1 1 1 1 1 1 1 1 1 1 1 1 1 1 1 1 1 1 1 1 1 1 1 1 1 1 1 1 1 100 1 1 1 1 1 1 1 100 1 1 1 1 1 1 1 1 1 7 1 1 1 1 1 1 1 1 1 100 1 100 1 100 1 100 1 100 1 1 1 1 1 1 1 1
ciInstanceKlass java/util/concurrent/ConcurrentMap 1 1 201 11 100 12 1 1 1 10 100 12 1 1 11 12 1 1 11 100 12 1 1 1 11 100 12 1 1 1 11 12 1 1 100 1 11 12 1 11 12 1 100 1 11 100 12 1 1 1 18 12 1 11 12 1 1 11 100 12 1 1 11 12 1 1 11 100 12 1 11 12 1 1 11 12 1 1 100 1 100 1 1 1 1 1 1 1 1 1 1 1 1 1 1 1 1 1 1 1 1 1 1 1 1 1 1 1 1 1 1 1 1 1 1 1 1 1 1 1 1 1 1 1 1 1 1 1 1 1 1 1 1 1 1 1 1 1 1 1 1 16 15 11 12 15 10 100 12 1 1 1 1 1 100 1 100 1 1 1 100 1 8 1 1 12 10 1 8 1 1 1 8 1 8 1 1 8 1 1 1 8 1 1 1 8 1 1 8 1 8 1 1 1 8 1 1 8 1 1 1 8 1
ciInstanceKlass java/util/Collection 1 1 115 11 7 12 1 1 1 7 1 11 7 12 1 1 1 10 7 12 1 1 1 11 12 1 1 11 7 12 1 1 1 11 12 1 1 11 7 12 1 1 1 11 12 1 1 10 100 12 1 1 1 11 12 1 10 7 12 1 1 1 100 1 100 1 1 1 1 1 1 1 1 1 1 1 1 1 1 1 1 1 1 1 1 1 1 1 1 1 1 1 1 1 1 1 1 1 1 1 1 1 1 1 1 1 1 1 1 1 1 1 1 1 1 1 1
instanceKlass jdk/internal/loader/ClassLoaders$BootClassLoader
instanceKlass jdk/internal/loader/ClassLoaders$PlatformClassLoader
instanceKlass jdk/internal/loader/ClassLoaders$AppClassLoader
ciInstanceKlass jdk/internal/loader/BuiltinClassLoader 1 1 652 9 7 12 1 1 1 10 7 12 1 1 1 10 7 12 1 1 1 9 12 1 1 9 12 1 1 7 1 10 12 1 9 12 1 10 12 1 9 12 1 10 7 12 1 1 1 10 7 12 1 1 1 10 7 12 1 1 1 11 7 12 1 1 1 100 1 100 1 10 10 12 1 1 8 1 10 12 1 10 12 7 1 10 12 1 10 12 1 1 11 7 12 1 1 1 11 7 12 1 1 1 11 12 1 1 7 1 8 1 8 1 10 9 12 1 1 10 7 12 1 1 11 12 1 1 10 12 1 1 10 12 1 1 10 12 1 1 11 7 12 1 1 1 10 7 12 1 1 7 1 10 100 12 1 1 1 10 7 12 1 1 1 10 12 1 10 12 1 100 1 8 1 10 12 1 1 10 8 1 10 12 1 1 10 12 1 1 10 12 1 1 11 7 12 1 1 11 12 1 7 1 10 11 12 1 1 11 10 12 1 1 7 1 10 12 1 10 7 12 1 10 12 1 11 12 1 1 11 7 1 11 12 1 7 1 10 12 1 1 100 1 100 1 11 12 1 1 10 12 1 10 12 10 12 1 10 7 12 1 1 1 7 1 10 10 12 1 1 10 12 1 1 10 12 1 1 10 12 1 9 12 1 1 100 1 10 10 12 1 1 10 12 1 1 10 12 1 10 12 10 12 1 1 10 12 1 1 10 12 1 1 10 12 1 10 12 1 1 10 12 1 1 10 12 1 10 12 1 1 10 12 1 7 1 10 12 10 7 12 1 1 1 10 12 1 11 12 1 7 1 10 12 1 7 1 100 1 10 12 1 10 12 1 11 12 1 1 10 12 1 1 10 12 1 1 10 12 1 1 10 12 1 1 10 12 1 10 12 1 10 12 1 10 12 1 8 1 10 12 1 1 10 7 12 1 1 10 12 1 100 1 8 1 8 1 10 10 12 1 8 1 8 1 10 7 12 1 1 1 11 7 12 1 1 1 9 7 12 1 1 1 10 7 12 1 1 1 9 12 1 9 12 1 9 12 1 9 12 1 9 12 1 9 12 1 10 7 12 1 1 1 8 1 10 12 1 7 1 10 11 12 1 1 10 12 10 12 1 10 12 1 100 1 10 12 1 10 12 1 11 11 12 1 10 7 12 1 1 10 7 12 1 1 8 1 10 7 12 1 1 10 12 1 1 1 1 1 1 1 1 1 1 1 1 1 1 1 1 1 1 1 1 1 1 1 1 1 1 1 1 1 1 1 1 1 1 1 1 1 1 1 1 1 1 1 1 1 1 1 1 1 1 1 1 1 1 1 100 1 1 1 1 1 1 1 1 1 1 1 1 1 100 1 100 1 1 1 1 1 1 1 1 1 1 1 1 1 1 1 1 1 1 1 1 1 1 1 1 1 1 1 1 1 1 1 1 1 1 1 1 1 1 1 1 1 1 1 1 1 1 1 100 1 1 1 100 1 1 1 1 1
staticfield jdk/internal/loader/BuiltinClassLoader packageToModule Ljava/util/Map; java/util/concurrent/ConcurrentHashMap
staticfield jdk/internal/loader/BuiltinClassLoader $assertionsDisabled Z 1
ciInstanceKlass jdk/internal/loader/ClassLoaders$AppClassLoader 1 1 57 8 1 10 7 12 1 1 1 10 7 12 1 1 1 10 12 1 1 10 7 12 1 1 1 100 1 10 12 1 1 1 1 1 1 1 1 1 1 1 1 1 1 1 1 1 1 1 1 1 1 1 1 100 1 1 1
ciInstanceKlass jdk/internal/loader/ClassLoaders$PlatformClassLoader 1 1 42 8 1 10 7 12 1 1 1 10 7 12 1 1 1 100 1 10 12 1 100 1 1 1 1 1 1 1 1 1 1 1 1 1 1 100 1 1 1 100 1 1
ciInstanceKlass java/lang/ArithmeticException 1 1 26 10 100 12 1 1 1 10 12 1 100 1 1 1 1 5 0 1 1 1 1 1 1 1 1 1
instanceKlass javafx/scene/transform/NonInvertibleTransformException
instanceKlass javafx/css/CssParser$ParseException
instanceKlass java/net/URISyntaxException
instanceKlass javax/xml/stream/XMLStreamException
instanceKlass com/sun/javafx/geom/transform/NoninvertibleTransformException
instanceKlass java/util/concurrent/ExecutionException
instanceKlass java/lang/CloneNotSupportedException
instanceKlass javax/management/JMException
instanceKlass java/security/GeneralSecurityException
instanceKlass java/lang/InterruptedException
instanceKlass java/io/IOException
instanceKlass sun/nio/fs/WindowsException
instanceKlass java/lang/ReflectiveOperationException
instanceKlass java/lang/RuntimeException
ciInstanceKlass java/lang/Exception 1 1 40 10 7 12 1 1 1 10 12 1 10 12 1 10 12 1 10 12 1 100 1 1 1 1 5 0 1 1 1 1 1 1 1 1 1 1 1 1 1 1
instanceKlass java/lang/WrongThreadException
instanceKlass java/util/ConcurrentModificationException
instanceKlass com/sun/javafx/geom/IllegalPathStateException
instanceKlass java/lang/reflect/UndeclaredThrowableException
instanceKlass com/sun/javafx/fxml/PropertyNotFoundException
instanceKlass java/util/NoSuchElementException
instanceKlass com/sun/javafx/geom/transform/SingularMatrixException
instanceKlass java/lang/SecurityException
instanceKlass java/lang/MatchException
instanceKlass java/lang/UnsupportedOperationException
instanceKlass java/lang/IllegalStateException
instanceKlass java/lang/IllegalArgumentException
instanceKlass java/lang/IndexOutOfBoundsException
instanceKlass java/lang/ArithmeticException
instanceKlass java/lang/NullPointerException
instanceKlass java/lang/IllegalCallerException
instanceKlass java/lang/IllegalMonitorStateException
instanceKlass java/lang/ArrayStoreException
instanceKlass java/lang/ClassCastException
ciInstanceKlass java/lang/RuntimeException 1 1 40 10 7 12 1 1 1 10 12 1 10 12 1 10 12 1 10 12 1 100 1 1 1 1 5 0 1 1 1 1 1 1 1 1 1 1 1 1 1 1
ciInstanceKlass java/lang/ArrayIndexOutOfBoundsException 1 1 45 10 100 12 1 1 1 10 12 1 100 1 10 8 1 10 12 1 1 10 12 1 10 12 1 1 100 1 1 1 1 5 0 1 1 1 1 1 1 1 1 1 1 1 1
ciInstanceKlass java/lang/ArrayStoreException 1 1 26 10 100 12 1 1 1 10 12 1 100 1 1 1 1 5 0 1 1 1 1 1 1 1 1 1
ciInstanceKlass java/lang/ClassCastException 1 1 26 10 100 12 1 1 1 10 12 1 100 1 1 1 1 5 0 1 1 1 1 1 1 1 1 1
ciInstanceKlass java/lang/ClassNotFoundException 1 1 96 7 1 10 7 12 1 1 1 10 12 1 10 12 1 1 10 100 12 1 1 1 8 1 10 100 12 1 1 1 10 7 12 1 1 10 100 12 1 1 1 10 100 12 1 1 1 10 12 1 1 7 1 10 12 1 9 12 1 1 1 1 1 5 0 1 1 1 1 1 1 1 1 1 1 1 1 1 1 1 1 1 1 100 1 1 1 1 1 1 1 1 1 1 1 1
staticfield java/lang/ClassNotFoundException serialPersistentFields [Ljava/io/ObjectStreamField; 1 [Ljava/io/ObjectStreamField;
instanceKlass java/lang/InstantiationException
instanceKlass java/lang/IllegalAccessException
instanceKlass java/lang/reflect/InvocationTargetException
instanceKlass java/lang/NoSuchFieldException
instanceKlass java/lang/NoSuchMethodException
instanceKlass java/lang/ClassNotFoundException
ciInstanceKlass java/lang/ReflectiveOperationException 1 1 34 10 7 12 1 1 1 10 12 1 10 12 1 10 12 1 100 1 1 1 1 5 0 1 1 1 1 1 1 1 1 1 1 1
ciInstanceKlass java/lang/IllegalCallerException 0 0 35 10 100 12 1 1 1 10 12 1 10 12 1 10 12 1 100 1 1 1 1 5 0 1 1 1 1 1 1 1 1 1 1 1 1
ciInstanceKlass java/lang/IllegalMonitorStateException 1 1 26 10 100 12 1 1 1 10 12 1 100 1 1 1 1 5 0 1 1 1 1 1 1 1 1 1
ciInstanceKlass java/lang/BootstrapMethodError 0 0 45 10 100 12 1 1 1 10 12 1 10 12 1 10 100 12 1 1 1 10 100 12 1 1 1 1 1 1 5 0 1 1 1 1 1 1 1 1 1 1 1 100 1 1 1
instanceKlass jdk/internal/misc/ScopedMemoryAccess$ScopedAccessError
instanceKlass java/lang/AssertionError
instanceKlass java/lang/VirtualMachineError
instanceKlass java/lang/LinkageError
ciInstanceKlass java/lang/Error 1 1 58 10 7 12 1 1 1 9 12 1 1 10 100 12 1 1 1 10 100 12 1 1 1 10 12 1 10 12 1 10 12 1 10 12 1 100 1 1 1 1 5 0 1 1 1 1 1 1 1 1 100 1 1 1 1 1 1 1
instanceKlass java/lang/UnsatisfiedLinkError
instanceKlass java/lang/IncompatibleClassChangeError
instanceKlass java/lang/BootstrapMethodError
instanceKlass java/lang/NoClassDefFoundError
ciInstanceKlass java/lang/LinkageError 1 1 31 10 7 12 1 1 1 10 12 1 10 12 1 100 1 1 1 1 5 0 1 1 1 1 1 1 1 1 1 1 1
ciInstanceKlass java/lang/NullPointerException 1 1 52 10 100 12 1 1 1 10 12 1 9 100 12 1 1 1 10 12 1 1 9 12 1 1 10 12 1 1 10 12 1 1 1 1 5 0 1 1 1 1 1 1 1 1 100 1 100 1 100 1 1 1
ciInstanceKlass java/lang/InternalError 1 1 34 10 7 12 1 1 1 10 12 1 10 12 1 10 12 1 100 1 1 1 1 5 0 1 1 1 1 1 1 1 1 1 1 1
instanceKlass java/lang/StackOverflowError
instanceKlass java/lang/OutOfMemoryError
instanceKlass java/lang/InternalError
ciInstanceKlass java/lang/VirtualMachineError 1 1 34 10 7 12 1 1 1 10 12 1 10 12 1 10 12 1 100 1 1 1 1 5 0 1 1 1 1 1 1 1 1 1 1 1
ciInstanceKlass java/lang/NoClassDefFoundError 0 0 26 10 100 12 1 1 1 10 12 1 100 1 1 1 1 5 0 1 1 1 1 1 1 1 1 1
ciInstanceKlass java/lang/OutOfMemoryError 1 1 26 10 100 12 1 1 1 10 12 1 100 1 1 1 1 5 0 1 1 1 1 1 1 1 1 1
ciInstanceKlass java/lang/StackOverflowError 1 1 26 10 100 12 1 1 1 10 12 1 100 1 1 1 1 5 0 1 1 1 1 1 1 1 1 1
ciInstanceKlass java/lang/StackTraceElement 1 1 235 10 7 12 1 1 1 10 7 12 1 1 9 12 1 1 9 12 1 1 9 12 1 9 12 1 8 1 10 100 12 1 1 1 100 1 9 12 1 8 1 9 12 1 9 12 1 9 12 1 1 10 12 1 1 10 12 1 8 1 10 100 12 1 1 1 100 1 10 12 1 10 12 1 1 10 12 1 10 12 1 1 10 12 1 10 12 1 10 10 12 1 8 1 10 12 1 10 12 1 1 10 12 1 1 10 12 1 10 12 1 10 12 1 9 12 1 1 10 7 12 1 1 1 10 12 1 1 7 1 10 12 1 1 10 7 12 1 1 10 7 12 1 1 1 10 7 12 1 1 10 7 12 1 1 10 10 12 1 1 10 12 1 1 10 12 1 1 10 12 1 100 1 1 1 1 1 1 1 3 1 3 1 1 5 0 1 1 1 1 1 1 1 1 1 1 1 1 1 1 1 1 1 1 1 1 1 1 1 1 1 1 1 1 1 100 1 100 1 1 1 1 1 1 1 100 1 1 1 1 1 1 1 1 1
instanceKlass java/util/concurrent/locks/AbstractQueuedLongSynchronizer
instanceKlass java/util/concurrent/locks/AbstractQueuedSynchronizer
ciInstanceKlass java/util/concurrent/locks/AbstractOwnableSynchronizer 1 1 32 10 7 12 1 1 1 9 7 12 1 1 1 100 1 1 1 1 5 0 1 1 1 1 1 1 1 1 1 1 1 1
ciInstanceKlass jdk/internal/vm/Continuation 1 1 551 9 7 12 1 1 1 9 12 1 9 12 1 9 12 1 100 1 100 1 10 12 1 1 8 1 10 12 1 1 10 12 1 10 12 1 1 10 12 1 9 7 12 1 1 1 11 100 12 1 1 1 10 100 1 9 12 1 1 9 12 1 1 10 8 1 10 12 1 9 12 1 1 10 11 12 1 1 100 1 10 100 12 1 1 1 10 12 1 1 10 12 1 10 12 1 1 11 12 1 1 9 12 1 1 10 12 1 1 18 12 1 1 10 100 12 1 1 1 100 1 10 12 1 11 100 12 1 1 1 10 12 1 9 12 1 10 12 1 1 100 1 8 1 10 12 1 10 12 1 1 9 12 1 1 11 12 1 1 9 12 1 1 8 1 10 11 12 1 1 11 12 1 1 10 12 1 1 10 12 1 1 9 12 1 10 12 1 10 10 12 1 8 1 10 12 1 8 1 8 1 10 7 12 1 1 1 10 100 12 1 1 1 10 12 1 9 12 1 11 12 1 100 1 10 12 1 10 12 1 1 9 12 1 1 100 1 10 12 1 1 9 12 1 1 10 12 1 10 12 1 11 100 12 1 1 10 7 1 10 12 1 8 1 10 12 1 1 9 12 1 1 10 7 12 1 1 8 1 8 1 8 1 8 1 10 12 1 1 10 12 1 10 12 1 10 12 1 10 12 1 1 10 12 1 1 8 1 9 12 1 10 12 1 1 9 12 1 1 10 12 1 1 9 12 1 8 1 10 100 12 1 1 1 10 12 1 8 1 100 1 8 1 10 9 12 1 1 8 1 10 100 12 1 1 10 100 12 1 1 8 1 8 1 10 12 10 12 1 1 10 100 1 10 100 12 1 1 1 18 11 100 12 1 1 1 18 12 1 11 12 1 1 100 1 10 7 12 1 1 10 12 1 1 8 10 12 1 1 10 7 12 1 1 1 10 7 12 1 1 10 12 1 8 1 10 12 1 100 1 100 1 10 12 1 1 1 1 1 1 1 1 1 1 1 1 1 1 1 1 1 1 1 1 1 1 1 1 1 1 1 1 1 1 1 1 1 1 1 1 1 1 1 1 1 1 1 1 1 1 1 1 1 1 1 1 1 1 1 1 1 1 1 1 1 1 1 1 1 1 1 1 1 1 1 1 1 1 1 1 100 1 1 16 1 15 10 12 16 15 11 100 12 1 1 1 16 1 16 1 15 10 12 16 15 10 100 12 1 1 1 1 1 1 1 1 100 1 100 1 1
staticfield jdk/internal/vm/Continuation U Ljdk/internal/misc/Unsafe; jdk/internal/misc/Unsafe
staticfield jdk/internal/vm/Continuation MOUNTED_OFFSET J 13
staticfield jdk/internal/vm/Continuation PRESERVE_SCOPED_VALUE_CACHE Z 1
staticfield jdk/internal/vm/Continuation JLA Ljdk/internal/access/JavaLangAccess; java/lang/System$1
staticfield jdk/internal/vm/Continuation $assertionsDisabled Z 1
ciInstanceKlass jdk/internal/misc/UnsafeConstants 1 1 34 10 100 12 1 1 1 9 7 12 1 1 1 9 12 1 9 12 1 1 9 12 1 9 12 1 1 1 1 1 1 1 1 1
staticfield jdk/internal/misc/UnsafeConstants ADDRESS_SIZE0 I 8
staticfield jdk/internal/misc/UnsafeConstants PAGE_SIZE I 4096
staticfield jdk/internal/misc/UnsafeConstants BIG_ENDIAN Z 0
staticfield jdk/internal/misc/UnsafeConstants UNALIGNED_ACCESS Z 1
staticfield jdk/internal/misc/UnsafeConstants DATA_CACHE_LINE_FLUSH_SIZE I 0
ciInstanceKlass java/lang/invoke/MethodHandleImpl 1 1 1424 10 7 12 1 1 1 100 1 10 100 12 1 1 1 10 7 12 1 1 1 100 1 10 8 1 10 12 1 1 10 12 1 10 12 1 1 10 7 12 1 1 1 9 100 12 1 1 1 10 100 12 1 1 1 100 1 10 12 1 1 10 12 1 1 10 12 1 1 10 7 12 1 1 1 9 7 12 1 1 1 10 7 12 1 1 1 100 1 10 9 12 1 1 9 12 1 10 12 1 1 10 12 1 10 12 1 1 10 12 1 1 10 12 1 1 8 1 8 1 10 12 1 1 10 12 1 1 10 12 1 1 10 12 1 1 10 12 1 10 12 1 1 10 7 12 1 1 1 10 12 1 7 1 10 7 12 1 1 1 10 12 1 1 10 12 1 1 11 7 12 1 1 1 11 7 12 1 1 11 12 1 1 7 1 11 12 1 10 12 1 1 10 12 1 1 11 12 1 10 7 12 1 1 10 12 1 1 10 7 12 1 1 10 12 1 10 12 1 1 10 7 12 1 1 1 10 7 12 1 1 1 10 12 1 1 10 12 1 1 9 7 12 1 1 1 10 10 12 1 1 10 12 1 1 10 10 12 1 1 10 12 1 1 10 7 12 1 1 1 10 12 1 1 10 12 1 10 12 1 10 7 12 1 1 1 10 7 12 1 1 1 10 12 1 1 10 12 1 10 12 1 10 12 1 10 12 1 1 10 12 1 10 12 1 1 10 12 1 10 12 1 8 1 100 1 10 12 1 10 12 1 1 10 12 1 10 12 1 1 10 12 1 1 7 1 10 12 1 100 1 8 1 10 12 1 10 100 12 1 1 1 8 1 10 12 1 10 100 12 1 1 1 100 1 9 100 1 10 12 1 1 10 12 1 1 9 12 1 10 12 1 1 10 100 12 1 1 10 12 1 1 10 12 1 1 10 12 1 10 12 1 100 1 10 12 1 1 9 12 1 1 10 12 1 9 100 12 1 1 1 11 100 12 1 1 7 1 9 12 1 100 1 10 12 1 10 12 1 1 100 1 10 12 1 1 10 12 1 1 10 100 12 1 1 1 10 12 1 1 10 12 1 10 12 1 1 10 12 1 10 12 1 1 10 12 1 7 1 9 100 12 1 1 1 10 12 1 10 12 1 9 100 12 1 1 1 10 12 1 1 10 12 1 1 10 12 1 10 100 12 1 1 10 100 12 1 1 1 9 12 1 10 12 1 9 12 10 12 1 10 12 1 10 12 1 10 12 1 1 10 12 1 10 12 1 1 10 12 1 10 12 1 1 10 12 1 1 10 12 1 1 10 12 1 10 12 1 10 12 1 1 10 12 1 10 100 12 1 1 10 12 1 10 100 12 1 1 8 1 10 8 1 100 1 10 9 12 1 100 1 10 12 1 8 1 10 10 12 1 10 10 12 1 1 10 12 1 1 10 12 1 10 12 1 100 1 8 1 10 12 1 10 100 12 1 1 1 10 12 1 1 10 12 1 10 12 1 100 1 10 12 1 10 12 1 10 12 1 1 7 1 10 12 1 10 7 12 1 1 10 12 1 9 12 1 10 12 1 1 10 12 1 1 100 1 10 10 12 1 8 1 8 1 9 12 1 8 1 8 1 8 1 9 12 1 10 12 1 1 9 12 1 1 10 12 1 8 1 9 7 1 10 12 1 1 10 12 1 8 1 8 1 8 1 100 1 100 1 8 8 1 8 1 100 1 8 1 100 1 10 12 1 7 1 10 10 7 12 1 1 1 10 12 1 10 12 10 12 1 10 12 1 11 100 12 1 1 1 18 12 1 11 100 12 1 1 1 18 18 12 1 11 12 1 1 10 12 1 1 10 12 1 10 12 1 11 12 1 9 12 1 9 12 10 10 12 1 1 9 12 1 1 11 12 1 1 18 12 1 1 11 12 1 1 11 12 1 1 10 12 1 11 100 1 10 12 1 10 12 1 10 12 1 9 12 1 9 12 10 12 1 10 100 12 1 1 1 10 12 1 10 12 1 1 10 12 1 10 12 9 12 1 1 10 12 1 10 12 1 1 9 12 1 9 12 1 10 12 1 10 12 1 1 10 12 1 100 1 10 12 1 9 12 1 1 11 100 1 9 12 1 9 12 11 12 1 9 12 1 10 12 10 12 1 1 10 12 1 1 9 100 12 1 1 10 12 1 10 12 1 10 12 1 1 100 1 10 12 1 10 12 1 1 100 1 10 12 1 1 10 12 1 1 100 1 10 12 1 1 10 12 1 1 10 12 1 10 12 1 10 12 1 9 12 1 10 12 1 10 12 1 1 9 7 12 1 1 1 8 10 12 1 1 8 1 10 12 1 8 1 8 1 8 1 8 1 8 1 8 1 100 1 8 1 8 1 10 12 1 9 12 1 10 12 1 1 1 1 1 3 1 1 3 1 3 1 3 1 3 1 3 1 3 1 3 1 3 1 1 1 1 1 1 1 1 1 3 1 3 1 1 1 1 1 1 1 1 1 1 1 1 1 1 1 1 1 1 1 1 1 1 1 1 1 1 1 1 1 1 1 1 1 1 1 1 1 1 1 1 1 1 1 1 1 1 1 1 1 1 1 1 1 1 1 1 1 1 1 1 1 1 1 1 1 1 1 1 1 1 1 1 1 1 1 1 1 1 1 1 1 1 1 1 1 1 1 1 1 1 1 1 1 1 1 1 1 1 1 1 1 1 1 100 1 1 1 1 1 1 1 1 1 1 1 1 1 1 1 1 1 1 1 1 1 1 1 1 1 1 1 1 1 1 1 1 1 1 1 1 1 1 1 1 1 1 1 1 1 1 1 1 1 1 1 1 1 1 1 1 1 1 1 1 1 1 1 1 1 1 1 1 1 1 1 1 1 1 1 1 1 1 1 1 1 1 1 1 1 1 1 1 1 1 1 1 1 1 1 1 1 1 1 1 1 1 1 1 1 1 1 1 1 1 1 1 1 1 1 1 1 1 1 1 1 1 1 1 1 1 1 1 1 1 1 1 1 1 1 1 1 1 1 1 1 1 1 1 1 1 1 1 1 1 1 1 1 1 1 1 1 1 1 1 1 1 1 1 1 1 1 1 1 100 1 100 1 100 1 100 1 100 1 100 1 100 1 1 16 15 10 12 16 15 16 16 1 15 10 12 16 16 15 10 12 16 15 10 100 12 1 1 1 1 1 1 1 1 1 1 1 1 1 1 1 1 1 1 1 1 1 1 1 1
staticfield java/lang/invoke/MethodHandleImpl ARRAYS [Ljava/lang/invoke/MethodHandle; 256 [Ljava/lang/invoke/MethodHandle;
staticfield java/lang/invoke/MethodHandleImpl NFS [Ljava/lang/invoke/LambdaForm$NamedFunction; 7 [Ljava/lang/invoke/LambdaForm$NamedFunction;
staticfield java/lang/invoke/MethodHandleImpl HANDLES [Ljava/lang/invoke/MethodHandle; 9 [Ljava/lang/invoke/MethodHandle;
staticfield java/lang/invoke/MethodHandleImpl $assertionsDisabled Z 1
instanceKlass java/lang/invoke/DelegatingMethodHandle
instanceKlass java/lang/invoke/BoundMethodHandle
instanceKlass java/lang/invoke/DirectMethodHandle
ciInstanceKlass java/lang/invoke/MethodHandle 1 1 734 100 1 9 7 12 1 1 1 10 7 12 1 1 1 10 7 12 1 1 1 7 1 7 1 10 12 1 1 9 12 1 1 10 12 1 10 12 1 1 10 12 1 1 10 100 12 1 1 1 10 12 1 1 10 12 1 1 11 100 12 1 1 1 10 12 1 1 10 12 1 10 12 1 9 12 1 1 9 12 1 1 10 100 12 1 1 1 10 12 1 10 12 1 1 10 12 1 10 12 1 100 1 100 1 10 8 1 10 12 1 1 10 12 1 8 1 10 12 1 1 10 12 1 10 7 12 1 1 1 10 12 1 1 10 12 1 1 10 12 1 1 10 7 12 1 1 1 10 12 1 1 10 12 1 1 10 12 1 10 12 1 1 10 100 12 1 1 10 7 12 1 1 10 12 1 10 12 1 10 12 1 1 10 12 1 1 10 12 1 1 10 12 1 1 10 7 12 1 1 1 10 100 12 1 1 1 10 12 1 1 10 12 1 1 10 12 1 1 8 1 10 7 12 1 1 1 8 1 10 12 1 10 12 1 1 10 12 1 1 10 12 1 8 1 10 12 1 1 8 1 10 12 1 8 1 10 100 12 1 1 1 9 12 1 1 100 1 10 9 100 12 1 1 1 9 100 1 8 1 10 12 1 1 10 12 1 10 12 1 1 10 12 1 10 12 1 1 10 12 1 10 12 1 1 10 12 1 10 12 1 1 10 12 1 1 8 1 10 12 1 1 8 1 10 12 1 10 12 1 1 10 12 1 10 12 1 10 12 1 1 9 100 12 1 1 1 10 12 1 1 11 12 1 10 12 1 10 12 1 1 10 100 12 1 1 100 1 11 12 1 10 100 1 11 12 1 100 1 10 12 1 11 12 1 9 100 12 1 1 1 11 12 1 1 11 100 12 1 1 1 10 12 1 1 9 12 1 11 12 1 9 12 1 9 12 1 9 12 1 11 12 1 1 9 12 1 9 12 1 9 12 1 9 12 1 9 12 1 9 12 1 9 12 1 8 1 10 12 1 10 12 1 8 1 10 12 1 10 12 1 10 12 1 1 10 10 10 7 12 1 1 10 12 1 1 100 1 100 1 8 1 8 1 10 10 12 1 1 10 12 1 10 12 1 100 1 10 100 12 1 1 1 10 9 7 12 1 1 1 10 12 1 1 10 12 1 1 8 1 8 1 10 100 12 1 1 9 12 1 9 12 1 1 9 12 1 1 10 12 1 7 1 10 12 1 10 12 1 1 9 12 1 1 9 12 1 1 10 7 12 1 1 1 11 7 12 1 1 9 12 1 10 12 1 1 9 12 1 10 12 1 8 10 12 1 1 8 1 1 1 1 1 1 1 1 100 1 1 1 1 1 1 1 1 1 1 1 1 1 1 1 1 1 1 1 1 1 1 1 1 1 1 1 1 1 1 1 1 100 1 1 1 1 1 1 1 1 1 1 1 1 1 1 1 1 1 1 1 1 1 1 1 1 1 1 1 1 1 1 1 1 1 1 1 1 1 1 1 1 1 1 1 1 1 1 1 1 1 1 1 1 1 1 1 1 1 1 1 1 1 1 1 1 1 1 1 1 1 1 1 1 1 1 1 1 1 1 1 1 1 1 1 1 1 1 100 1 1 100 1 100 1 100 1 1 100 1 1 100 1 1 1 1
staticfield java/lang/invoke/MethodHandle FORM_OFFSET J 20
staticfield java/lang/invoke/MethodHandle UPDATE_OFFSET J 13
staticfield java/lang/invoke/MethodHandle $assertionsDisabled Z 1
ciInstanceKlass java/lang/invoke/MethodType 1 1 724 7 1 10 7 12 1 1 1 9 12 1 1 9 12 1 1 9 12 1 1 10 7 12 1 1 1 9 7 12 1 1 8 1 10 100 12 1 1 1 9 7 1 9 7 1 10 12 1 1 100 1 10 8 1 10 12 1 1 10 12 1 10 12 1 1 100 1 8 1 10 12 1 100 1 10 10 12 1 10 12 1 1 10 12 1 1 11 7 12 1 1 1 9 12 1 11 12 1 1 7 10 12 1 1 10 12 1 1 7 1 7 1 10 7 12 1 1 1 10 12 1 10 12 1 9 12 1 1 10 7 12 1 1 10 12 1 1 10 7 12 1 1 1 10 7 12 1 1 1 10 12 1 9 12 1 1 10 12 1 1 10 12 1 1 10 12 1 1 10 12 1 1 10 12 1 1 10 12 1 10 12 1 10 12 1 1 10 12 1 8 1 8 1 10 12 1 1 9 12 1 1 100 1 10 10 12 1 1 10 12 1 10 12 1 1 10 12 1 1 10 12 1 10 12 1 10 12 1 8 1 10 12 1 1 10 100 12 1 1 1 10 12 1 10 12 1 1 10 12 1 10 12 1 10 12 1 1 10 12 1 10 12 1 9 12 1 10 12 1 10 10 12 1 1 10 12 1 9 12 1 1 10 12 1 1 11 12 1 1 10 12 1 1 10 12 1 10 12 1 100 1 8 1 8 1 8 1 10 12 1 10 12 1 10 12 1 1 10 10 12 1 11 12 1 1 11 12 1 10 100 12 1 1 1 9 12 1 10 12 1 10 12 1 1 10 12 1 1 10 12 1 10 12 1 10 100 12 1 1 1 10 12 1 1 10 12 1 10 12 1 10 12 1 10 9 12 1 1 7 1 10 12 1 10 100 12 1 1 1 10 12 1 1 10 100 12 1 1 1 10 12 1 1 8 1 10 7 12 1 1 1 11 12 1 1 9 12 1 1 10 12 1 1 10 12 1 10 12 1 1 10 12 1 1 10 100 12 1 1 10 12 1 10 12 100 1 11 100 12 1 1 10 12 1 11 12 1 10 100 12 1 1 10 12 1 1 10 12 1 1 9 12 1 1 9 100 12 1 1 1 10 100 12 1 1 1 9 12 1 10 100 12 1 1 10 12 1 100 10 12 1 10 12 1 1 10 12 1 7 1 10 10 12 1 1 7 1 7 1 9 12 1 1 100 1 100 1 100 1 1 1 5 0 1 1 1 1 1 1 1 3 1 3 1 3 1 1 1 1 1 1 1 1 1 1 1 1 1 1 1 1 1 1 1 1 1 1 1 1 1 1 1 1 1 1 1 1 1 1 1 1 1 1 1 1 1 1 1 1 1 1 1 1 1 1 1 1 1 1 1 1 1 1 1 1 1 1 1 1 1 1 1 1 1 1 1 1 1 1 1 1 1 1 1 1 1 1 1 1 1 1 1 1 1 1 1 1 1 1 1 1 1 1 1 1 1 1 1 1 1 1 1 1 1 1 1 1 1 1 1 1 1 1 1 1 1 1 1 1 1 1 1 1 100 1 100 1 1 1 1 1 1 1 1 1 1 1 1 1 100 1 1 1 1 100 1 1 1 100 1 1 1 1 1 1 1 1 1 1 1 1 1 1 1 1 1 1 100 1 1 100 1 1
staticfield java/lang/invoke/MethodType internTable Ljdk/internal/util/ReferencedKeySet; jdk/internal/util/ReferencedKeySet
staticfield java/lang/invoke/MethodType NO_PTYPES [Ljava/lang/Class; 0 [Ljava/lang/Class;
staticfield java/lang/invoke/MethodType objectOnlyTypes [Ljava/lang/invoke/MethodType; 20 [Ljava/lang/invoke/MethodType;
staticfield java/lang/invoke/MethodType METHOD_HANDLE_ARRAY [Ljava/lang/Class; 1 [Ljava/lang/Class;
staticfield java/lang/invoke/MethodType serialPersistentFields [Ljava/io/ObjectStreamField; 0 [Ljava/io/ObjectStreamField;
staticfield java/lang/invoke/MethodType $assertionsDisabled Z 1
ciInstanceKlass java/lang/invoke/TypeDescriptor$OfMethod 1 0 43 100 1 100 1 100 1 1 1 1 1 1 1 1 1 1 1 1 1 1 1 1 1 1 1 1 1 1 1 1 1 1 1 1 1 1 1 1 1 1 100 1 1
instanceKlass javafx/scene/control/Alert$AlertType
instanceKlass com/sun/glass/ui/EventLoop$State
instanceKlass javafx/scene/control/skin/ButtonBarSkin$Spacer
instanceKlass javafx/scene/control/ButtonBar$ButtonData
instanceKlass javafx/scene/control/TableColumn$SortType
instanceKlass javafx/scene/control/TableUtil$SortEventType
instanceKlass com/sun/javafx/scene/control/ConstrainedColumnResize$ResizeMode
instanceKlass java/math/RoundingMode
instanceKlass com/sun/javafx/sg/prism/CacheFilter$ScrollCacheState
instanceKlass jdk/internal/icu/util/CodePointTrie$Type
instanceKlass jdk/internal/icu/util/CodePointTrie$ValueWidth
instanceKlass javafx/scene/control/ScrollPane$ScrollBarPolicy
instanceKlass com/sun/prism/shape/ShapeRep$InvalidationType
instanceKlass javafx/scene/Scene$DragDetectedState
instanceKlass java/time/format/TextStyle
instanceKlass java/time/format/DateTimeFormatterBuilder$SettingsParser
instanceKlass java/time/format/ResolverStyle
instanceKlass java/time/format/SignStyle
instanceKlass java/time/temporal/JulianFields$Field
instanceKlass java/time/temporal/IsoFields$Unit
instanceKlass java/time/temporal/IsoFields$Field
instanceKlass com/sun/javafx/sg/prism/NGNode$RenderRootResult
instanceKlass com/sun/javafx/geom/Path2D$CornerPrefix
instanceKlass com/sun/scenario/effect/impl/Renderer$RendererState
instanceKlass com/sun/scenario/effect/Effect$AccelType
instanceKlass com/sun/scenario/effect/impl/state/RenderState$EffectCoordinateSpace
instanceKlass com/sun/javafx/geom/transform/BaseTransform$Degree
instanceKlass com/sun/prism/CompositeMode
instanceKlass com/sun/prism/Texture$Usage
instanceKlass com/sun/prism/Texture$WrapMode
instanceKlass com/sun/javafx/sg/prism/NodeEffectInput$RenderType
instanceKlass com/sun/scenario/effect/AbstractShadow$ShadowMode
instanceKlass javafx/scene/shape/FillRule
instanceKlass javafx/scene/control/skin/TextInputControlSkin$Direction
instanceKlass javafx/scene/control/skin/TextInputControlSkin$TextUnit
instanceKlass com/sun/javafx/geom/BaseBounds$BoundsType
instanceKlass javafx/stage/PopupWindow$AnchorLocation
instanceKlass com/sun/javafx/scene/control/inputmap/KeyBinding$OptionalBoolean
instanceKlass javafx/animation/Animation$Status
instanceKlass com/sun/javafx/cursor/CursorType
instanceKlass javafx/scene/text/FontSmoothingType
instanceKlass com/sun/javafx/effect/EffectDirtyBits
instanceKlass javafx/animation/Interpolator$StepPosition
instanceKlass com/sun/prism/paint/Paint$Type
instanceKlass java/lang/invoke/MethodHandles$Lookup$ClassOption
instanceKlass com/sun/scenario/effect/Blend$Mode
instanceKlass com/sun/javafx/sg/prism/NGNode$DirtyFlag
instanceKlass com/sun/javafx/tk/quantum/SwipeGestureRecognizer$SwipeRecognitionState
instanceKlass com/sun/glass/ui/GestureSupport$GestureState$StateId
instanceKlass com/sun/javafx/tk/FocusCause
instanceKlass javafx/scene/input/KeyCombination$ModifierValue
instanceKlass javafx/geometry/Side
instanceKlass com/sun/javafx/logging/PlatformLogger$Level
instanceKlass javafx/scene/text/FontWeight
instanceKlass javafx/scene/text/FontPosture
instanceKlass javafx/scene/input/MouseButton
instanceKlass javafx/scene/Scene$DirtyBits
instanceKlass javafx/fxml/FXMLLoader$SupportedType
instanceKlass javafx/scene/control/ContentDisplay
instanceKlass javafx/scene/layout/BackgroundRepeat
instanceKlass javafx/scene/effect/BlurType
instanceKlass javafx/scene/paint/CycleMethod
instanceKlass javafx/css/SizeUnits
instanceKlass com/sun/javafx/css/Combinator
instanceKlass javafx/scene/control/OverrunStyle
instanceKlass com/sun/javafx/sg/prism/NGShape$Mode
instanceKlass javafx/scene/text/TextAlignment
instanceKlass javafx/scene/text/TextBoundsType
instanceKlass javafx/scene/shape/StrokeLineCap
instanceKlass javafx/scene/shape/StrokeLineJoin
instanceKlass javafx/scene/shape/StrokeType
instanceKlass javafx/scene/input/KeyCode
instanceKlass javafx/scene/AccessibleAttribute$ToggleState
instanceKlass com/sun/prism/PixelFormat$DataType
instanceKlass com/sun/prism/PixelFormat
instanceKlass javafx/scene/image/PixelFormat$Type
instanceKlass com/sun/javafx/iio/ImageStorage$ImageType
instanceKlass javafx/css/StyleOrigin
instanceKlass javafx/scene/AccessibleAction
instanceKlass javafx/scene/TraversalDirection
instanceKlass javafx/scene/input/TransferMode
instanceKlass javafx/scene/effect/BlendMode
instanceKlass com/sun/javafx/scene/traversal/TraversalMethod
instanceKlass com/sun/javafx/scene/traversal/Direction
instanceKlass javafx/scene/AccessibleAttribute
instanceKlass javafx/geometry/VPos
instanceKlass javafx/geometry/HPos
instanceKlass javafx/geometry/Pos
instanceKlass javafx/geometry/Orientation
instanceKlass javafx/scene/layout/Priority
instanceKlass javafx/scene/AccessibleRole
instanceKlass com/sun/javafx/scene/LayoutFlags
instanceKlass com/sun/javafx/scene/DirtyBits
instanceKlass javafx/scene/DepthTest
instanceKlass javafx/scene/CacheHint
instanceKlass com/sun/javafx/scene/CssFlags
instanceKlass com/sun/org/apache/xerces/internal/impl/XMLScanner$NameType
instanceKlass javax/xml/catalog/CatalogFeatures$State
instanceKlass javax/xml/catalog/CatalogFeatures$Feature
instanceKlass jdk/xml/internal/JdkProperty$ImplPropMap
instanceKlass jdk/xml/internal/JdkXmlFeatures$XmlFeature
instanceKlass jdk/xml/internal/XMLSecurityPropertyManager$Property
instanceKlass jdk/xml/internal/FeaturePropertyBase$State
instanceKlass jdk/xml/internal/JdkProperty$State
instanceKlass jdk/xml/internal/XMLSecurityManager$Processor
instanceKlass jdk/xml/internal/XMLSecurityManager$Limit
instanceKlass javafx/geometry/NodeOrientation
instanceKlass com/sun/javafx/application/WindowsHighContrastScheme
instanceKlass javafx/application/ConditionalFeature
instanceKlass javafx/stage/Modality
instanceKlass javafx/stage/StageStyle
instanceKlass com/sun/prism/impl/ps/BaseShaderContext$SpecialShaderType
instanceKlass com/sun/prism/impl/ps/BaseShaderContext$MaskType
instanceKlass com/sun/prism/GraphicsPipeline$ShaderModel
instanceKlass com/sun/prism/GraphicsPipeline$ShaderType
instanceKlass com/sun/prism/impl/PrismSettings$RasterizerType
instanceKlass java/security/DrbgParameters$Capability
instanceKlass sun/security/util/KnownOIDs
instanceKlass java/io/ObjectInputFilter$Status
instanceKlass com/sun/management/VMOption$Origin
instanceKlass com/sun/management/HotSpotDiagnosticMXBean$ThreadDumpFormat
instanceKlass java/lang/management/MemoryType
instanceKlass java/lang/annotation/ElementType
instanceKlass java/lang/StackStreamFactory$WalkerState
instanceKlass java/lang/StackWalker$ExtendedOption
instanceKlass java/lang/StackWalker$Option
instanceKlass javafx/application/ColorScheme
instanceKlass sun/util/logging/PlatformLogger$Level
instanceKlass java/lang/System$Logger$Level
instanceKlass jdk/internal/logger/BootstrapLogger$LoggingBackend
instanceKlass java/util/Locale$Category
instanceKlass com/sun/javafx/PreviewFeature
instanceKlass java/lang/classfile/attribute/StackMapFrameInfo$SimpleVerificationTypeInfo
instanceKlass java/net/Proxy$Type
instanceKlass java/lang/reflect/ProxyGenerator$PrimitiveTypeInfo
instanceKlass java/net/StandardProtocolFamily
instanceKlass java/lang/classfile/ClassFile$StackMapsOption
instanceKlass jdk/internal/util/OperatingSystem
instanceKlass java/time/temporal/ChronoUnit
instanceKlass java/time/temporal/ChronoField
instanceKlass java/lang/annotation/RetentionPolicy
instanceKlass java/security/Security$SecPropLoader$LoadingMode
instanceKlass sun/util/locale/provider/LocaleProviderAdapter$Type
instanceKlass jdk/internal/vm/Continuation$Pinned
instanceKlass java/util/regex/Pattern$Qtype
instanceKlass java/util/concurrent/TimeUnit
instanceKlass java/nio/file/AccessMode
instanceKlass java/nio/file/LinkOption
instanceKlass java/util/stream/MatchOps$MatchKind
instanceKlass java/util/stream/Collector$Characteristics
instanceKlass java/util/stream/StreamShape
instanceKlass java/lang/classfile/Opcode$Kind
instanceKlass java/lang/classfile/Opcode
instanceKlass java/lang/invoke/VarHandle$AccessType
instanceKlass java/lang/invoke/VarHandle$AccessMode
instanceKlass java/lang/invoke/MethodHandleImpl$Intrinsic
instanceKlass java/lang/classfile/AttributeMapper$AttributeStability
instanceKlass jdk/internal/classfile/impl/AbstractPoolEntry$Utf8EntryImpl$State
instanceKlass java/lang/classfile/TypeKind
instanceKlass java/lang/invoke/LambdaForm$BasicType
instanceKlass java/lang/invoke/LambdaForm$Kind
instanceKlass java/lang/constant/DirectMethodHandleDesc$Kind
instanceKlass sun/invoke/util/Wrapper
instanceKlass java/util/stream/StreamOpFlag$Type
instanceKlass java/util/stream/StreamOpFlag
instanceKlass java/lang/reflect/AccessFlag$Location
instanceKlass java/lang/reflect/AccessFlag
instanceKlass java/lang/module/ModuleDescriptor$Modifier
instanceKlass java/io/File$PathStatus
instanceKlass sun/nio/fs/WindowsPathType
instanceKlass java/nio/file/StandardOpenOption
instanceKlass jdk/internal/module/ModuleBootstrap$IllegalNativeAccess
instanceKlass java/lang/reflect/ClassFileFormatVersion
instanceKlass java/lang/Thread$State
instanceKlass java/lang/module/ModuleDescriptor$Requires$Modifier
ciInstanceKlass java/lang/Enum 1 1 204 9 7 12 1 1 1 9 12 1 1 10 7 12 1 1 1 9 12 1 10 7 12 1 1 1 100 1 10 10 12 1 1 10 12 1 100 1 10 10 7 12 1 1 10 12 1 1 18 12 1 1 10 100 12 1 1 1 10 12 1 1 11 7 12 1 1 1 100 1 8 1 10 12 1 100 1 100 1 10 8 1 10 12 1 1 10 12 1 1 8 1 10 12 1 10 100 1 8 1 10 10 12 1 1 10 100 12 1 1 1 100 1 100 1 100 1 1 1 1 1 1 1 1 1 1 1 1 1 1 1 1 1 1 1 1 1 1 1 1 1 1 1 1 1 1 1 1 1 1 1 1 1 1 1 1 1 1 1 1 1 1 1 3 1 1 1 1 100 1 100 1 1 100 1 1 1 1 1 1 1 1 1 1 1 16 15 10 12 16 15 10 100 12 1 1 1 1 1 100 1 100 1 1
ciInstanceKlass java/lang/invoke/LambdaForm 1 1 1030 7 1 100 1 10 7 12 1 1 1 9 12 1 1 9 12 1 9 12 1 9 12 1 1 9 12 1 1 9 12 1 1 9 12 1 1 9 12 1 1 9 12 1 10 7 12 1 1 9 12 1 10 12 1 1 100 1 10 10 12 1 1 10 12 1 10 12 1 10 12 1 1 10 12 1 9 12 1 9 12 1 10 12 1 1 9 7 12 1 1 1 9 7 12 1 1 9 12 1 1 10 12 1 9 12 1 10 100 12 1 1 1 10 12 1 1 100 1 10 12 1 1 9 7 12 1 1 1 10 100 12 1 1 1 10 12 1 10 12 1 1 7 1 10 12 1 10 12 1 10 12 1 1 10 12 1 1 10 12 1 10 12 1 10 12 1 10 12 1 10 12 1 1 8 1 10 12 1 10 12 1 10 10 12 1 8 1 8 1 9 12 1 9 12 1 1 10 12 1 1 9 12 1 1 10 7 12 1 1 1 10 12 1 1 10 12 1 10 12 1 1 10 12 1 7 1 10 12 1 10 100 12 1 1 1 9 12 1 10 12 1 8 1 8 1 8 1 8 1 8 1 8 1 8 1 8 1 10 12 1 9 12 1 7 1 10 12 1 1 9 12 1 1 10 12 1 1 10 12 1 1 10 12 10 12 1 10 12 1 1 10 12 1 1 10 12 1 1 10 10 12 1 1 10 12 1 1 7 1 8 1 10 12 1 1 10 12 1 10 12 1 1 10 8 1 10 12 1 1 8 1 8 1 8 1 10 12 1 10 12 1 10 12 1 1 10 100 12 1 1 1 10 7 12 1 1 1 10 12 1 1 9 12 1 1 8 1 10 100 12 1 1 1 10 7 12 1 1 10 12 1 10 12 1 1 10 12 1 1 9 12 1 8 10 12 1 1 100 1 10 12 1 1 10 12 1 9 7 12 1 1 9 100 12 1 1 1 8 1 10 100 12 1 1 10 12 1 1 100 1 100 1 10 10 12 1 1 10 12 1 1 8 1 8 1 100 1 8 1 10 12 10 12 1 10 12 1 10 12 1 10 12 1 1 9 100 12 1 1 10 12 1 8 1 8 1 10 12 1 10 12 1 1 8 1 8 1 8 1 100 1 8 1 100 1 8 1 100 1 8 1 10 12 1 8 1 9 10 100 12 1 1 1 10 12 1 9 12 1 1 10 12 1 10 10 12 1 10 12 1 10 12 1 10 12 1 1 10 12 1 10 12 1 1 10 12 1 1 10 12 1 1 10 12 1 1 8 1 100 10 12 1 10 12 1 9 12 1 1 10 7 12 1 1 8 1 8 1 100 1 8 1 8 1 8 1 8 1 8 1 8 1 8 1 8 1 10 12 1 1 10 12 1 1 10 12 1 10 12 1 10 12 1 10 12 1 8 1 8 1 8 1 10 12 1 8 1 10 12 1 8 1 8 1 8 1 8 1 8 1 10 12 1 10 12 1 10 12 1 1 10 7 12 1 1 1 10 12 1 10 12 1 10 12 1 10 12 1 10 12 1 9 12 1 1 8 1 10 12 1 1 9 12 1 9 12 1 1 10 12 1 1 9 12 1 1 9 12 1 10 12 1 1 9 12 1 1 7 1 10 7 12 1 1 1 9 7 12 1 1 1 10 7 12 1 1 1 10 12 1 1 10 12 1 1 10 12 1 9 12 1 10 12 1 9 12 1 10 12 1 10 12 1 8 1 10 12 1 9 12 1 1 7 1 10 7 12 1 1 1 100 1 10 12 1 9 12 1 10 12 1 10 12 1 10 12 1 1 10 12 1 9 7 12 1 1 10 12 1 1 10 12 1 10 12 1 9 12 1 9 9 12 1 7 9 12 1 1 10 12 1 1 9 12 1 10 12 1 10 7 1 9 1 1 1 1 3 1 3 1 1 3 1 3 1 1 1 1 1 1 1 1 1 1 1 1 1 1 1 1 1 1 1 1 1 1 1 1 1 1 1 1 1 1 1 1 1 1 1 1 1 1 1 1 1 1 1 1 1 100 1 1 1 1 1 1 1 1 1 1 1 1 1 1 1 1 1 1 1 1 1 1 1 1 1 1 1 1 1 1 1 1 1 1 1 1 1 1 1 1 1 1 1 1 1 1 1 1 1 1 1 1 1 1 1 1 1 1 1 1 1 1 1 1 1 1 1 100 1 1 1 1 1 1 1 1 1 1 1 1 1 1 1 1 1 1 1 1 1 1 1 1 1 1 1 1 1 1 1 1 1 1 1 1 100 1 1 1 1 1 1 1 1 1 1 1 1 1 1 100 1 1 1 100 1 1 100 1 1 1 1 1 1 1 1 1 1 1 1
staticfield java/lang/invoke/LambdaForm DEFAULT_CUSTOMIZED Ljava/lang/invoke/MethodHandle; 
staticfield java/lang/invoke/LambdaForm DEFAULT_KIND Ljava/lang/invoke/LambdaForm$Kind; java/lang/invoke/LambdaForm$Kind
staticfield java/lang/invoke/LambdaForm COMPILE_THRESHOLD I 0
staticfield java/lang/invoke/LambdaForm INTERNED_ARGUMENTS [[Ljava/lang/invoke/LambdaForm$Name; 5 [[Ljava/lang/invoke/LambdaForm$Name;
staticfield java/lang/invoke/LambdaForm IMPL_NAMES Ljava/lang/invoke/MemberName$Factory; java/lang/invoke/MemberName$Factory
staticfield java/lang/invoke/LambdaForm LF_identity [Ljava/lang/invoke/LambdaForm; 6 [Ljava/lang/invoke/LambdaForm;
staticfield java/lang/invoke/LambdaForm NF_identity [Ljava/lang/invoke/LambdaForm$NamedFunction; 6 [Ljava/lang/invoke/LambdaForm$NamedFunction;
staticfield java/lang/invoke/LambdaForm LF_constant [Ljava/lang/invoke/LambdaForm; 5 [Ljava/lang/invoke/LambdaForm;
staticfield java/lang/invoke/LambdaForm createIdentityFormLock Ljava/lang/Object; java/lang/Object
staticfield java/lang/invoke/LambdaForm DEBUG_NAME_COUNTERS Ljava/util/HashMap; 
staticfield java/lang/invoke/LambdaForm DEBUG_NAMES Ljava/util/HashMap; 
staticfield java/lang/invoke/LambdaForm TRACE_INTERPRETER Z 0
staticfield java/lang/invoke/LambdaForm $assertionsDisabled Z 1
instanceKlass jdk/internal/reflect/DirectMethodHandleAccessor
ciInstanceKlass jdk/internal/reflect/MethodAccessorImpl 1 1 38 10 7 12 1 1 1 10 100 12 1 1 1 100 1 1 1 1 1 1 1 100 1 100 1 1 1 1 1 1 1 1 1 1 1 1 1 1
ciInstanceKlass jdk/internal/reflect/MethodAccessor 1 0 17 100 1 100 1 1 1 1 100 1 100 1 1 1 1 1 1
ciInstanceKlass jdk/internal/reflect/CallerSensitive 0 0 17 100 1 100 1 100 1 1 1 1 1 1 1 1 1 1 1
ciInstanceKlass jdk/internal/reflect/DirectConstructorHandleAccessor$NativeAccessor 1 1 44 10 7 12 1 1 1 9 7 12 1 1 1 10 12 1 1 1 1 1 1 1 1 1 1 1 1 1 1 1 1 1 100 1 100 1 1 1 1 1 100 1 1 1
ciInstanceKlass jdk/internal/reflect/ConstructorAccessor 1 0 16 100 1 100 1 1 1 1 100 1 100 1 100 1 1 1
instanceKlass jdk/internal/reflect/DirectConstructorHandleAccessor
instanceKlass jdk/internal/reflect/DirectConstructorHandleAccessor$NativeAccessor
ciInstanceKlass jdk/internal/reflect/ConstructorAccessorImpl 1 1 27 10 7 12 1 1 1 100 1 100 1 1 1 1 1 1 1 1 1 100 1 100 1 100 1 1 1
ciInstanceKlass jdk/internal/reflect/ConstantPool 1 1 142 10 100 12 1 1 1 9 7 12 1 1 1 10 12 1 1 10 12 1 1 10 12 1 10 12 1 1 10 12 1 1 10 12 1 10 12 1 1 10 12 1 10 12 1 1 10 12 1 10 12 1 10 12 1 10 12 1 1 10 12 1 1 10 12 1 1 10 12 1 1 10 12 1 10 12 1 1 10 100 12 1 1 1 8 11 7 12 1 1 1 10 7 12 1 1 1 1 1 1 1 1 1 1 1 1 1 1 1 1 1 1 1 1 1 1 1 1 1 1 1 1 1 1 1 1 1 1 1 1 1 1 1 1 1 1 1 1 1 1 1 1
instanceKlass java/lang/invoke/VolatileCallSite
instanceKlass java/lang/invoke/MutableCallSite
instanceKlass java/lang/invoke/ConstantCallSite
ciInstanceKlass java/lang/invoke/CallSite 1 1 297 10 7 12 1 1 1 10 7 12 1 1 1 9 12 1 1 10 7 12 1 1 1 10 12 1 100 1 10 12 1 1 10 12 1 1 9 100 12 1 1 1 10 100 12 1 1 10 12 1 1 100 1 100 1 10 10 100 12 1 1 1 10 12 1 1 8 1 10 12 1 10 12 1 1 10 12 1 10 12 1 1 10 12 1 1 10 10 100 12 1 1 10 12 1 1 9 12 1 9 100 12 1 1 1 8 1 10 7 12 1 1 1 10 12 1 1 100 1 10 12 1 1 9 12 1 8 1 100 1 10 12 1 10 12 1 100 1 8 1 10 10 12 1 10 12 1 1 100 1 10 12 1 1 10 12 1 10 12 1 10 12 1 1 10 12 1 1 9 12 1 1 8 10 12 1 1 9 12 1 1 100 1 10 10 12 1 10 100 12 1 1 1 10 12 1 1 10 12 1 1 10 12 1 10 7 12 1 1 1 100 1 8 1 10 10 12 10 12 1 1 100 1 100 1 100 1 8 1 10 12 1 10 7 12 1 1 1 1 1 1 1 1 1 1 1 1 1 1 1 1 1 1 1 1 1 1 1 1 1 1 1 1 1 1 1 1 1 1 1 1 1 1 1 1 1 1 1 1 1 1 1 1 1 1 1 1 1 1 1 1 100 1 100 1 1 1
staticfield java/lang/invoke/CallSite $assertionsDisabled Z 1
ciInstanceKlass java/lang/invoke/ConstantCallSite 1 1 65 10 7 12 1 1 1 9 7 12 1 1 1 9 12 1 1 10 7 12 1 1 1 10 12 1 100 1 10 12 9 12 1 1 100 1 10 10 12 1 1 10 12 1 1 1 1 1 1 1 1 1 1 1 1 1 100 1 1 1 1 1 1 1 1
staticfield java/lang/invoke/ConstantCallSite UNSAFE Ljdk/internal/misc/Unsafe; jdk/internal/misc/Unsafe
instanceKlass java/lang/invoke/DirectMethodHandle$StaticAccessor
instanceKlass java/lang/invoke/DirectMethodHandle$Interface
instanceKlass java/lang/invoke/DirectMethodHandle$Constructor
instanceKlass java/lang/invoke/DirectMethodHandle$Accessor
ciInstanceKlass java/lang/invoke/DirectMethodHandle 1 1 929 7 1 100 1 7 1 7 1 10 7 12 1 1 1 10 7 12 1 1 1 100 1 10 12 1 10 12 1 1 10 7 12 1 1 10 12 1 1 10 12 1 10 12 1 7 1 10 12 1 1 10 12 1 1 10 12 1 10 12 1 1 10 7 12 1 1 1 10 12 1 9 7 12 1 1 1 100 1 10 9 12 1 1 9 12 1 10 12 1 10 12 1 10 12 1 1 10 12 1 10 12 1 10 12 1 10 7 12 1 1 1 10 12 1 10 12 1 1 8 1 10 12 1 1 100 1 10 12 1 7 1 10 10 12 1 10 12 1 10 12 1 10 7 12 1 1 1 10 12 1 1 7 1 10 12 1 10 12 1 7 1 10 12 1 10 12 1 1 10 12 1 1 10 12 8 10 7 12 1 1 1 10 12 1 10 12 1 10 12 1 1 10 12 1 9 7 12 1 1 1 7 1 10 12 1 10 7 12 1 1 1 10 12 1 10 12 1 1 9 12 1 1 7 1 10 8 1 10 12 1 1 10 12 1 1 8 1 10 12 1 10 12 1 10 10 12 1 10 12 1 10 12 1 10 12 1 10 12 1 1 10 12 1 10 12 1 10 12 1 1 10 10 7 12 1 1 1 10 12 1 10 12 1 1 10 12 1 10 12 1 1 8 1 9 7 12 1 1 1 8 1 9 12 1 9 12 1 8 1 9 12 1 9 12 1 8 1 9 12 1 9 12 1 8 1 10 12 1 10 12 1 1 10 7 12 1 1 1 10 12 1 10 12 1 1 9 12 1 1 7 1 10 12 1 1 100 1 10 7 12 1 1 1 10 12 1 1 10 12 1 1 7 1 10 12 1 1 10 12 1 10 12 1 1 7 1 10 12 1 1 10 12 1 10 12 1 10 12 1 1 10 12 1 9 12 1 1 10 7 1 9 12 1 10 12 1 7 1 7 1 7 1 10 7 12 1 1 1 9 12 1 1 10 7 12 1 1 1 10 7 12 1 1 10 12 10 12 1 7 1 10 12 1 10 12 1 1 8 1 9 12 1 9 12 1 10 12 1 1 9 12 1 1 10 7 12 1 1 1 9 12 1 1 9 12 1 1 10 12 1 10 12 1 10 12 1 10 12 1 1 10 12 1 9 12 1 9 12 1 10 12 1 10 12 1 10 12 1 10 12 1 1 10 12 1 1 9 12 1 1 10 12 1 1 9 7 12 1 1 1 9 12 1 9 12 1 9 12 1 9 12 1 9 12 1 9 12 1 9 12 1 9 12 1 9 12 1 9 12 1 9 12 1 9 12 1 9 12 1 9 12 1 9 12 1 9 12 1 9 12 1 9 12 1 9 12 1 9 12 1 9 12 1 9 12 1 9 12 1 9 12 1 100 1 10 12 1 8 1 8 1 8 1 8 1 8 1 8 1 8 1 8 1 8 1 10 12 1 10 12 1 8 1 8 1 8 1 9 12 1 1 9 12 1 1 10 12 1 10 12 1 1 10 12 1 1 9 7 1 10 12 1 10 12 10 12 1 10 12 1 10 12 1 10 8 1 8 1 8 1 8 1 10 12 1 1 9 12 1 1 10 12 1 10 100 12 1 1 1 8 9 12 1 1 10 12 1 1 8 1 8 8 9 12 1 8 1 8 8 8 8 8 1 8 10 12 1 7 1 10 12 1 8 1 8 1 10 12 1 10 12 1 10 12 1 9 12 1 10 12 1 1 7 1 1 1 1 3 1 3 1 3 1 3 1 3 1 3 1 3 1 3 1 1 1 1 1 1 1 1 1 1 3 1 3 1 3 1 1 3 1 3 1 1 1 1 1 1 1 1 1 1 1 1 1 1 1 1 1 1 1 1 1 1 1 1 1 1 1 1 1 1 1 1 1 1 1 1 1 1 1 1 1 1 1 1 1 1 1 1 1 1 1 1 1 1 1 1 1 1 1 1 1 1 100 1 1 1 1 1 1 1 1 1 100 1 1 1 1 1 1 1 1 1 1 1 1 1 1 1 1 1 1 1 1 1 1 1 1 1 1 1 1 1 1 1 1 1 1 1 1 1 1 1 1 1 1 1 1 1 1 1 1 1 1 1 1 1
staticfield java/lang/invoke/DirectMethodHandle IMPL_NAMES Ljava/lang/invoke/MemberName$Factory; java/lang/invoke/MemberName$Factory
staticfield java/lang/invoke/DirectMethodHandle FT_UNCHECKED_REF I 8
staticfield java/lang/invoke/DirectMethodHandle FT_CHECKED_REF I 9
staticfield java/lang/invoke/DirectMethodHandle ACCESSOR_FORMS [Ljava/lang/invoke/LambdaForm; 120 [Ljava/lang/invoke/LambdaForm;
staticfield java/lang/invoke/DirectMethodHandle ALL_WRAPPERS [Lsun/invoke/util/Wrapper; 10 [Lsun/invoke/util/Wrapper;
staticfield java/lang/invoke/DirectMethodHandle NFS [Ljava/lang/invoke/LambdaForm$NamedFunction; 12 [Ljava/lang/invoke/LambdaForm$NamedFunction;
staticfield java/lang/invoke/DirectMethodHandle OBJ_OBJ_TYPE Ljava/lang/invoke/MethodType; java/lang/invoke/MethodType
staticfield java/lang/invoke/DirectMethodHandle LONG_OBJ_TYPE Ljava/lang/invoke/MethodType; java/lang/invoke/MethodType
staticfield java/lang/invoke/DirectMethodHandle $assertionsDisabled Z 1
ciInstanceKlass java/lang/invoke/MutableCallSite 0 0 61 10 100 12 1 1 1 10 12 1 9 100 12 1 1 1 10 12 1 10 12 1 1 9 100 12 1 1 1 10 100 12 1 1 1 10 100 12 1 1 1 1 1 1 1 1 1 1 1 1 1 1 1 1 1 1 1 1 100 1 1
ciInstanceKlass java/lang/invoke/VolatileCallSite 0 0 37 10 100 12 1 1 1 10 12 1 10 100 12 1 1 1 10 12 1 10 12 1 1 1 1 1 1 1 1 1 1 1 1 1 1 1 1
instanceKlass java/lang/invoke/SegmentVarHandle
instanceKlass java/lang/invoke/VarHandleBooleans$FieldInstanceReadOnly
instanceKlass java/lang/invoke/VarHandleLongs$FieldInstanceReadOnly
instanceKlass java/lang/invoke/VarHandleReferences$Array
instanceKlass java/lang/invoke/VarHandleReferences$FieldInstanceReadOnly
instanceKlass java/lang/invoke/VarHandleInts$FieldInstanceReadOnly
instanceKlass java/lang/invoke/VarHandleByteArrayAsDoubles$ByteArrayViewVarHandle
instanceKlass java/lang/invoke/VarHandleByteArrayAsLongs$ByteArrayViewVarHandle
instanceKlass java/lang/invoke/VarHandleByteArrayAsFloats$ByteArrayViewVarHandle
instanceKlass java/lang/invoke/VarHandleByteArrayAsInts$ByteArrayViewVarHandle
instanceKlass java/lang/invoke/VarHandleByteArrayAsChars$ByteArrayViewVarHandle
instanceKlass java/lang/invoke/VarHandleByteArrayAsShorts$ByteArrayViewVarHandle
ciInstanceKlass java/lang/invoke/VarHandle 1 1 474 10 7 12 1 1 1 10 7 12 1 1 9 12 1 1 9 12 1 1 10 12 1 1 8 1 10 12 1 1 10 7 12 1 1 1 10 12 1 1 10 100 12 1 1 1 9 100 12 1 1 1 10 12 1 1 10 100 12 1 1 1 10 12 1 1 9 12 1 10 12 1 9 12 1 1 10 7 12 1 1 10 12 1 9 7 12 1 1 1 9 12 1 1 10 12 1 1 100 1 100 1 10 8 1 10 12 1 1 10 12 1 8 1 10 12 1 10 12 1 9 12 1 1 9 12 1 10 12 1 10 12 1 1 10 12 1 10 10 100 12 1 1 1 10 12 1 1 10 12 1 1 10 100 12 1 1 1 10 100 12 1 1 1 10 100 12 1 1 1 9 12 1 1 9 10 12 1 10 12 1 1 10 12 1 1 10 12 1 10 100 12 1 1 1 9 12 1 1 10 12 1 1 9 12 1 10 12 1 10 12 1 10 100 12 1 1 100 1 10 9 7 12 1 1 1 9 12 1 1 10 7 12 1 1 1 10 12 1 10 12 1 10 12 1 10 12 1 10 12 1 10 12 1 1 8 10 12 1 1 7 1 10 12 1 1 100 1 1 1 1 1 1 1 1 1 1 1 1 1 1 1 1 1 1 1 1 1 1 1 1 1 1 1 1 1 1 1 1 1 1 1 1 1 1 1 1 1 1 1 1 1 1 1 1 1 1 1 1 1 1 1 1 1 1 1 1 1 1 1 1 1 100 1 1 1 1 1 1 1 1 100 1 1 1 1 1 1 1 1 1 1 1 1 100 1 100 1 1 100 1 100 1 100 1 100 1 100 1 100 1 100 1 100 1 100 1 100 1 100 1 100 1 100 1 100 1 100 1 100 1 100 1 100 1 100 1 100 1 100 1 100 1 100 1 100 1 100 1 100 1 100 1 100 1 100 1 100 1 100 1 100 1 100 1 100 1 100 1 100 1 1 1 1 1 1 100 1 1 1 100 1 1 100 1 100 1 100 1 100 1 100 1 100 1 1 1 1 100 1 100 1 100 1 100 1 100 1 100 1 100 1 100 1
staticfield java/lang/invoke/VarHandle VFORM_OFFSET J 16
staticfield java/lang/invoke/VarHandle $assertionsDisabled Z 1
ciInstanceKlass java/lang/invoke/MemberName 1 1 730 7 1 7 1 100 1 9 12 1 1 10 7 12 1 1 1 9 12 1 1 10 12 1 1 10 12 1 1 10 12 1 1 10 12 1 10 12 1 1 10 7 12 1 1 1 10 12 1 9 7 12 1 1 10 12 1 100 1 100 1 10 12 1 8 1 10 12 1 1 10 12 1 10 12 1 1 10 12 1 9 12 1 1 8 1 10 100 12 1 1 1 7 1 10 10 12 1 1 100 1 100 1 10 12 1 9 12 1 1 100 1 8 1 10 12 1 10 12 1 10 12 1 10 12 1 10 12 1 1 10 12 1 10 12 1 10 12 1 1 8 1 8 1 10 12 1 8 1 9 12 1 1 3 10 12 1 10 12 1 10 12 1 10 10 7 12 1 1 1 10 12 1 10 12 1 10 12 1 10 12 1 7 1 8 10 12 1 1 10 12 1 1 8 1 9 100 1 8 9 100 1 10 12 1 1 10 12 1 10 12 1 8 1 10 12 1 1 10 12 1 10 12 1 10 12 1 10 12 1 1 100 1 10 12 1 1 10 12 1 8 1 10 12 1 10 12 1 8 1 10 12 1 1 10 12 1 1 100 1 10 12 1 1 10 12 8 1 8 1 100 1 10 12 1 10 100 12 1 1 1 100 1 10 12 10 12 1 10 12 1 10 12 1 10 12 1 10 10 12 1 10 12 1 10 12 1 3 10 12 1 3 10 12 1 3 3 3 3 3 3 10 12 1 3 9 12 1 10 12 1 1 3 10 12 1 10 10 7 12 1 1 1 10 12 1 1 10 100 12 1 1 10 10 12 1 10 12 1 1 10 12 1 10 10 12 1 1 10 12 1 10 12 1 10 12 1 100 1 10 10 10 12 100 1 10 10 10 12 1 1 10 12 1 1 10 10 12 1 8 10 7 1 10 12 1 10 7 1 10 12 1 10 12 1 10 12 1 10 10 12 1 10 12 1 1 10 12 1 1 10 12 1 10 12 1 10 12 1 100 1 10 12 1 1 100 1 8 1 10 7 1 10 12 1 10 12 10 12 1 1 10 12 1 10 12 1 8 1 8 1 8 1 8 1 10 12 1 10 12 1 10 7 12 1 1 1 8 1 8 1 10 12 1 8 1 10 10 10 12 1 10 12 1 8 1 8 1 10 10 12 1 8 1 10 100 12 1 1 1 8 1 100 1 10 12 1 10 12 1 1 10 12 1 8 1 8 1 8 1 8 1 100 1 10 8 1 8 1 8 1 8 1 10 12 1 100 1 100 1 100 1 10 100 1 10 100 1 10 100 12 1 1 1 9 7 12 1 1 1 100 1 100 1 1 1 1 1 1 1 3 1 3 1 3 1 3 1 3 1 3 1 1 1 1 1 1 1 1 3 1 3 1 1 1 1 1 1 1 1 1 1 1 1 1 1 1 1 1 1 1 1 1 1 1 1 100 1 1 1 1 1 1 1 1 1 1 1 1 1 1 1 1 1 1 1 1 1 1 1 1 1 1 1 1 1 1 1 1 1 1 1 1 1 1 1 1 1 1 1 1 1 1 1 1 1 1 1 1 1 1 1 1 1 1 1 1 1 1 1 1 1 1 1 1 1 1 1 1 1 1 1 1 100 1 1 1 1 1 1 1 1 1 1 1 1 1 1 1 1
staticfield java/lang/invoke/MemberName $assertionsDisabled Z 1
ciInstanceKlass java/lang/invoke/ResolvedMethodName 1 1 25 10 100 12 1 1 1 9 100 12 1 1 1 1 1 1 1 1 1 1 1 1 1 1 1
ciInstanceKlass java/lang/invoke/MethodHandleNatives 1 1 689 100 1 10 7 12 1 1 1 9 7 12 1 1 1 10 12 1 1 100 1 10 10 12 1 1 10 12 1 10 12 1 8 1 8 1 8 1 8 1 8 1 8 1 8 1 8 1 8 1 8 1 10 12 1 1 7 1 10 7 12 1 1 1 10 100 12 1 1 1 7 1 10 10 12 1 1 8 1 10 12 1 8 1 10 12 1 1 8 1 10 12 1 1 9 100 12 1 1 1 8 1 10 100 12 1 1 1 100 1 10 12 100 1 100 1 8 1 7 1 10 10 12 1 7 1 9 7 12 1 1 10 12 1 1 10 12 1 10 7 12 1 1 1 10 12 1 1 9 12 1 8 1 10 12 1 1 10 12 1 8 1 10 12 1 1 7 1 10 12 1 10 7 12 1 1 1 10 12 1 10 12 1 1 10 12 1 1 8 1 10 12 1 1 8 1 10 12 1 8 1 8 1 8 1 100 1 10 12 1 8 1 10 100 12 1 1 1 10 12 1 1 10 100 12 1 1 10 10 12 1 1 10 12 1 10 100 12 1 1 1 100 1 8 1 10 100 12 1 1 1 7 1 8 1 10 12 1 8 1 8 1 8 1 8 1 8 1 10 12 1 1 10 12 1 1 10 12 1 10 12 1 1 10 12 1 1 7 1 10 12 1 100 1 100 1 10 12 1 10 12 1 8 1 8 1 10 10 12 1 1 10 12 1 1 8 1 10 100 12 1 1 8 1 8 1 10 12 1 1 10 7 12 1 1 1 100 1 10 12 1 1 7 1 9 12 1 1 10 7 12 1 1 1 10 10 12 1 9 12 1 10 12 1 9 12 1 9 12 1 10 12 1 1 10 12 1 10 12 1 1 7 1 7 1 10 12 1 1 10 12 1 10 12 1 1 10 7 12 1 1 1 10 12 1 8 1 10 12 1 10 12 1 10 12 1 1 10 12 1 10 7 12 1 1 1 10 12 1 1 100 1 8 1 10 9 7 12 1 1 1 10 12 1 1 10 12 1 1 100 1 10 12 1 1 10 12 1 1 100 1 100 1 10 10 100 1 100 1 10 100 1 10 10 12 1 1 10 100 1 10 12 1 10 12 1 1 10 12 1 1 10 12 1 1 10 12 1 10 12 1 1 10 8 1 10 12 1 10 12 1 10 12 1 10 12 1 10 12 1 1 10 12 1 10 12 1 10 12 1 10 10 7 12 1 1 10 12 1 1 1 1 1 1 1 1 1 1 1 1 1 100 1 1 1 1 1 1 1 1 1 1 1 1 1 1 1 1 1 1 1 1 1 1 1 1 1 1 1 1 1 1 1 1 1 1 1 1 1 1 1 1 1 1 1 1 1 1 1 1 1 1 1 1 1 1 1 1 1 1 1 1 1 1 1 100 1 1 1 1 1 1 1 1 1 1 1 1 1 1 1 1 1 1 1 1 1 1 1 1 1 1 1 1 1 1 1 1 1 1 1 100 1 1 1 1 1 1 1 1 1 1 1 1 1 1 1 1 1 1 1 1 1 1 1 1 1 1 1 1 1 1 1 1 1 1 100 1 1
staticfield java/lang/invoke/MethodHandleNatives $assertionsDisabled Z 1
ciInstanceKlass jdk/internal/foreign/abi/NativeEntryPoint 0 0 223 10 100 12 1 1 1 9 100 12 1 1 1 9 12 1 1 100 1 8 1 10 12 1 10 12 1 1 100 1 10 100 12 1 1 1 10 12 1 9 12 1 1 18 12 1 1 10 100 12 1 1 1 9 100 12 1 1 1 8 1 10 12 1 1 8 1 8 1 8 1 8 1 10 100 12 1 1 1 100 1 10 10 12 1 1 8 1 10 12 1 8 1 10 12 1 10 12 1 1 10 12 1 1 100 1 8 1 10 12 1 10 12 1 1 100 1 8 1 10 10 12 1 9 12 1 1 18 12 1 1 10 100 12 1 1 1 10 12 1 1 10 12 1 10 100 12 1 1 1 10 1 1 1 1 1 1 1 1 1 1 1 1 1 1 1 1 1 1 1 1 1 1 1 1 1 1 1 1 1 1 1 1 1 1 1 1 1 1 1 1 1 1 1 1 16 1 15 10 12 16 1 16 15 10 12 15 10 100 12 1 1 1 1 1 100 1 1 100 1 100 1 1
ciInstanceKlass jdk/internal/foreign/abi/ABIDescriptor 0 0 55 10 100 12 1 1 1 9 100 12 1 1 1 9 12 1 1 9 12 1 9 12 1 9 12 1 1 9 12 1 9 12 1 1 9 12 1 9 12 1 9 12 1 9 12 1 1 1 1 1 1 1 1 1 1
ciInstanceKlass jdk/internal/foreign/abi/VMStorage 0 0 111 10 100 12 1 1 1 9 100 12 1 1 1 9 12 1 1 9 12 1 1 9 12 1 1 100 1 10 8 1 10 12 1 1 10 12 1 10 12 1 1 10 12 1 100 1 10 100 12 1 1 1 10 100 12 1 1 10 100 12 1 1 10 100 12 1 1 1 18 12 1 1 1 1 1 1 1 1 1 1 1 1 1 1 1 1 1 1 1 1 1 1 8 1 15 15 15 15 15 10 100 12 1 1 1 1 100 1 100 1 1
ciInstanceKlass jdk/internal/foreign/abi/UpcallLinker$CallRegs 0 0 66 10 100 12 1 1 1 9 100 12 1 1 1 9 12 1 18 12 1 1 18 12 1 1 18 12 1 1 1 1 1 1 1 1 1 1 1 1 1 1 1 1 1 1 100 1 1 1 8 1 15 15 15 10 100 12 1 1 1 1 1 100 1 100 1 1
instanceKlass java/lang/StackFrameInfo
ciInstanceKlass java/lang/ClassFrameInfo 1 1 126 10 7 12 1 1 1 9 7 12 1 1 1 7 1 3 9 12 1 1 9 12 1 1 7 1 9 12 1 1 3 11 7 12 1 1 1 11 12 1 10 12 1 1 10 12 1 1 10 12 1 100 1 10 10 12 1 1 8 1 8 1 10 12 100 1 10 10 12 1 1 8 1 10 12 1 8 1 10 12 8 1 10 12 1 10 7 12 1 1 1 100 1 1 1 1 1 1 1 1 1 1 1 1 1 1 1 1 1 1 1 1 1 1 1 1 1 1 1 100 1 1 1 1 1 1
staticfield java/lang/ClassFrameInfo JLIA Ljdk/internal/access/JavaLangInvokeAccess; java/lang/invoke/MethodHandleImpl$1
ciInstanceKlass java/lang/StackWalker$StackFrame 1 1 41 100 1 10 12 1 1 100 1 100 1 1 1 1 1 1 1 1 1 1 1 1 1 1 1 1 1 1 1 1 1 1 1 1 1 1 1 100 1 1 1
ciInstanceKlass java/lang/StackWalker 1 1 236 9 7 12 1 1 1 10 7 12 1 1 1 7 1 10 7 12 1 1 1 10 12 1 1 11 7 12 1 1 1 10 12 1 1 10 12 1 1 100 1 8 1 10 12 1 10 12 1 10 12 1 10 7 12 1 1 9 12 1 1 9 12 1 1 9 12 1 1 9 12 1 1 10 12 1 1 9 12 1 1 9 12 1 1 9 12 1 1 9 12 1 1 10 12 1 1 10 7 12 1 1 1 10 100 12 1 1 1 18 12 1 1 100 1 8 1 10 8 1 10 12 1 1 10 7 12 1 1 1 10 12 1 1 10 12 1 11 12 1 1 9 7 12 1 1 11 100 12 1 1 1 10 12 1 1 1 1 1 1 1 1 1 1 1 1 1 1 1 1 1 1 1 1 1 1 1 1 1 1 1 1 1 1 1 1 1 1 1 1 1 1 1 1 1 1 1 1 1 1 1 1 1 1 1 1 1 1 1 100 1 1 16 15 10 12 16 1 15 10 100 12 1 1 1 1 1 1 1 1 1 100 1 100 1 1
staticfield java/lang/StackWalker DEFAULT_EMPTY_OPTION Ljava/util/EnumSet; java/util/RegularEnumSet
staticfield java/lang/StackWalker DEFAULT_WALKER Ljava/lang/StackWalker; java/lang/StackWalker
instanceKlass java/lang/LiveStackFrameInfo
ciInstanceKlass java/lang/StackFrameInfo 0 0 150 10 100 12 1 1 1 9 100 12 1 1 1 9 12 1 1 11 100 12 1 1 1 10 12 1 1 10 100 12 1 1 1 9 12 1 1 10 12 1 1 9 12 1 1 100 1 10 12 10 12 1 9 12 1 100 1 100 1 10 12 1 1 11 12 1 1 10 12 1 10 12 1 10 12 1 1 9 12 1 1 10 12 1 1 10 100 12 1 1 10 12 1 1 9 12 1 10 100 12 1 1 1 9 12 1 1 10 100 1 10 12 1 9 12 1 1 10 12 1 1 10 12 1 1 1 1 1 1 1 1 1 1 1 1 1 1 1 1 100 1 100 1 1 1 1 1 1 1 1
ciInstanceKlass java/lang/LiveStackFrameInfo 0 0 97 10 100 12 1 1 1 9 100 12 1 1 1 9 12 1 9 12 1 9 12 1 9 12 1 1 100 1 10 12 1 1 10 12 1 8 1 10 12 1 1 8 1 8 1 8 1 10 100 1 10 12 1 100 1 10 12 1 100 1 100 1 1 1 3 1 3 1 1 1 1 1 1 1 1 1 1 1 1 1 1 1 1 1 1 1 1 1 1 1 1 1 1 1 100 1 1
ciInstanceKlass java/lang/LiveStackFrame 0 0 112 100 1 10 100 12 1 1 1 11 100 12 1 1 1 11 12 1 9 100 12 1 1 1 10 100 12 1 1 1 10 100 12 1 1 1 11 12 1 10 12 1 100 1 100 1 1 1 1 1 1 1 1 1 1 1 1 1 1 1 1 1 1 1 1 1 1 1 1 1 100 1 1 1 1 1 1 1 100 1 8 1 1 12 10 1 1 1 8 1 1 1 8 1 1 1 8 1 1 1 8 1 1 8 1 1 1 8 1 1 8 1
instanceKlass java/lang/StackStreamFactory$CallerClassFinder
ciInstanceKlass java/lang/StackStreamFactory$AbstractStackWalker 1 1 364 7 1 100 1 3 10 7 12 1 1 1 10 7 12 1 1 10 7 12 1 1 1 9 12 1 1 9 12 1 1 9 12 1 1 9 12 1 9 12 1 10 7 12 1 1 1 10 12 1 1 10 100 12 1 1 9 12 1 1 9 12 1 1 10 12 1 1 9 12 1 1 10 7 12 1 1 1 10 12 1 1 9 12 1 1 9 100 12 1 1 1 100 1 10 8 1 10 12 1 1 10 12 1 8 1 10 12 1 1 10 100 12 1 1 1 100 1 8 1 10 12 1 8 1 10 12 10 7 12 1 1 9 12 1 1 8 1 5 0 8 1 8 1 9 12 1 1 10 12 1 1 18 12 1 1 10 100 12 1 1 1 10 12 1 1 10 12 1 10 12 1 9 7 12 1 1 1 10 12 1 1 9 12 1 10 12 1 10 12 1 10 12 1 10 12 1 10 12 1 10 12 1 1 8 1 10 12 1 10 12 1 10 12 1 10 12 1 1 8 1 10 12 1 1 10 12 1 1 10 12 1 1 10 12 1 10 12 1 10 12 1 9 12 1 8 1 10 12 1 8 1 10 12 1 10 12 1 1 10 12 1 10 12 1 10 12 1 1 10 12 1 10 12 1 10 12 1 10 12 1 10 12 1 10 12 1 1 10 12 1 10 12 1 10 12 1 10 12 1 8 1 1 1 1 1 1 1 1 1 1 1 1 1 100 1 1 1 1 1 1 100 1 1 1 1 100 1 1 1 1 1 1 1 1 1 1 1 1 1 1 1 1 1 1 16 15 15 10 100 12 1 1 1 1 1 1 1 1 100 1 100 1 1
ciInstanceKlass jdk/internal/module/Modules 1 1 481 10 100 12 1 1 1 9 7 12 1 1 1 11 7 12 1 1 1 11 12 1 1 11 12 1 1 11 12 1 1 11 12 1 11 12 1 11 12 1 11 12 1 11 12 1 11 12 1 1 10 7 12 1 1 1 10 12 1 1 10 100 12 1 1 10 100 12 1 1 1 10 100 12 1 1 10 12 1 1 11 12 1 9 12 1 1 11 7 12 1 1 1 10 12 1 1 10 10 12 1 10 100 1 9 12 1 1 10 7 12 1 1 10 12 1 1 10 7 12 1 1 1 100 1 11 100 12 1 1 1 10 100 12 1 1 1 11 100 12 1 1 10 12 1 1 10 100 12 1 1 10 100 12 1 1 1 10 12 1 1 10 12 1 1 11 12 1 1 18 12 1 1 11 100 12 1 1 10 100 12 1 1 1 11 100 12 1 1 1 100 1 11 12 1 1 11 100 12 1 1 1 11 12 1 1 10 12 1 1 10 100 12 1 1 18 12 1 1 11 12 1 1 18 12 1 1 11 12 1 1 10 12 1 18 18 10 12 1 1 9 12 1 1 11 100 12 1 1 1 100 1 10 11 12 1 11 12 1 1 10 100 1 10 12 1 1 10 100 12 1 1 10 12 1 1 11 12 10 12 1 1 100 1 10 18 12 1 10 12 1 1 100 1 8 1 10 12 1 10 100 12 1 1 18 12 1 11 11 12 10 12 1 10 10 100 1 18 12 1 10 10 10 7 12 1 1 10 7 12 1 1 1 10 12 1 1 1 1 1 1 1 1 1 1 1 1 1 1 1 1 1 1 1 1 1 1 1 1 1 1 1 1 1 1 1 1 1 1 1 1 1 1 1 1 1 1 1 1 1 1 1 1 1 1 1 1 1 1 1 1 1 1 1 1 1 1 1 1 100 1 1 1 1 1 1 1 1 1 1 1 1 1 1 1 1 1 1 1 1 1 1 1 16 15 10 12 1 16 1 16 1 15 10 12 1 16 1 16 1 15 10 12 16 1 15 10 16 1 15 10 12 16 1 16 15 10 12 16 15 10 12 16 15 10 12 15 10 100 12 1 1 1 1 1 1 100 1 100 1 1
staticfield jdk/internal/module/Modules JLA Ljdk/internal/access/JavaLangAccess; java/lang/System$1
staticfield jdk/internal/module/Modules JLMA Ljdk/internal/access/JavaLangModuleAccess; java/lang/module/ModuleDescriptor$1
staticfield jdk/internal/module/Modules $assertionsDisabled Z 1
ciInstanceKlass jdk/internal/loader/ClassLoaders 1 1 185 10 100 12 1 1 1 10 7 12 1 1 1 10 12 1 1 10 100 12 1 1 1 9 7 12 1 1 1 9 12 1 1 9 12 1 1 7 1 11 100 12 1 1 1 100 1 11 12 1 1 11 12 1 1 10 100 12 1 1 1 10 100 12 1 1 1 100 1 100 1 10 7 12 1 1 1 9 12 1 1 8 1 10 7 12 1 1 1 10 12 1 1 7 1 10 12 1 10 12 1 1 7 1 10 12 1 1 10 12 1 1 10 12 1 7 1 10 12 10 12 1 8 1 10 7 12 1 1 8 1 8 1 10 12 1 7 1 10 10 12 1 10 12 1 1 1 1 1 1 1 1 1 1 1 1 1 1 1 1 1 1 1 1 100 1 1 1 1 1 1 1 1 1 1 1 1 1 1 1 1 1 1 1 1
staticfield jdk/internal/loader/ClassLoaders JLA Ljdk/internal/access/JavaLangAccess; java/lang/System$1
staticfield jdk/internal/loader/ClassLoaders BOOT_LOADER Ljdk/internal/loader/ClassLoaders$BootClassLoader; jdk/internal/loader/ClassLoaders$BootClassLoader
staticfield jdk/internal/loader/ClassLoaders PLATFORM_LOADER Ljdk/internal/loader/ClassLoaders$PlatformClassLoader; jdk/internal/loader/ClassLoaders$PlatformClassLoader
staticfield jdk/internal/loader/ClassLoaders APP_LOADER Ljdk/internal/loader/ClassLoaders$AppClassLoader; jdk/internal/loader/ClassLoaders$AppClassLoader
instanceKlass javax/management/AttributeList
ciInstanceKlass java/util/ArrayList 1 1 514 10 7 12 1 1 1 7 1 9 7 12 1 1 1 9 12 1 100 1 100 1 10 8 1 10 12 1 1 10 12 1 10 12 1 1 10 12 1 9 12 1 11 7 12 1 1 1 9 12 1 1 11 12 1 1 7 10 7 12 1 1 1 9 12 1 10 12 1 10 12 1 1 10 7 12 1 1 1 10 7 12 1 1 1 10 12 1 1 10 12 1 1 10 12 1 1 10 12 1 10 12 1 1 100 1 100 1 10 12 1 10 10 7 12 1 1 1 10 7 12 1 1 10 12 1 100 1 10 10 12 10 12 1 1 10 12 1 1 10 12 1 10 12 10 12 1 1 7 1 10 12 1 1 10 12 1 1 10 12 1 100 1 10 11 12 1 1 11 7 12 1 1 1 11 12 1 10 12 1 10 12 1 10 12 1 1 100 1 10 12 1 1 10 10 12 1 1 10 12 1 8 1 8 1 8 1 8 1 10 12 1 1 10 12 1 1 11 12 1 100 1 10 100 12 1 1 10 12 1 10 12 1 1 10 7 12 1 1 10 12 1 10 7 12 1 1 1 11 7 12 1 1 1 10 12 1 100 1 8 1 10 7 1 10 12 1 7 1 10 12 1 10 12 1 1 7 1 10 12 1 10 12 1 1 11 7 12 1 1 7 1 10 12 1 10 12 1 1 11 100 12 1 1 10 12 1 1 10 12 1 1 10 12 1 1 10 12 1 1 11 100 12 1 1 10 12 1 1 10 12 1 1 100 1 100 1 100 1 1 1 1 5 0 1 3 1 1 1 1 1 1 1 1 1 1 1 1 1 1 1 1 1 1 1 1 1 1 1 1 1 1 1 1 1 1 1 1 1 1 1 1 1 1 1 1 1 1 1 1 1 1 1 1 1 1 1 1 1 1 1 1 1 1 1 1 1 1 1 1 1 1 1 1 1 1 1 1 1 1 1 1 1 1 1 1 1 1 1 1 1 1 1 1 1 1 1 1 1 1 1 1 1 1 1 1 1 1 1 1 7 1 1 1 1 7 1 1 1 1 1 1 1 1 1 1 1 1 1 1 1 1 1 1 1 1 1 1 1 1 1 1 1 1 1 100 1 1 1 1 1 1 1 1 1 1 1 1 1 1 1 1 1 1 1 100 1 100 1 1 1 1 1 1
staticfield java/util/ArrayList EMPTY_ELEMENTDATA [Ljava/lang/Object; 0 [Ljava/lang/Object;
staticfield java/util/ArrayList DEFAULTCAPACITY_EMPTY_ELEMENTDATA [Ljava/lang/Object; 0 [Ljava/lang/Object;
ciInstanceKlass java/util/List 1 1 251 10 100 12 1 1 1 11 7 12 1 1 1 11 100 12 1 1 1 11 12 1 1 11 100 12 1 1 11 12 1 1 11 12 1 1 10 100 12 1 1 1 7 1 7 1 10 12 1 1 100 1 10 100 12 1 1 1 11 12 1 1 11 12 1 11 12 1 100 1 10 12 1 11 12 1 1 11 12 1 1 11 12 1 10 7 12 1 1 1 9 7 12 1 1 1 7 1 10 12 10 12 1 7 1 10 12 1 1 10 12 1 10 12 1 1 11 12 1 1 100 1 1 1 1 1 1 1 1 1 1 1 1 1 1 1 1 1 1 1 1 1 1 1 1 1 1 1 1 1 1 1 1 1 1 1 1 1 1 1 1 1 1 1 1 100 1 100 1 1 1 1 1 1 1 1 1 1 1 1 1 1 1 1 1 1 1 1 1 1 1 1 1 1 1 1 1 1 1 1 1 1 1 1 1 1 1 1 1 1 1 1 1 1 1 1 1 1 1 1 1 1 1 1 1 1 1 1 1 1 1 1 1 1 1 1 1 1 1 1 1 1 1 1 100 1 1 100 1 1 1
ciInstanceKlass java/util/SequencedCollection 1 1 104 100 1 10 12 1 1 11 100 12 1 1 1 11 100 12 1 1 1 11 12 1 1 11 12 1 100 1 100 1 1 1 1 1 1 1 1 1 1 1 1 1 1 1 1 1 1 1 1 1 1 1 1 1 1 1 1 1 100 1 8 1 12 10 1 1 8 1 1 1 8 1 1 8 1 1 1 8 1 1 8 1 1 1 8 1 1 8 1 8 1 1 8 1 1 1 8 1 1 8 1 1 8 1
ciInstanceKlass java/lang/Iterable 1 1 62 10 7 12 1 1 1 11 7 12 1 1 1 11 7 12 1 1 1 11 12 1 1 11 7 12 1 1 1 10 100 12 1 1 1 100 1 1 1 1 1 1 1 1 1 1 1 1 1 1 1 1 1 1 1 1 1 1 1 1 1 1
ciInstanceKlass java/util/RandomAccess 1 0 7 100 1 100 1 1 1
instanceKlass java/util/EnumMap$Values
instanceKlass java/util/WeakHashMap$Values
instanceKlass java/util/AbstractQueue
instanceKlass java/util/IdentityHashMap$Values
instanceKlass java/util/TreeMap$Values
instanceKlass java/util/LinkedHashMap$LinkedValues
instanceKlass java/util/HashMap$Values
instanceKlass java/util/ArrayDeque
instanceKlass java/util/AbstractSet
instanceKlass java/util/ImmutableCollections$AbstractImmutableCollection
instanceKlass java/util/AbstractList
ciInstanceKlass java/util/AbstractCollection 1 1 160 10 7 12 1 1 1 10 7 12 1 1 1 10 12 1 1 11 7 12 1 1 1 11 12 1 1 10 12 1 1 10 100 12 1 1 1 10 12 1 1 10 12 1 1 10 7 12 1 1 10 7 12 1 1 1 7 1 10 100 12 1 1 1 10 100 12 1 1 1 100 1 10 11 12 1 11 7 1 10 12 1 10 12 1 10 100 12 1 1 1 11 8 1 100 1 10 10 12 1 1 8 1 10 12 1 10 12 1 1 1 1 1 1 1 1 1 1 1 1 1 1 1 1 1 1 1 1 1 1 1 1 1 1 1 1 1 1 1 1 1 1 1 1 1 1 1 1 1 1 1 1 1 1 1 1 1 1 1 1
ciMethod java/util/AbstractCollection <init> ()V 762 0 286860 0 0
instanceKlass javafx/scene/control/skin/VirtualFlow$ArrayLinkedList
instanceKlass com/sun/javafx/UnmodifiableArrayList
instanceKlass java/util/AbstractList$SubList
instanceKlass javafx/collections/FXCollections$EmptyObservableList
instanceKlass javafx/collections/ObservableListBase
instanceKlass java/util/Vector
instanceKlass sun/security/jca/ProviderList$2
instanceKlass java/util/AbstractSequentialList
instanceKlass java/util/Collections$SingletonList
instanceKlass java/util/Arrays$ArrayList
instanceKlass java/util/ArrayList$SubList
instanceKlass java/util/Collections$EmptyList
instanceKlass java/util/ArrayList
ciInstanceKlass java/util/AbstractList 1 1 218 10 7 12 1 1 1 9 7 12 1 1 1 10 12 1 1 10 12 1 1 100 1 10 10 12 1 1 11 7 12 1 1 1 11 12 1 1 11 12 1 10 7 12 1 1 1 10 12 1 11 12 1 11 12 1 11 12 1 10 12 1 1 10 12 1 1 11 100 12 1 1 1 11 7 1 11 7 1 10 12 1 7 1 10 12 1 10 12 1 1 7 1 7 1 10 12 1 100 1 10 100 1 100 1 10 8 1 10 12 1 1 10 12 1 10 12 1 1 10 12 1 8 1 100 1 8 1 8 1 8 1 10 7 1 11 10 10 12 1 11 12 1 10 12 1 1 8 1 8 1 1 1 1 1 1 1 1 1 1 1 1 1 1 1 1 1 1 1 1 1 1 1 1 1 1 1 1 1 1 1 1 1 1 1 1 1 1 1 1 1 1 1 1 1 1 1 1 1 1 1 1 1 1 1 1 1 1 100 1 100 1 1 1 1 1 1 1
ciMethod java/util/AbstractList <init> ()V 1024 0 188717 0 80
ciMethod java/util/ArrayList size ()I 338 0 169 0 0
ciMethod java/util/ArrayList add (Ljava/lang/Object;)Z 1024 0 70839 0 1959
ciMethod java/util/ArrayList toArray ([Ljava/lang/Object;)[Ljava/lang/Object; 274 0 5257 0 1453
ciMethod java/util/ArrayList <init> ()V 770 0 91469 0 105
ciMethod java/util/ArrayList add (Ljava/lang/Object;[Ljava/lang/Object;I)V 1024 0 70839 0 -1
ciInstanceKlass java/lang/annotation/Annotation 1 0 17 100 1 100 1 1 1 1 1 1 1 1 1 1 1 1 1
ciInstanceKlass java/util/Hashtable$Entry 1 1 98 10 7 12 1 1 1 9 7 12 1 1 1 9 12 1 1 9 12 1 9 12 1 1 10 12 1 1 10 12 1 100 1 10 100 1 11 12 1 10 12 1 1 11 12 1 10 100 12 1 1 1 100 1 10 10 12 1 1 10 12 1 1 8 1 10 1 1 1 1 1 1 1 1 1 1 1 1 1 1 1 1 1 1 1 1 1 1 1 1 1 1 100 1 1 1 100 1
ciInstanceKlass java/time/format/DateTimeFormatterBuilder$DateTimePrinterParser 1 0 16 100 1 100 1 1 1 1 1 1 1 1 100 1 1 1
ciMethod java/util/Arrays copyOf ([Ljava/lang/Object;ILjava/lang/Class;)[Ljava/lang/Object; 142 0 5347 0 -1
ciMethod java/util/Arrays equals ([C[C)Z 700 0 7194 0 -1
ciMethod java/lang/Math max (FF)F 774 0 5586 0 -1
ciMethod java/lang/Math max (II)I 638 0 52175 0 -1
ciMethod java/lang/Math min (FF)F 514 0 5395 0 -1
ciMethod java/lang/Math min (II)I 518 0 153902 0 -1
ciMethod java/util/Hashtable clear ()V 0 0 1 0 0
ciMethod java/util/Hashtable put (Ljava/lang/Object;Ljava/lang/Object;)Ljava/lang/Object; 572 268 4233 0 0
ciMethod java/util/Hashtable get (Ljava/lang/Object;)Ljava/lang/Object; 778 110 6536 0 -1
ciMethod java/util/Hashtable addEntry (ILjava/lang/Object;Ljava/lang/Object;I)V 570 0 4198 0 -1
ciMethod java/lang/Object getClass ()Ljava/lang/Class; 256 0 128 0 -1
ciMethod java/lang/Object <init> ()V 778 0 2490057 0 80
ciInstanceKlass java/lang/AssertionError 0 0 79 10 100 12 1 1 1 10 12 1 10 100 12 1 1 1 10 100 1 100 1 10 12 1 1 10 12 1 10 12 1 10 12 1 10 12 1 10 12 1 10 12 1 10 12 1 1 1 1 5 0 1 1 1 1 1 1 1 1 1 1 100 1 1 1 1 1 1 1 1 1 1 1 1 1 1 1 1 1
instanceKlass com/sun/javafx/geom/BoxBounds
instanceKlass com/sun/javafx/geom/RectBounds
ciInstanceKlass com/sun/javafx/geom/BaseBounds 1 1 82 10 7 12 1 1 1 10 7 12 1 1 1 100 1 10 12 1 7 1 10 12 1 1 1 1 1 1 1 1 1 1 1 1 1 1 1 1 1 1 1 1 1 1 1 1 1 1 1 1 1 1 1 1 1 1 1 1 1 1 1 1 1 1 1 1 1 1 1 1 1 1 1 1 1 1 1 1 100 1 1 1
ciInstanceKlass com/sun/javafx/geom/RectBounds 1 1 265 10 7 12 1 1 1 9 7 12 1 1 1 9 12 1 4 9 12 1 9 12 1 10 12 1 10 12 1 10 12 1 9 7 12 1 1 1 9 12 1 9 12 1 9 12 1 9 7 12 1 1 1 100 1 10 9 12 9 12 100 1 10 9 9 9 12 1 10 12 1 1 10 12 1 9 12 1 100 1 10 12 1 10 12 1 100 1 8 1 10 12 1 10 12 1 1 10 12 1 1 10 12 1 1 10 12 1 10 12 1 10 12 1 10 12 1 10 12 1 10 10 10 12 1 9 100 1 9 10 12 10 10 10 7 12 1 1 1 10 12 1 10 12 10 12 1 1 10 10 10 10 10 12 1 10 12 1 10 12 1 10 10 10 12 1 1 10 12 1 10 12 1 10 12 1 10 12 1 1 10 12 1 10 12 1 10 12 1 10 7 12 1 1 1 10 100 12 1 1 1 18 12 1 1 1 1 1 1 1 1 1 1 1 1 1 1 1 1 1 1 1 1 1 1 1 1 1 1 1 1 1 1 1 1 1 1 1 1 1 1 1 1 1 1 1 1 1 1 1 8 1 15 10 100 12 1 1 1 1 100 1 100 1 1
instanceKlass com/sun/javafx/geom/transform/Translate2D
instanceKlass com/sun/javafx/geom/transform/Identity
instanceKlass com/sun/javafx/geom/transform/AffineBase
ciInstanceKlass com/sun/javafx/geom/transform/BaseTransform 1 1 242 7 1 10 7 12 1 1 1 100 1 10 100 12 1 1 1 18 12 1 1 10 12 1 10 12 1 1 9 12 1 1 10 12 1 7 1 10 12 1 10 12 1 100 1 10 100 1 10 10 12 1 1 10 12 1 10 12 1 1 10 12 1 10 12 1 10 10 12 1 1 5 0 10 12 1 1 10 100 12 1 1 1 10 12 1 10 12 1 10 12 1 10 12 1 10 12 1 10 12 1 10 12 1 10 12 1 10 12 1 10 12 1 10 12 1 100 1 10 6 0 6 0 10 12 1 1 18 12 1 7 1 10 100 1 1 1 1 3 1 3 1 3 1 3 1 3 1 3 1 3 1 3 1 3 1 3 1 3 1 3 1 3 1 1 1 1 1 1 1 1 1 1 1 1 1 1 1 1 1 1 1 100 1 1 1 1 1 1 1 1 1 1 1 1 1 1 1 1 1 1 1 1 1 1 1 1 1 1 1 1 1 1 1 1 1 1 1 1 1 1 1 100 1 1 8 1 8 1 15 10 100 12 1 1 1 1 100 1 100 1 1
staticfield com/sun/javafx/geom/transform/BaseTransform IDENTITY_TRANSFORM Lcom/sun/javafx/geom/transform/BaseTransform; com/sun/javafx/geom/transform/Identity
ciInstanceKlass com/sun/javafx/geom/BoxBounds 1 1 277 10 7 12 1 1 1 9 7 12 1 1 1 9 12 1 9 12 1 4 9 12 1 9 12 1 9 12 1 10 12 1 10 12 1 10 12 1 9 7 12 1 1 1 10 100 12 1 1 1 100 1 10 9 12 1 9 12 1 100 1 10 9 9 9 12 1 10 12 1 1 9 12 1 10 12 1 100 1 8 1 10 12 1 9 100 12 1 1 1 9 12 1 10 12 1 1 9 12 9 12 10 12 1 1 10 12 1 1 10 12 1 10 12 1 10 12 1 10 12 1 10 12 1 10 12 1 7 1 10 10 10 12 1 10 12 1 10 12 1 9 100 1 9 10 100 12 1 1 1 10 12 1 10 12 10 12 1 1 10 12 1 10 12 1 1 10 12 1 1 10 12 1 10 12 1 1 10 12 1 10 12 1 10 10 12 1 1 10 10 12 1 10 10 12 1 10 10 12 1 10 100 12 1 1 1 10 10 10 100 12 1 1 1 18 12 1 1 1 1 1 1 1 1 1 1 1 1 1 1 1 1 1 1 1 1 1 1 1 1 1 1 1 1 1 1 1 1 1 1 1 1 1 1 1 1 1 1 1 1 1 1 8 1 15 10 100 12 1 1 1 1 100 1 100 1 1
ciInstanceKlass com/sun/javafx/geom/Point2D 1 1 68 10 7 12 1 1 1 9 7 12 1 1 1 9 12 1 10 12 1 1 10 100 12 1 1 1 10 100 12 1 1 1 18 12 1 1 1 1 1 1 1 1 1 1 1 1 1 1 1 1 1 1 1 1 8 1 15 10 100 12 1 1 1 100 1 100 1 1
ciInstanceKlass com/sun/javafx/scene/text/TextSpan 0 0 15 100 1 100 1 1 1 1 1 1 1 1 1 1 1
ciInstanceKlass com/sun/javafx/scene/text/TextLayout 1 0 109 100 1 100 1 1 1 1 3 1 3 1 3 1 3 1 3 1 3 1 3 1 3 1 3 1 3 1 3 1 3 1 3 1 3 1 3 1 3 1 3 1 3 1 1 1 3 1 3 1 3 1 3 1 1 1 1 1 1 1 1 1 1 1 1 1 1 1 1 1 1 1 1 1 1 1 1 1 1 1 1 1 1 1 1 1 1 1 1 1 1 1 1 100 1 100 1 100 1 100 1 100 1 1 1 1 1 1 1
ciInstanceKlass com/sun/javafx/text/PrismTextLayout 1 1 844 10 7 12 1 1 1 9 7 12 1 1 1 7 1 10 9 12 1 1 100 1 3 9 12 1 9 12 1 1 9 12 1 1 10 12 1 10 7 12 1 1 1 9 12 1 1 9 12 1 1 9 12 1 9 12 1 1 9 12 1 1 9 12 1 1 10 12 1 9 12 1 1 9 12 1 1 9 12 1 1 9 12 1 1 7 1 9 12 1 1 11 12 1 1 10 7 12 1 1 1 10 12 1 1 10 12 1 11 7 1 10 7 12 1 1 1 3 3 3 3 3 10 7 12 1 1 1 10 12 1 9 12 1 10 7 12 1 1 1 10 12 1 1 9 12 1 10 12 1 10 12 1 9 12 1 7 1 10 7 12 1 1 1 10 7 12 1 1 1 4 4 10 7 12 1 1 1 10 12 1 1 9 7 12 1 1 10 12 1 10 12 1 1 10 12 1 10 12 1 10 12 1 9 12 1 10 12 1 1 10 12 1 10 12 1 10 12 1 10 12 1 10 12 1 1 10 12 1 10 12 1 10 12 1 10 10 12 1 10 12 1 10 12 1 1 10 12 1 1 10 12 1 100 1 10 12 1 7 1 10 12 1 10 12 1 1 10 12 1 7 1 10 10 12 1 1 10 12 1 10 12 1 10 100 12 1 1 1 10 12 1 10 12 1 1 10 12 1 1 7 1 10 12 1 7 1 10 10 12 1 1 10 12 4 11 100 12 1 1 1 10 12 1 11 12 1 1 11 7 12 1 1 11 12 1 11 12 1 11 12 1 11 100 12 1 1 100 1 10 100 1 10 12 1 10 12 1 100 1 10 9 9 9 12 1 9 12 1 10 12 1 1 10 12 1 10 7 12 1 1 1 11 12 1 1 10 12 1 7 1 10 12 1 9 12 1 1 11 100 12 1 1 1 10 12 1 9 12 1 1 10 7 12 1 1 7 1 9 11 9 10 7 12 1 1 9 9 9 12 1 10 12 1 9 9 9 100 1 10 12 1 1 10 7 12 1 1 1 10 12 1 10 7 12 1 1 11 11 12 1 10 12 1 1 11 11 12 1 8 1 10 6 0 6 0 11 12 1 11 12 1 11 12 1 10 12 1 10 12 1 10 12 1 10 12 1 11 12 1 1 10 11 12 1 11 7 12 1 1 1 10 7 12 1 1 1 11 12 1 1 10 12 1 9 12 1 1 9 12 1 1 10 12 1 9 12 1 1 10 12 1 1 10 12 1 9 12 1 100 1 18 12 1 1 10 12 1 10 12 10 10 10 12 1 10 12 1 10 100 12 1 1 1 10 12 1 10 12 1 1 10 12 1 1 10 12 1 1 10 12 1 10 12 1 1 10 12 1 11 12 1 1 10 12 1 10 12 1 10 12 1 10 12 1 10 12 1 1 10 12 1 100 1 10 10 12 1 10 4 10 12 1 10 12 1 1 11 12 1 10 12 1 10 12 1 1 10 12 1 10 12 1 1 10 12 1 10 12 1 10 12 1 1 10 12 1 1 10 12 1 10 12 1 10 12 1 1 4 10 10 12 1 10 12 1 10 12 1 10 10 12 1 1 10 12 1 10 12 1 1 10 12 1 1 9 12 1 1 9 12 1 10 12 1 10 12 1 1 10 12 1 3 11 12 1 1 10 12 1 10 12 1 10 12 1 11 11 10 12 1 10 12 1 10 12 1 11 12 1 1 10 100 12 1 1 1 10 7 12 1 1 9 12 1 10 1 1 3 1 3 1 3 1 3 1 1 1 3 1 1 1 1 1 1 1 1 1 1 1 1 1 1 100 1 1 100 1 1 1 1 1 1 1 1 1 1 1 1 1 100 100 100 100 1 100 1 1 1 1 1 1 1 8 1 15 10 100 12 1 1 1 100 1 1 1 1 1 1 100 1 100 1 1
staticfield com/sun/javafx/text/PrismTextLayout IDENTITY Lcom/sun/javafx/geom/transform/BaseTransform; com/sun/javafx/geom/transform/Identity
staticfield com/sun/javafx/text/PrismTextLayout stringCache Ljava/util/Hashtable; java/util/Hashtable
staticfield com/sun/javafx/text/PrismTextLayout CACHE_SIZE_LOCK Ljava/lang/Object; java/lang/Object
staticfield com/sun/javafx/text/PrismTextLayout $assertionsDisabled Z 1
ciInstanceKlass com/sun/javafx/scene/text/GlyphList 1 0 30 100 1 100 1 1 1 1 1 1 1 1 1 1 1 1 1 1 1 1 1 1 1 1 1 1 1 1 1 1
ciInstanceKlass com/sun/javafx/scene/text/TextLine 1 0 17 100 1 100 1 1 1 1 1 1 1 1 1 1 1 1 1
ciInstanceKlass com/sun/javafx/scene/text/TabAdvancePolicy 1 0 9 100 1 100 1 1 1 1 1
ciInstanceKlass com/sun/javafx/font/PGFont 1 0 21 100 1 100 1 1 1 1 1 1 1 1 1 1 1 1 1 1 1 1 1
ciInstanceKlass com/sun/javafx/font/FontResource 1 0 93 100 1 100 1 1 1 1 3 1 3 1 1 3 1 3 1 3 1 3 1 3 1 3 1 3 1 3 1 3 1 3 1 3 1 3 1 3 1 3 1 3 1 3 1 3 1 3 1 3 1 3 1 3 1 3 1 1 1 1 1 1 1 1 1 1 1 1 1 1 1 1 1 1 1 1 1 1 1 1 1 1 1 1 1 1 1 1 1 1 1 1 1
instanceKlass com/sun/javafx/font/directwrite/DWGlyphLayout
ciInstanceKlass com/sun/javafx/text/GlyphLayout 1 1 250 100 1 10 7 12 1 1 1 7 1 10 12 1 10 7 12 1 1 1 10 7 12 1 1 7 1 10 12 1 1 11 100 12 1 1 1 10 100 12 1 1 1 11 12 1 1 7 1 10 12 1 11 12 1 1 11 12 1 11 7 1 10 12 1 7 1 10 12 1 10 12 1 1 10 12 1 10 12 1 10 7 12 1 1 1 10 12 1 10 12 1 1 11 12 1 1 10 7 12 1 1 11 12 1 1 10 12 1 10 12 1 10 12 1 10 12 1 10 12 1 10 12 1 10 12 1 1 10 12 1 10 100 12 1 1 1 9 12 1 1 9 100 12 1 1 1 11 12 1 18 12 1 1 10 100 12 1 1 1 9 12 1 1 10 7 12 1 1 1 10 7 12 1 1 1 7 1 10 12 1 100 1 100 1 8 7 1 9 12 1 1 10 12 1 1 100 1 100 1 1 1 1 3 1 3 1 3 1 3 1 3 1 3 1 1 1 1 1 100 1 100 1 1 1 1 1 1 100 1 1 100 1 1 1 1 8 1 15 10 100 12 1 1 1 100 1 100 1 1
ciInstanceKlass com/sun/javafx/font/directwrite/DWGlyphLayout 1 1 400 10 7 12 1 1 1 10 100 12 1 1 1 10 100 12 1 1 1 100 1 10 12 1 100 1 100 1 8 1 10 12 1 1 10 100 12 1 1 1 10 100 12 1 1 1 10 12 1 1 10 12 1 10 12 1 10 12 1 1 9 100 12 1 1 1 9 12 1 1 10 100 12 1 1 1 10 12 1 10 11 100 12 1 1 1 100 1 10 12 1 1 11 12 1 1 100 1 10 12 1 1 10 12 1 10 12 1 10 10 12 1 10 12 1 10 12 1 10 12 1 1 3 100 1 3 10 12 1 1 11 12 1 1 10 12 1 1 10 12 1 1 10 12 1 1 10 12 1 1 10 100 12 1 1 1 10 100 12 1 1 1 10 12 1 1 10 12 1 1 10 11 100 12 1 1 1 10 100 12 1 1 1 11 12 1 11 12 1 11 12 1 18 12 1 1 10 12 1 1 10 100 12 1 1 1 10 100 12 1 1 1 10 100 12 1 1 1 10 100 12 1 1 1 10 12 1 1 10 10 12 1 10 12 1 10 12 1 10 12 1 1 9 12 1 1 10 12 1 9 100 12 1 1 1 18 12 1 10 100 12 1 1 1 10 10 12 1 10 12 1 1 10 12 1 8 1 10 12 1 1 11 12 1 18 12 1 11 12 1 11 12 1 10 12 1 1 4 10 12 1 1 10 12 1 1 10 100 1 10 100 12 1 1 1 10 12 1 10 10 12 1 10 12 1 1 10 12 1 1 10 12 1 1 10 12 1 10 12 1 1 10 12 1 10 10 10 10 100 1 10 7 12 1 1 1 1 1 1 1 1 1 1 1 1 100 1 100 1 100 1 100 1 100 1 100 1 100 1 1 1 1 8 1 8 1 8 1 15 10 100 12 1 1 1 100 1 100 1 1
ciInstanceKlass com/sun/javafx/font/LogicalFont 1 1 466 10 7 12 1 1 1 10 12 1 1 9 7 12 1 1 1 11 7 12 1 1 1 8 1 10 12 1 1 10 12 1 1 10 12 1 1 8 1 8 1 9 12 1 1 10 12 1 1 7 1 10 12 1 10 12 1 10 12 1 1 10 12 1 8 1 8 1 8 1 8 1 10 12 1 1 10 7 12 1 1 7 1 10 9 12 1 9 12 1 1 9 12 1 1 9 12 1 8 1 9 12 1 8 1 8 1 8 1 18 12 1 1 9 12 1 9 7 12 1 1 10 100 12 1 1 1 9 100 12 1 1 1 9 100 1 9 12 1 9 12 1 9 12 1 10 12 1 9 12 1 9 12 1 1 10 12 1 1 10 12 1 1 10 12 1 10 12 1 1 9 12 1 1 10 12 1 1 10 12 1 1 10 7 12 1 1 1 9 12 1 1 10 12 1 9 12 1 10 12 1 1 10 12 1 9 12 1 11 7 1 10 12 1 1 10 12 1 1 9 12 1 9 100 12 1 1 1 18 12 10 100 12 1 1 1 10 12 1 1 10 12 1 8 1 10 12 1 1 10 12 1 10 12 1 1 11 12 1 11 12 11 12 1 11 12 1 11 12 1 100 1 8 1 10 12 7 1 3 11 12 1 1 11 12 1 1 9 12 1 1 10 12 1 11 12 1 10 10 12 1 1 7 1 10 12 1 7 1 10 12 1 7 1 10 12 1 9 12 1 1 10 7 12 1 1 1 10 12 1 11 12 1 1 18 18 18 18 9 12 1 1 100 10 12 1 1 8 1 10 100 12 1 1 10 12 1 9 12 1 1 10 12 1 8 1 8 1 8 1 8 1 8 1 8 1 8 1 8 1 8 1 11 12 1 1 100 1 1 1 1 1 1 1 1 1 1 1 1 1 1 3 1 3 1 3 1 3 1 1 1 1 1 100 100 1 1 1 1 1 1 1 1 1 1 1 1 1 1 1 1 1 1 1 1 1 1 1 1 1 8 1 8 1 8 1 8 1 8 1 8 1 15 10 7 12 1 1 1 1 1 100 1 100 1 1
staticfield com/sun/javafx/font/LogicalFont CANONICAL_FAMILY_MAP Ljava/util/Map; java/util/ImmutableCollections$MapN
ciInstanceKlass com/sun/javafx/font/FontStrike 1 0 30 100 1 100 1 1 1 1 1 1 1 1 1 1 1 1 1 1 1 1 1 1 1 1 1 1 1 1 1 1
instanceKlass com/sun/javafx/font/OpenTypeGlyphMapper
instanceKlass com/sun/javafx/font/CompositeGlyphMapper
ciInstanceKlass com/sun/javafx/font/CharToGlyphMapper 1 1 53 10 7 12 1 1 1 7 1 9 12 1 1 10 12 1 1 10 12 1 1 3 3 3 3 3 3 10 12 1 1 1 1 3 1 1 1 1 1 1 3 1 1 1 1 1 1 1 1 1 1 1 1
ciInstanceKlass com/sun/javafx/font/CompositeGlyphMapper 1 1 122 7 1 10 7 12 1 1 1 9 12 1 1 9 12 1 1 7 1 10 9 12 1 1 11 7 12 1 1 1 9 12 1 1 9 12 1 1 10 100 12 1 1 1 11 12 1 1 11 7 12 1 1 1 3 10 12 1 1 10 12 1 1 10 12 1 10 12 1 1 10 7 12 1 1 1 10 12 1 1 9 12 1 10 12 1 10 12 1 1 10 12 1 10 12 1 1 1 3 1 1 3 1 3 1 3 1 3 1 3 1 3 1 1 1 1 1 1 100 1 1 1
ciInstanceKlass com/sun/javafx/font/PrismFont 1 1 77 10 7 12 1 1 1 9 7 12 1 1 1 9 12 1 1 9 12 1 1 11 7 12 1 1 1 11 12 1 11 12 1 9 12 1 1 11 12 1 1 11 12 1 11 12 1 1 9 12 1 10 100 12 1 1 1 11 12 1 1 100 1 1 1 1 1 1 1 1 1 1 1 1 1 1 1
ciInstanceKlass java/text/Bidi 1 1 182 10 7 12 1 1 1 100 1 8 1 10 12 1 7 1 10 100 12 1 1 1 10 12 1 1 10 12 1 9 7 12 1 1 1 10 12 1 10 12 1 1 8 1 100 1 10 8 1 10 12 1 1 10 12 1 10 12 1 1 8 1 8 1 8 1 8 1 100 1 8 1 10 10 12 1 1 10 12 10 12 1 1 10 12 1 1 10 12 1 10 12 1 10 12 1 10 12 1 10 12 1 1 10 12 1 1 10 12 1 10 12 1 1 10 12 1 10 12 1 10 12 1 1 10 12 1 1 10 1 1 1 3 1 3 1 3 1 3 1 1 1 1 1 1 1 1 1 1 1 100 1 1 1 1 1 1 1 1 100 100 1 1 1 1 1 1 1 1 1 1 1 1 1 1 1 1 1 1 1 1 1
ciInstanceKlass com/sun/javafx/font/CompositeStrike 1 1 227 9 7 12 1 1 1 11 7 12 1 1 1 9 12 1 1 11 100 12 1 1 1 9 12 1 1 11 7 12 1 1 1 9 12 1 1 10 7 12 1 1 9 12 1 1 10 7 12 1 1 1 9 12 1 1 9 12 1 10 12 1 1 9 12 1 1 7 1 10 12 1 9 12 1 1 10 7 12 1 1 1 10 12 1 7 1 11 12 1 1 10 12 1 1 11 12 1 1 11 12 1 10 100 12 1 1 1 10 12 1 1 11 12 1 9 12 1 1 7 1 10 12 1 1 11 12 1 1 10 7 12 1 1 1 10 12 1 1 100 1 3 11 10 12 1 11 12 1 1 11 12 1 1 100 1 10 10 12 1 1 10 12 1 100 1 10 11 100 12 1 1 11 12 1 3 11 100 12 1 1 1 10 12 1 1 11 12 1 1 11 12 1 10 12 1 1 10 100 12 1 1 1 10 12 1 1 1 1 1 1 100 1 1 1 1 1 1 1 1 1 1 1 1 1 1 1
ciInstanceKlass com/sun/javafx/font/Metrics 1 0 21 100 1 100 1 1 1 1 1 1 1 1 1 1 1 1 1 1 1 1 1
ciInstanceKlass com/sun/javafx/text/TextRun 1 1 310 10 7 12 1 1 1 4 9 7 12 1 1 1 9 12 1 1 9 12 1 9 12 1 9 12 1 9 12 1 9 12 1 9 12 1 1 9 12 1 9 12 1 1 9 12 1 1 11 7 12 1 1 1 9 12 1 1 9 12 1 9 12 1 9 12 1 9 12 1 7 1 10 12 1 9 12 1 1 10 100 12 1 1 1 10 12 1 10 12 1 10 12 1 1 10 12 1 1 9 12 1 1 100 1 3 10 12 1 10 10 12 1 1 9 12 1 10 12 1 10 12 1 10 12 1 10 12 1 10 100 12 1 1 1 10 100 12 1 1 1 10 12 1 1 10 12 1 10 12 1 10 12 1 1 10 12 1 1 10 12 1 1 10 100 12 1 1 1 10 12 1 10 12 1 10 12 1 100 1 10 8 1 10 12 1 1 10 12 1 8 1 8 1 8 1 10 12 1 10 12 1 8 1 10 12 1 8 1 8 1 8 1 8 1 8 1 10 12 1 10 12 1 1 100 1 1 1 3 1 3 1 3 1 3 1 3 1 3 1 3 1 3 1 3 1 3 1 3 1 3 1 3 1 1 1 100 1 1 1 1 1 1 1 1 1 1 1 1 1 1 1 1 1 1 1 1 1 1 1 1 1 1 1 1 1 1 1 1 1 1 1 1 1 1 1 1 1 1 1 100 100 1 1 1 1 1 1 1 1
ciInstanceKlass com/sun/javafx/text/LayoutCache 1 1 33 10 7 12 1 1 1 100 1 1 1 1 1 1 1 1 1 1 1 1 1 1 1 1 1 1 1 1 1 1 1 1 1
ciInstanceKlass com/sun/javafx/font/PrismMetrics 1 1 112 10 7 12 1 1 1 9 7 12 1 1 1 9 12 1 9 12 1 9 12 1 1 9 12 1 9 12 1 1 10 7 12 1 1 1 10 12 1 10 12 1 1 10 12 1 10 12 1 10 12 1 18 12 1 1 100 1 1 1 1 3 1 3 1 3 1 3 1 3 1 3 1 3 1 3 1 3 1 3 1 1 1 1 1 1 1 1 1 1 1 1 1 1 1 1 1 1 8 1 15 10 100 12 1 1 1 100 1 100 1 1
ciInstanceKlass com/sun/javafx/text/PrismTextLine 1 1 77 10 7 12 1 1 1 9 7 12 1 1 1 9 12 1 7 1 10 12 1 9 12 1 1 9 12 1 1 9 12 1 1 9 12 1 9 12 1 10 12 1 1 10 12 1 1 10 12 1 10 12 1 10 12 1 1 100 1 1 1 1 1 1 1 1 1 1 1 1 1 1 1 1 1 1 1
ciMethodData java/lang/Object <init> ()V 2 2489668 orig 80 0 0 0 0 0 0 0 0 0 0 0 0 0 0 0 0 0 0 0 0 0 0 0 0 0 0 0 0 0 0 0 0 0 0 0 0 0 0 0 0 0 0 0 0 0 0 0 0 0 0 0 0 0 0 0 0 0 0 0 0 0 0 0 0 0 0 0 0 0 0 0 0 0 0 0 0 0 0 0 0 data 4 0x0 0x9 0x1 0x0 oops 0 methods 0
ciMethodData java/util/AbstractCollection <init> ()V 2 286479 orig 80 0 0 0 0 0 0 0 0 0 0 0 0 0 0 0 0 0 0 0 0 0 0 0 0 0 0 0 0 0 0 0 0 0 0 0 0 0 0 0 0 0 0 0 0 0 0 0 0 0 0 0 0 0 0 0 0 0 0 0 0 0 0 0 0 0 0 0 0 0 0 0 0 0 0 0 0 0 0 0 0 data 7 0x10002 0x45f0f 0x0 0x0 0x9 0x1 0x0 oops 0 methods 0
ciMethodData java/util/ArrayList add (Ljava/lang/Object;)Z 2 70327 orig 80 0 0 0 0 0 0 0 0 0 0 0 0 0 0 0 0 0 0 0 0 0 0 0 0 0 0 0 0 0 0 0 0 0 0 0 0 0 0 0 0 0 0 0 0 0 0 0 0 0 0 0 0 0 0 0 0 0 0 0 0 0 0 0 0 0 0 0 0 0 0 0 0 0 0 0 0 0 0 0 0 data 16 0x140005 0x112b8 0x0 0x0 0x0 0x0 0x0 0x0 0x0 0x0 0x0 0x0 0x9 0x2 0xe 0x0 oops 0 methods 0
ciMethodData java/util/AbstractList <init> ()V 2 188205 orig 80 0 0 0 0 0 0 0 0 0 0 0 0 0 0 0 0 0 0 0 0 0 0 0 0 0 0 0 0 0 0 0 0 0 0 0 0 0 0 0 0 0 0 0 0 0 0 0 0 0 0 0 0 0 0 0 0 0 0 0 0 0 0 0 0 0 0 0 0 0 0 0 0 0 0 0 0 0 0 0 0 data 9 0x10002 0x2df2d 0x0 0x0 0x0 0x0 0x9 0x1 0x6 oops 0 methods 0
ciMethodData java/util/ArrayList <init> ()V 2 91084 orig 80 0 0 0 0 0 0 0 0 0 0 0 0 0 0 0 0 0 0 0 0 0 0 0 0 0 0 0 0 0 0 0 0 0 0 0 0 0 0 0 0 0 0 0 0 0 0 0 0 0 0 0 0 0 0 0 0 0 0 0 0 0 0 0 0 0 0 0 0 0 0 0 0 0 0 0 0 0 0 0 0 data 9 0x10002 0x163ce 0x0 0x0 0x0 0x0 0x9 0x1 0x0 oops 0 methods 0
ciMethodData com/sun/javafx/text/TextRun getCharOffset (I)I 1 0 orig 80 0 0 0 0 0 0 0 0 0 0 0 0 0 0 0 0 0 0 0 0 0 0 0 0 0 0 0 0 0 0 0 0 0 0 0 0 0 0 0 0 0 0 0 0 0 0 0 0 0 0 0 0 0 0 0 0 0 0 0 0 0 0 0 0 0 0 0 0 0 0 0 0 0 0 0 0 0 0 0 0 data 17 0x40007 0x0 0x38 0x0 0x80003 0x0 0x18 0x0 0x0 0x0 0x0 0x0 0x0 0x9 0x2 0x0 0x0 oops 0 methods 0
ciMethod com/sun/javafx/geom/BaseBounds deriveWithNewBounds (FFFFFF)Lcom/sun/javafx/geom/BaseBounds; 0 0 1 0 -1
ciMethod com/sun/javafx/geom/RectBounds getWidth ()F 780 0 25386 0 88
ciMethod com/sun/javafx/geom/RectBounds getHeight ()F 696 0 32160 0 88
ciMethod com/sun/javafx/geom/RectBounds setMinX (F)V 256 0 128 0 0
ciMethod com/sun/javafx/geom/RectBounds getMinY ()F 256 0 128 0 0
ciMethod com/sun/javafx/geom/RectBounds getMaxX ()F 256 0 128 0 0
ciMethod com/sun/javafx/geom/RectBounds setMaxX (F)V 256 0 128 0 0
ciMethod com/sun/javafx/geom/RectBounds deriveWithNewBounds (FFFFFF)Lcom/sun/javafx/geom/BaseBounds; 1024 0 6678 0 432
ciMethod com/sun/javafx/geom/RectBounds makeEmpty ()Lcom/sun/javafx/geom/RectBounds; 4390 0 10417 0 -1
ciMethodData java/util/ArrayList toArray ([Ljava/lang/Object;)[Ljava/lang/Object; 2 5120 orig 80 0 0 0 0 0 0 0 0 0 0 0 0 0 0 0 0 0 0 0 0 0 0 1 0 0 0 0 0 0 0 0 0 0 0 0 0 0 0 0 0 0 0 0 0 0 0 0 0 0 0 0 0 0 0 0 0 0 0 0 0 0 0 0 0 0 0 0 0 0 0 0 0 0 0 0 0 0 0 0 0 data 34 0x60007 0x13db 0x60 0x25 0x120005 0x6 0x260bb650af8 0x1f 0x0 0x0 0x150002 0x25 0x8000000600240002 0x13dc 0x2d0007 0x13db 0x50 0x1 0x360104 0x0 0x0 0x0 0x0 0x0 0x0 0x0 0x0 0x0 0x0 0x0 0x9 0x2 0x0 0xffffffffffffffff oops 1 6 [Ljava/time/format/DateTimeFormatterBuilder$DateTimePrinterParser; methods 0
ciMethod com/sun/javafx/geom/Point2D <init> (FF)V 768 0 14289 0 0
ciMethod com/sun/javafx/scene/text/TextSpan getText ()Ljava/lang/String; 0 0 1 0 -1
ciMethod com/sun/javafx/scene/text/TextSpan getFont ()Ljava/lang/Object; 0 0 1 0 -1
ciMethod com/sun/javafx/scene/text/TextSpan getBounds ()Lcom/sun/javafx/geom/RectBounds; 0 0 1 0 -1
ciMethod com/sun/javafx/text/PrismTextLayout setTabAdvancePolicy (ILcom/sun/javafx/scene/text/TabAdvancePolicy;)Z 22 0 6220 0 -1
ciMethod com/sun/javafx/text/PrismTextLayout copyCache ()Z 514 0 6401 0 304
ciMethod com/sun/javafx/text/PrismTextLayout initCache ()V 878 0 7571 0 4519
ciMethod com/sun/javafx/text/PrismTextLayout buildRuns ([C)V 192 576 3708 0 0
ciMethod com/sun/javafx/text/PrismTextLayout glyphLayout ()Lcom/sun/javafx/text/GlyphLayout; 192 0 3708 0 -1
ciMethod com/sun/javafx/text/PrismTextLayout shape (Lcom/sun/javafx/text/TextRun;[CLcom/sun/javafx/text/GlyphLayout;)V 194 2112 3195 0 5902
ciMethod com/sun/javafx/text/PrismTextLayout createLine (IIIF)Lcom/sun/javafx/text/PrismTextLine; 198 198 5220 0 1976
ciMethod com/sun/javafx/text/PrismTextLayout computeTrailingSpaceWidth (Lcom/sun/javafx/text/TextRun;)F 0 0 6 0 0
ciMethod com/sun/javafx/text/PrismTextLayout reorderLine (Lcom/sun/javafx/text/PrismTextLine;)V 0 0 1 0 -1
ciMethod com/sun/javafx/text/PrismTextLayout getText ()[C 200 0 5220 0 112
ciMethod com/sun/javafx/text/PrismTextLayout isSimpleLayout ()Z 192 0 6242 0 152
ciMethod com/sun/javafx/text/PrismTextLayout isMirrored ()Z 512 0 7446 0 216
ciMethod com/sun/javafx/text/PrismTextLayout reuseRuns ()V 0 0 5189 0 1799
ciMethod com/sun/javafx/text/PrismTextLayout getSpaceAdvance ()F 294 0 5307 0 -1
ciMethod com/sun/javafx/text/PrismTextLayout layout ()V 164 252 11356 0 -1
ciMethod com/sun/javafx/text/PrismTextLayout computeSideBearings (Lcom/sun/javafx/text/PrismTextLine;)V 200 44 5220 0 2864
ciMethod com/sun/javafx/text/PrismTextLayout computeLayoutShift (Lcom/sun/javafx/scene/text/TextSpan;)F 0 0 1 0 -1
ciMethod com/sun/javafx/scene/text/TabAdvancePolicy nextTabStop (FF)F 0 0 1 0 -1
ciMethod com/sun/javafx/font/PGFont getFamilyName ()Ljava/lang/String; 0 0 1 0 -1
ciMethod com/sun/javafx/font/PGFont getSize ()F 0 0 1 0 -1
ciMethod com/sun/javafx/font/PGFont getFontResource ()Lcom/sun/javafx/font/FontResource; 0 0 1 0 -1
ciMethod com/sun/javafx/font/PGFont getStrike (Lcom/sun/javafx/geom/transform/BaseTransform;)Lcom/sun/javafx/font/FontStrike; 0 0 1 0 -1
ciMethod com/sun/javafx/font/FontResource getAdvance (IF)F 0 0 1 0 -1
ciMethod com/sun/javafx/font/FontResource getGlyphBoundingBox (IF[F)[F 0 0 1 0 -1
ciMethod com/sun/javafx/font/FontResource getGlyphMapper ()Lcom/sun/javafx/font/CharToGlyphMapper; 0 0 1 0 -1
ciMethod com/sun/javafx/text/GlyphLayout breakRuns (Lcom/sun/javafx/text/PrismTextLayout;[CI)I 318 4106 1073 0 -1
ciMethod com/sun/javafx/text/GlyphLayout layout (Lcom/sun/javafx/text/TextRun;Lcom/sun/javafx/font/PGFont;Lcom/sun/javafx/font/FontStrike;[C)V 0 0 1 0 -1
ciMethod com/sun/javafx/text/GlyphLayout dispose ()V 0 0 1 0 -1
ciMethod com/sun/javafx/font/FontStrike getFontResource ()Lcom/sun/javafx/font/FontResource; 0 0 1 0 -1
ciMethod com/sun/javafx/font/FontStrike getSize ()F 0 0 1 0 -1
ciMethod com/sun/javafx/font/FontStrike getMetrics ()Lcom/sun/javafx/font/Metrics; 0 0 1 0 -1
ciMethod com/sun/javafx/font/CharToGlyphMapper charsToGlyphs (II[C[II)V 320 4164 947 0 -1
ciMethod com/sun/javafx/font/CharToGlyphMapper charsToGlyphs (II[C[I)V 0 0 1 0 -1
ciMethod com/sun/javafx/font/Metrics getAscent ()F 0 0 1 0 -1
ciMethod com/sun/javafx/font/Metrics getDescent ()F 0 0 1 0 -1
ciMethod com/sun/javafx/font/Metrics getLineGap ()F 0 0 1 0 -1
ciMethod com/sun/javafx/font/Metrics getCapHeight ()F 0 0 1 0 -1
ciMethod com/sun/javafx/text/TextRun getStart ()I 272 0 136 0 -1
ciMethod com/sun/javafx/text/TextRun getEnd ()I 118 0 129 0 -1
ciMethod com/sun/javafx/text/TextRun getLength ()I 284 0 142 0 -1
ciMethod com/sun/javafx/text/TextRun setLine (Lcom/sun/javafx/scene/text/TextLine;)V 280 0 140 0 0
ciMethod com/sun/javafx/text/TextRun getTextSpan ()Lcom/sun/javafx/scene/text/TextSpan; 0 0 1 0 -1
ciMethod com/sun/javafx/text/TextRun isLinebreak ()Z 314 0 3324 0 -1
ciMethod com/sun/javafx/text/TextRun isSoftbreak ()Z 0 0 1 0 -1
ciMethod com/sun/javafx/text/TextRun isBreak ()Z 198 0 1127 0 0
ciMethod com/sun/javafx/text/TextRun isTab ()Z 388 0 4322 0 0
ciMethod com/sun/javafx/text/TextRun isSplit ()Z 514 0 5195 0 -1
ciMethod com/sun/javafx/text/TextRun isSplitLast ()Z 0 0 1 0 -1
ciMethod com/sun/javafx/text/TextRun isComplex ()Z 66 0 6142 0 -1
ciMethod com/sun/javafx/text/TextRun getWidth ()F 250 0 5245 0 456
ciMethod com/sun/javafx/text/TextRun setWidth (F)V 318 0 159 0 -1
ciMethod com/sun/javafx/text/TextRun setMetrics (FFF)V 512 0 6145 0 -1
ciMethod com/sun/javafx/text/TextRun getAscent ()F 284 0 142 0 -1
ciMethod com/sun/javafx/text/TextRun getDescent ()F 318 0 159 0 -1
ciMethod com/sun/javafx/text/TextRun getLeading ()F 318 0 159 0 -1
ciMethod com/sun/javafx/text/TextRun setLocation (FF)V 200 0 1127 0 0
ciMethod com/sun/javafx/text/TextRun setEmbedded (Lcom/sun/javafx/geom/RectBounds;I)V 0 0 1 0 -1
ciMethod com/sun/javafx/text/TextRun setSoftbreak ()V 0 0 1 0 -1
ciMethod com/sun/javafx/text/TextRun setLeftBearing ()V 652 0 4802 0 -1
ciMethod com/sun/javafx/text/TextRun setRightBearing ()V 652 0 4802 0 -1
ciMethod com/sun/javafx/text/TextRun getWrapIndex (F)I 0 0 1 0 -1
ciMethod com/sun/javafx/text/TextRun getGlyphCount ()I 262 0 131 0 -1
ciMethod com/sun/javafx/text/TextRun getGlyphCode (I)I 822 0 5595 0 -1
ciMethod com/sun/javafx/text/TextRun getAdvance (I)F 96 0 5169 0 -1
ciMethod com/sun/javafx/text/TextRun shape (I[I[F[I)V 0 0 1 0 -1
ciMethod com/sun/javafx/text/TextRun shape (I[I[F)V 512 0 6142 0 -1
ciMethod com/sun/javafx/text/TextRun split (I)Lcom/sun/javafx/text/TextRun; 0 0 1 0 -1
ciMethod com/sun/javafx/text/TextRun merge (Lcom/sun/javafx/text/TextRun;)V 0 0 1 0 -1
ciMethod com/sun/javafx/text/TextRun unwrap ()Lcom/sun/javafx/text/TextRun; 514 0 5195 0 -1
ciMethod com/sun/javafx/text/TextRun justify (IF)V 0 0 1 0 -1
ciMethod com/sun/javafx/text/TextRun getCharOffset (I)I 0 0 1 0 -1
ciMethod com/sun/javafx/text/LayoutCache <init> ()V 194 0 423 0 0
ciMethod com/sun/javafx/text/PrismTextLine <init> (II[Lcom/sun/javafx/text/TextRun;FFFF)V 710 0 5220 0 -1
ciMethod com/sun/javafx/text/PrismTextLine getBounds ()Lcom/sun/javafx/geom/RectBounds; 256 0 128 0 0
ciMethod com/sun/javafx/text/PrismTextLine getLeading ()F 284 0 142 0 0
ciMethod com/sun/javafx/text/PrismTextLine getRuns ()[Lcom/sun/javafx/text/TextRun; 256 0 128 0 0
ciMethod com/sun/javafx/text/PrismTextLine getStart ()I 280 0 140 0 0
ciMethod com/sun/javafx/text/PrismTextLine getLength ()I 0 0 1 0 0
ciMethod com/sun/javafx/text/PrismTextLine setSideBearings (FF)V 712 0 5220 0 -1
ciMethod com/sun/javafx/text/PrismTextLine setAlignment (F)V 198 0 1121 0 0
ciMethod com/sun/javafx/text/PrismTextLine setWidth (F)V 0 0 1 0 -1
ciMethodData com/sun/javafx/text/TextRun getWidth ()F 2 5120 orig 80 0 0 0 0 0 0 0 0 0 0 0 0 0 0 0 0 0 0 0 0 0 0 0 0 0 0 0 0 0 0 0 0 0 0 0 0 0 0 0 0 0 0 0 0 0 0 0 0 0 0 0 0 0 0 0 0 0 0 0 0 0 0 0 0 0 0 0 0 0 0 0 0 0 0 0 0 0 0 0 0 data 31 0x70007 0x18 0x20 0x13e8 0x130007 0x18 0x78 0x0 0x1e0007 0x0 0x58 0x0 0x2d0007 0x0 0x38 0x0 0x470003 0x0 0xffffffffffffffe0 0x0 0x0 0x0 0x0 0x0 0x0 0x0 0x0 0x0 0x9 0x1 0x8 oops 0 methods 0
ciMethodData com/sun/javafx/text/TextRun getAdvance (I)F 2 5121 orig 80 0 0 0 0 0 0 0 0 0 0 0 0 0 0 0 0 0 0 0 0 0 0 0 0 0 0 0 0 0 0 0 0 0 0 0 0 0 0 0 0 0 0 0 0 0 0 0 0 0 0 0 0 0 0 0 0 0 0 0 0 0 0 0 0 0 0 0 0 0 0 0 0 0 0 0 0 0 0 0 0 data 18 0x40007 0x1401 0x20 0x0 0x110007 0x0 0x20 0x1401 0x0 0x0 0x0 0x0 0x0 0x0 0x9 0x2 0x0 0x0 oops 0 methods 0
ciMethodData java/util/Hashtable put (Ljava/lang/Object;Ljava/lang/Object;)Ljava/lang/Object; 2 3947 orig 80 0 0 0 0 0 0 0 0 0 0 0 0 0 0 0 0 0 0 0 0 0 0 0 0 0 0 0 0 0 0 0 0 0 0 0 0 0 0 0 0 0 0 0 0 0 0 0 0 0 0 0 0 0 0 0 0 0 0 0 0 0 0 0 0 0 0 0 0 0 0 0 0 0 0 0 0 0 0 0 0 data 50 0x10007 0xf6b 0x30 0x0 0x80002 0x0 0x120005 0xef0 0x260ae2487e8 0x65 0x260ae249660 0x16 0x290007 0xf50 0xa8 0x74c 0x330007 0x731 0x70 0x1b 0x3c0005 0x0 0x260ae24c4c8 0x1b 0x0 0x0 0x3f0007 0x0 0x20 0x1b 0x590003 0x731 0xffffffffffffff70 0x630005 0xf50 0x0 0x0 0x0 0x0 0x0 0x0 0x0 0x0 0x0 0x0 0x9 0x3 0xffffffffffffffff 0xffffffffffffffff 0x0 oops 3 8 java/lang/String 10 java/lang/ref/WeakReference 22 java/lang/Integer methods 0
ciMethodData com/sun/javafx/geom/RectBounds getHeight ()F 2 31812 orig 80 0 0 0 0 0 0 0 0 0 0 0 0 0 0 0 0 0 0 0 0 0 0 0 0 0 0 0 0 0 0 0 0 0 0 0 0 0 0 0 0 0 0 0 0 0 0 0 0 0 0 0 0 0 0 0 0 0 0 0 0 0 0 0 0 0 0 0 0 0 0 0 0 0 0 0 0 0 0 0 0 data 7 0x0 0x0 0x0 0x0 0x9 0x1 0x0 oops 0 methods 0
ciMethodData com/sun/javafx/geom/RectBounds getWidth ()F 2 24996 orig 80 0 0 0 0 0 0 0 0 0 0 0 0 0 0 0 0 0 0 0 0 0 0 0 0 0 0 0 0 0 0 0 0 0 0 0 0 0 0 0 0 0 0 0 0 0 0 0 0 0 0 0 0 0 0 0 0 0 0 0 0 0 0 0 0 0 0 0 0 0 0 0 0 0 0 0 0 0 0 0 0 data 7 0x0 0x0 0x0 0x0 0x9 0x1 0x0 oops 0 methods 0
ciMethodData com/sun/javafx/geom/Point2D <init> (FF)V 2 13905 orig 80 0 0 0 0 0 0 0 0 0 0 0 0 0 0 0 0 0 0 0 0 0 0 0 0 0 0 0 0 0 0 0 0 0 0 0 0 0 0 0 0 0 0 0 0 0 0 0 0 0 0 0 0 0 0 0 0 0 0 0 0 0 0 0 0 0 0 0 0 0 0 0 0 0 0 0 0 0 0 0 0 data 11 0x10002 0x3651 0x0 0x0 0x0 0x0 0x9 0x3 0x0 0x0 0x0 oops 0 methods 0
ciMethodData com/sun/javafx/geom/RectBounds deriveWithNewBounds (FFFFFF)Lcom/sun/javafx/geom/BaseBounds; 2 6166 orig 80 0 0 0 0 0 0 0 0 0 0 0 0 0 0 0 0 0 0 0 0 0 0 0 0 0 0 0 0 0 0 0 0 0 0 0 0 0 0 0 0 0 0 0 0 0 0 0 0 0 0 0 0 0 0 0 0 0 0 0 0 0 0 0 0 0 0 0 0 0 0 0 0 0 0 0 0 0 0 0 0 data 43 0x40007 0x2 0x60 0x1815 0xb0007 0x0 0x40 0x1815 0x120007 0x1815 0x50 0x0 0x160005 0x0 0x260ae296c60 0x2 0x0 0x0 0x1d0007 0x0 0x40 0x1815 0x240007 0x0 0x20 0x1815 0x4c0002 0x0 0x0 0x0 0x0 0x0 0x0 0x0 0x9 0x7 0xe 0x0 0x0 0x0 0x0 0x0 0x0 oops 1 14 com/sun/javafx/geom/RectBounds methods 0
ciMethodData com/sun/javafx/text/PrismTextLayout layout ()V 2 11274 orig 80 1 0 0 0 0 0 0 0 0 0 0 0 0 0 0 0 0 0 0 0 0 0 0 0 0 0 0 0 0 0 0 0 0 0 0 0 0 0 0 1 0 0 0 0 0 0 0 0 0 0 0 0 0 0 0 0 0 0 0 0 0 0 0 0 0 0 0 0 0 0 0 0 0 0 0 0 0 0 0 0 data 897 0x10005 0x2c0a 0x0 0x0 0x0 0x0 0x80007 0x431 0x20 0x27d9 0xd0005 0x431 0x0 0x0 0x0 0x0 0x170007 0x17d 0xb8 0x2b4 0x1b0005 0x2b4 0x0 0x0 0x0 0x0 0x1e0007 0x0 0x68 0x2b4 0x220005 0x2b4 0x0 0x0 0x0 0x0 0x250003 0x2b4 0x48 0x2a0005 0x17d 0x0 0x0 0x0 0x0 0x360007 0x431 0x50 0x0 0x3a0005 0x0 0x0 0x0 0x0 0x0 0x440007 0x431 0x70 0x0 0x4b0007 0x0 0x50 0x0 0x520005 0x0 0x0 0x0 0x0 0x0 0x5e0007 0x17a 0x90 0x2b7 0x680007 0x2b7 0x70 0x0 0x6b0002 0x0 0x750002 0x0 0x780005 0x0 0x0 0x0 0x0 0x0 0x850005 0x431 0x0 0x0 0x0 0x0 0x880007 0x0 0x68 0x431 0x8f0007 0x2b4 0x48 0x17d 0x970002 0x17d 0xb30003 0x17d 0x18 0xcd0002 0x431 0xdb0007 0x431 0xa20 0x43d 0xec0005 0x43d 0x0 0x0 0x0 0x0 0xf10005 0x0 0x260ae296b10 0x43d 0x0 0x0 0xf40007 0x43d 0x160 0x0 0xf90002 0x0 0xfc0007 0x0 0x80 0x0 0x1020005 0x0 0x0 0x0 0x0 0x0 0x1050005 0x0 0x0 0x0 0x0 0x0 0x1120005 0x0 0x0 0x0 0x0 0x0 0x11d0007 0x0 0x50 0x0 0x1230005 0x0 0x0 0x0 0x0 0x0 0x1300005 0x0 0x0 0x0 0x0 0x0 0x1350005 0x0 0x260ae296b10 0x43d 0x0 0x0 0x1400007 0x17e 0x6e8 0x2bf 0x14d0007 0x2bf 0x6c8 0x0 0x1520005 0x0 0x0 0x0 0x0 0x0 0x1550007 0x0 0x678 0x0 0x15a0005 0x0 0x0 0x0 0x0 0x0 0x1660005 0x0 0x0 0x0 0x0 0x0 0x1720005 0x0 0x0 0x0 0x0 0x0 0x17d0007 0x0 0x68 0x0 0x1840002 0x0 0x1870007 0x0 0x38 0x0 0x18d0003 0x0 0xffffffffffffffb0 0x1950007 0x0 0xf0 0x0 0x19b0005 0x0 0x0 0x0 0x0 0x0 0x19e0007 0x0 0x40 0x0 0x1a70007 0x0 0x38 0x0 0x1ac0003 0x0 0x48 0x1b20005 0x0 0x0 0x0 0x0 0x0 0x1b70003 0x0 0xc8 0x1be0002 0x0 0x1c70007 0x0 0xa0 0x0 0x1d00002 0x0 0x1d70007 0x0 0x58 0x0 0x1dc0007 0x0 0x38 0x0 0x1df0003 0x0 0x30 0x1e90003 0x0 0xffffffffffffff78 0x1f00007 0x0 0x20 0x0 0x2040007 0x0 0xa0 0x0 0x2120005 0x0 0x0 0x0 0x0 0x0 0x2170007 0x0 0x38 0x0 0x21a0003 0x0 0x30 0x2200003 0x0 0xffffffffffffff78 0x2270007 0x0 0x20 0x0 0x23a0005 0x0 0x0 0x0 0x0 0x0 0x2420007 0x0 0x58 0x0 0x2490007 0x0 0x38 0x0 0x2520003 0x0 0x1d0 0x25b0007 0x0 0x20 0x0 0x2650005 0x0 0x0 0x0 0x0 0x0 0x2680007 0x0 0x168 0x0 0x2740007 0x0 0x58 0x0 0x2900002 0x0 0x2ab0002 0x0 0x2b40003 0x0 0x28 0x2d00002 0x0 0x2df0005 0x0 0x0 0x0 0x0 0x0 0x2e20004 0x0 0x0 0x0 0x0 0x0 0x2e50005 0x0 0x0 0x0 0x0 0x0 0x2e80007 0x0 0x50 0x0 0x2f00005 0x0 0x0 0x0 0x0 0x0 0x3050007 0x0 0xa0 0x0 0x3110005 0x0 0x0 0x0 0x0 0x0 0x3140007 0x0 0x50 0x0 0x3220005 0x0 0x0 0x0 0x0 0x0 0x33a0005 0x0 0x260ae296b10 0x43d 0x0 0x0 0x33d0007 0x437 0xe0 0x6 0x34f0005 0x6 0x0 0x0 0x0 0x0 0x3520005 0x6 0x0 0x0 0x0 0x0 0x35b0005 0x0 0x260ae24bad8 0x6 0x0 0x0 0x3690005 0x0 0x260ae296bb8 0x6 0x0 0x0 0x3750003 0x43d 0xfffffffffffff5f8 0x3790007 0x431 0x50 0x0 0x37d0005 0x0 0x0 0x0 0x0 0x0 0x38e0005 0x431 0x0 0x0 0x0 0x0 0x3910005 0x0 0x260ae24bad8 0x431 0x0 0x0 0x3980005 0x0 0x260ae24bad8 0x431 0x0 0x0 0x3a70005 0x0 0x260ae24bad8 0x431 0x0 0x0 0x3b10007 0x17a 0x38 0x2b7 0x3b80003 0x2b7 0x18 0x3c50005 0x431 0x0 0x0 0x0 0x0 0x3c80007 0x431 0x58 0x0 0x3d20007 0x0 0x58 0x0 0x3d80003 0x0 0x38 0x3e20007 0x431 0x20 0x0 0x3ec0007 0x431 0x20 0x0 0x3fe0007 0x431 0x828 0x437 0x40c0005 0x0 0x260ae296bb8 0x437 0x0 0x0 0x4130005 0x0 0x260ae296bb8 0x437 0x0 0x0 0x41a0005 0x67 0x260ae296c60 0x3d0 0x0 0x0 0x4200005 0x437 0x0 0x0 0x0 0x0 0x4230007 0x437 0xd8 0x0 0x42b0005 0x0 0x0 0x0 0x0 0x0 0x4380007 0x0 0x68 0x0 0x4420005 0x0 0x0 0x0 0x0 0x0 0x44b0003 0x0 0xffffffffffffffb0 0x4530007 0x0 0x20 0x0 0x46c0005 0x0 0x260ae296bb8 0x437 0x0 0x0 0x4750007 0x17c 0x58 0x2bb 0x47c0007 0x2bb 0x38 0x0 0x4800003 0x0 0x18 0x4880007 0x437 0x380 0x0 0x48d0005 0x0 0x0 0x0 0x0 0x0 0x4990007 0x0 0x330 0x0 0x4a30005 0x0 0x0 0x0 0x0 0x0 0x4a60007 0x0 0x2e0 0x0 0x4ad0005 0x0 0x0 0x0 0x0 0x0 0x4c30007 0x0 0xb8 0x0 0x4c80007 0x0 0x40 0x0 0x4d10007 0x0 0x20 0x0 0x4d90007 0x0 0x40 0x0 0x4e20007 0x0 0x20 0x0 0x4eb0003 0x0 0xffffffffffffff60 0x4f00007 0x0 0x1d8 0x0 0x5020007 0x0 0x158 0x0 0x50e0005 0x0 0x0 0x0 0x0 0x0 0x5150005 0x0 0x0 0x0 0x0 0x0 0x5220007 0x0 0xc0 0x0 0x52b0007 0x0 0x88 0x0 0x5370005 0x0 0x0 0x0 0x0 0x0 0x53f0007 0x0 0x38 0x0 0x5420003 0x0 0x48 0x5480003 0x0 0xffffffffffffff58 0x54e0003 0x0 0xfffffffffffffec0 0x5580005 0x0 0x0 0x0 0x0 0x0 0x55f0005 0x0 0x0 0x0 0x0 0x0 0x5690007 0x437 0x50 0x0 0x56f0005 0x0 0x0 0x0 0x0 0x0 0x5750005 0x437 0x0 0x0 0x0 0x0 0x57e0005 0x0 0x260ae296bb8 0x437 0x0 0x0 0x58b0007 0x437 0xc8 0x43d 0x59b0005 0x0 0x260ae296b10 0x43d 0x0 0x0 0x5a20005 0x0 0x260ae296b10 0x43d 0x0 0x0 0x5a90005 0x0 0x260ae296b10 0x43d 0x0 0x0 0x5b20003 0x43d 0xffffffffffffff50 0x5be0007 0x431 0x78 0x6 0x5c70005 0x0 0x260ae296c60 0x6 0x0 0x0 0x5d00002 0x6 0x5d50003 0x6 0x78 0x5dc0005 0x67 0x260ae296c60 0x3ca 0x0 0x0 0x5e10005 0x0 0x260ae296bb8 0x431 0x0 0x0 0x5eb0003 0x437 0xfffffffffffff7f0 0x5f40005 0x0 0x260ae296bb8 0x431 0x0 0x0 0x5f70005 0x67 0x260ae296c60 0x3ca 0x0 0x0 0x6170005 0x0 0x260ae296c60 0x431 0x0 0x0 0x6210007 0x0 0x148 0x431 0x6280007 0x55 0x128 0x3dc 0x6320007 0x2b4 0x108 0x128 0x6360005 0x128 0x0 0x0 0x0 0x0 0x6390007 0x3 0xb8 0x125 0x8000000606ad0007 0x125 0x50 0x1 0x6b30005 0x0 0x260ae249cc0 0x1 0x0 0x0 0x6c50005 0x0 0x260ae249cc0 0x126 0x0 0x0 0x6d50003 0x126 0x18 0x0 0x0 0x0 0x0 0x0 0x0 0x0 0x0 0x0 0x0 0x0 0x0 0x0 0x0 0x0 0x0 0x0 0x0 0x0 0x0 0x0 0x0 0x0 0x0 0x0 0x0 0x0 0x0 0x0 0x0 0x0 0x0 0x0 0x0 0x0 0x0 0x0 0x0 0x0 0x0 0x0 0x0 0x0 0x0 0x0 0x0 0x0 0x0 0x0 0x0 0x0 0x0 0x0 0x0 0x0 0x0 0x0 0x0 0x0 0x0 0x0 0x0 0x0 0x0 0x0 0x0 0x0 0x0 0x0 0x0 0x0 0x0 0x0 0x0 0x9 0x1 0x0 0x6d80001 0x6d80001 oops 24 120 com/sun/javafx/text/TextRun 170 com/sun/javafx/text/TextRun 397 com/sun/javafx/text/TextRun 419 java/util/ArrayList 425 com/sun/javafx/text/PrismTextLine 450 java/util/ArrayList 456 java/util/ArrayList 462 java/util/ArrayList 504 com/sun/javafx/text/PrismTextLine 510 com/sun/javafx/text/PrismTextLine 516 com/sun/javafx/geom/RectBounds 555 com/sun/javafx/text/PrismTextLine 700 com/sun/javafx/text/PrismTextLine 710 com/sun/javafx/text/TextRun 716 com/sun/javafx/text/TextRun 722 com/sun/javafx/text/TextRun 735 com/sun/javafx/geom/RectBounds 746 com/sun/javafx/geom/RectBounds 752 com/sun/javafx/text/PrismTextLine 761 com/sun/javafx/text/PrismTextLine 767 com/sun/javafx/geom/RectBounds 773 com/sun/javafx/geom/RectBounds 805 java/util/Hashtable 811 java/util/Hashtable methods 0
ciMethodData com/sun/javafx/text/PrismTextLayout isMirrored ()Z 2 7190 orig 80 0 0 0 0 0 0 0 0 0 0 0 0 0 0 0 0 0 0 0 0 0 0 0 0 0 0 0 0 0 0 0 0 0 0 0 0 0 0 0 0 0 0 0 0 0 0 0 0 0 0 0 0 0 0 0 0 0 0 0 0 0 0 0 0 0 0 0 0 0 0 0 0 0 0 0 0 0 0 0 0 data 32 0xa0008 0xa 0x1c16 0xc8 0x0 0x78 0x0 0x60 0x0 0x90 0x0 0x90 0x360003 0x0 0x68 0x3b0003 0x0 0x50 0x460007 0x0 0x38 0x0 0x4a0003 0x0 0x18 0x0 0x0 0x0 0x0 0x9 0x1 0x0 oops 0 methods 0
ciMethodData com/sun/javafx/text/PrismTextLayout copyCache ()Z 2 6144 orig 80 0 0 0 0 0 0 0 0 0 0 0 0 0 0 0 0 0 0 0 0 0 0 0 0 0 0 0 0 0 0 0 0 0 0 0 0 0 0 0 0 0 0 0 0 0 0 0 0 0 0 0 0 0 0 0 0 0 0 0 0 0 0 0 0 0 0 0 0 0 0 0 0 0 0 0 0 0 0 0 0 data 34 0x170007 0x198 0xb0 0x1668 0x1d0007 0x0 0x90 0x1668 0x210007 0x0 0x70 0x1668 0x250005 0x1668 0x0 0x0 0x0 0x0 0x280007 0x1668 0x38 0x0 0x2c0003 0x198 0x18 0x0 0x0 0x0 0x0 0x0 0x0 0x9 0x1 0x0 oops 0 methods 0
ciMethodData com/sun/javafx/text/PrismTextLayout initCache ()V 2 7132 orig 80 0 0 0 0 0 0 0 0 0 0 0 0 0 0 0 0 0 0 0 0 0 0 0 0 0 0 0 0 0 0 0 0 0 0 0 0 0 0 0 0 0 0 0 0 0 0 0 0 0 0 0 0 0 0 0 0 0 0 0 0 0 0 0 0 0 0 0 0 0 0 0 0 0 0 0 0 0 0 0 0 data 115 0x40007 0x43 0x2a8 0x1b99 0xb0007 0x38 0x120 0x1b61 0x150005 0x0 0x260ae249cc0 0x1b61 0x0 0x0 0x180104 0x0 0x260ae420bc0 0x1ac4 0x0 0x0 0x1d0007 0x9d 0xa0 0x1ac4 0x280005 0x0 0x260baf7f038 0x1ac4 0x0 0x0 0x2d0007 0x3 0x50 0x1ac1 0x380002 0x1ac1 0x3b0007 0x1b 0x20 0x1aa6 0x640007 0xbb 0x168 0x1ade 0x680005 0x1ade 0x0 0x0 0x0 0x0 0x6b0007 0x1900 0x68 0x1de 0x790007 0x0 0xf8 0x1de 0x980002 0x1de 0x9b0003 0x1de 0xc8 0xa50007 0x0 0xb0 0x1900 0xf50005 0x0 0x260ae296bb8 0x1900 0x0 0x0 0xf80005 0x18 0x260ae296c60 0x18e8 0x0 0x0 0x10f0005 0x0 0x260ae296c60 0x1900 0x0 0x0 0x0 0x0 0x0 0x0 0x0 0x0 0x0 0x0 0x0 0x0 0x0 0x0 0x0 0x0 0x0 0x0 0x0 0x0 0x0 0x0 0x0 0x0 0x0 0x0 0x0 0x0 0x0 0x9 0x1 0x0 oops 6 10 java/util/Hashtable 16 com/sun/javafx/text/LayoutCache 26 com/sun/javafx/font/PrismFont 69 com/sun/javafx/text/PrismTextLine 75 com/sun/javafx/geom/RectBounds 81 com/sun/javafx/geom/RectBounds methods 0
ciMethodData com/sun/javafx/text/PrismTextLayout getText ()[C 2 5120 orig 80 0 0 0 0 0 0 0 0 0 0 0 0 0 0 0 0 0 0 0 0 0 0 0 0 0 0 0 0 0 0 0 0 0 0 0 0 0 0 0 0 0 0 0 0 0 0 0 0 0 0 0 0 0 0 0 0 0 0 0 0 0 0 0 0 0 0 0 0 0 0 0 0 0 0 0 0 0 0 0 0 data 57 0x40007 0x1400 0x180 0x0 0x110007 0x0 0x98 0x0 0x1b0005 0x0 0x0 0x0 0x0 0x0 0x200005 0x0 0x0 0x0 0x0 0x0 0x280003 0x0 0xffffffffffffff80 0x3c0007 0x0 0xc8 0x0 0x450005 0x0 0x0 0x0 0x0 0x0 0x4e0005 0x0 0x0 0x0 0x0 0x0 0x5d0005 0x0 0x0 0x0 0x0 0x0 0x680003 0x0 0xffffffffffffff50 0x0 0x0 0x0 0x0 0x0 0x0 0x9 0x1 0x20 oops 0 methods 0
ciMethodData com/sun/javafx/text/PrismTextLayout isSimpleLayout ()Z 2 6146 orig 80 0 0 0 0 0 0 0 0 0 0 0 0 0 0 0 0 0 0 0 0 0 0 0 0 0 0 0 0 0 0 0 0 0 0 0 0 0 0 0 0 0 0 0 0 0 0 0 0 0 0 0 0 0 0 0 0 0 0 0 0 0 0 0 0 0 0 0 0 0 0 0 0 0 0 0 0 0 0 0 0 data 29 0xe0007 0x3c9 0x58 0x1439 0x140007 0x1439 0x38 0x0 0x180003 0x0 0x18 0x260007 0x0 0x58 0x1802 0x2a0007 0x0 0x38 0x1802 0x2e0003 0x1802 0x18 0x0 0x0 0x0 0x0 0x9 0x1 0x0 oops 0 methods 0
ciMethodData com/sun/javafx/text/PrismTextLayout reuseRuns ()V 2 5189 orig 80 0 0 0 0 0 0 0 0 0 0 0 0 0 0 0 0 0 0 0 0 0 0 0 0 0 0 0 0 0 0 0 0 0 0 0 0 0 0 0 0 0 0 0 0 0 0 0 0 0 0 0 0 0 0 0 0 0 0 0 0 0 0 0 0 0 0 0 0 0 0 0 0 0 0 0 0 0 0 0 0 data 97 0xd0007 0x1445 0x2b8 0x144b 0x180007 0x144b 0x38 0x0 0x1b0003 0x0 0x278 0x240104 0x0 0x0 0x0 0x0 0x0 0x380005 0x0 0x260ae296b10 0x144b 0x0 0x0 0x3d0004 0x0 0x260ae296b10 0x144b 0x0 0x0 0x3f0005 0x0 0x260ae296b10 0x144b 0x0 0x0 0x420007 0x144b 0x188 0x0 0x470005 0x0 0x0 0x0 0x0 0x0 0x500007 0x0 0x138 0x0 0x5b0007 0x0 0x38 0x0 0x5e0003 0x0 0xf8 0x630005 0x0 0x0 0x0 0x0 0x0 0x6c0004 0x0 0x0 0x0 0x0 0x0 0x710005 0x0 0x0 0x0 0x0 0x0 0x740007 0x0 0x38 0x0 0x770003 0x0 0x30 0x7a0003 0x0 0xfffffffffffffee0 0x7d0003 0x144b 0xfffffffffffffd60 0x0 0x0 0x0 0x0 0x0 0x0 0x0 0x9 0x1 0x4 oops 3 19 com/sun/javafx/text/TextRun 25 com/sun/javafx/text/TextRun 31 com/sun/javafx/text/TextRun methods 0
ciMethodData com/sun/javafx/text/PrismTextLayout buildRuns ([C)V 2 3612 orig 80 0 0 0 0 0 0 0 0 0 0 0 0 0 0 0 0 0 0 0 0 0 0 0 0 0 0 0 0 0 0 0 0 0 0 0 0 0 0 0 0 0 0 0 0 0 0 0 0 0 0 0 0 0 0 0 0 0 0 0 0 0 0 0 0 0 0 0 0 0 0 0 0 0 0 0 0 0 0 0 0 data 49 0x90007 0x0 0x40 0xe1c 0x140002 0xe1c 0x170002 0xe1c 0x240005 0x0 0x260ae294c78 0xe1c 0x0 0x0 0x300005 0x0 0x260bb535d58 0xe1c 0x0 0x0 0x370005 0x0 0x260bb535d58 0xe1c 0x0 0x0 0x450007 0xe1c 0x68 0x2a4e 0x4e0104 0x0 0x0 0x0 0x0 0x0 0x520003 0x2a4e 0xffffffffffffffb0 0x0 0x0 0x0 0x0 0x0 0x0 0x9 0x2 0x0 0x0 oops 3 10 com/sun/javafx/text/PrismTextLayout 16 com/sun/javafx/font/directwrite/DWGlyphLayout 22 com/sun/javafx/font/directwrite/DWGlyphLayout methods 0
ciMethodData com/sun/javafx/text/PrismTextLayout glyphLayout ()Lcom/sun/javafx/text/GlyphLayout; 2 3612 orig 80 0 0 0 0 0 0 0 0 0 0 0 0 0 0 0 0 0 0 0 0 0 0 0 0 0 0 0 0 0 0 0 0 0 0 0 0 0 0 0 0 0 0 0 0 0 0 0 0 0 0 0 0 0 0 0 0 0 0 0 0 0 0 0 0 0 0 0 0 0 0 0 0 0 0 0 0 0 0 0 0 data 11 0x2 0xe1c 0x0 0x0 0x0 0x0 0x0 0x0 0x9 0x1 0x0 oops 0 methods 0
ciMethodData com/sun/javafx/text/LayoutCache <init> ()V 1 326 orig 80 0 0 0 0 0 0 0 0 0 0 0 0 0 0 0 0 0 0 0 0 0 0 0 0 0 0 0 0 0 0 0 0 0 0 0 0 0 0 0 0 0 0 0 0 0 0 0 0 0 0 0 0 0 0 0 0 0 0 0 0 0 0 0 0 0 0 0 0 0 0 0 0 0 0 0 0 0 0 0 0 data 7 0x10002 0x146 0x0 0x0 0x9 0x1 0x0 oops 0 methods 0
ciMethodData com/sun/javafx/text/PrismTextLayout shape (Lcom/sun/javafx/text/TextRun;[CLcom/sun/javafx/text/GlyphLayout;)V 2 3098 orig 80 0 0 0 0 0 0 0 0 0 0 0 0 0 0 0 0 0 0 0 0 0 0 0 0 0 0 0 0 0 0 0 0 0 0 0 0 0 0 0 0 0 0 0 0 0 0 0 0 0 0 0 0 0 0 0 0 0 0 0 0 0 0 0 0 0 0 0 0 0 0 0 0 0 0 0 0 0 0 0 0 data 342 0x40007 0xc1a 0x1f8 0x0 0xc0007 0x0 0x20 0x0 0x110005 0x0 0x0 0x0 0x0 0x0 0x180005 0x0 0x0 0x0 0x0 0x0 0x1d0004 0x0 0x0 0x0 0x0 0x0 0x240007 0x0 0xe0 0x0 0x290005 0x0 0x0 0x0 0x0 0x0 0x350005 0x0 0x0 0x0 0x0 0x0 0x3a0005 0x0 0x0 0x0 0x0 0x0 0x3d0005 0x0 0x0 0x0 0x0 0x0 0x460005 0x0 0x0 0x0 0x0 0x0 0x4d0003 0x0 0x18 0x5d0005 0x0 0x260ae296b10 0xc1a 0x0 0x0 0x620007 0x8c5 0x2f0 0x355 0x670005 0x0 0x260baf7eee8 0x355 0x0 0x0 0x790007 0x3 0x1e0 0x352 0x7e0005 0x0 0x260baf7ef90 0x352 0x0 0x0 0x870005 0x0 0x260baf7f038 0x352 0x0 0x0 0x8f0005 0x3f 0x260ae2487e8 0x313 0x0 0x0 0x920007 0x352 0x20 0x0 0xac0005 0x0 0x260baf7ef90 0x352 0x0 0x0 0xbc0005 0x0 0x260baf7ef90 0x352 0x0 0x0 0xcc0005 0x0 0x260baf7ef90 0x352 0x0 0x0 0xe70007 0x0 0x38 0x352 0xee0003 0x352 0x18 0x1020005 0x0 0x260ae296b10 0x352 0x0 0x0 0x1050003 0x352 0xd8 0x10b0005 0x0 0x260baf7ef90 0x3 0x0 0x0 0x1120005 0x0 0x260baf7ef90 0x3 0x0 0x0 0x1190005 0x0 0x260baf7ef90 0x3 0x0 0x0 0x11e0005 0x0 0x260ae296b10 0x3 0x0 0x0 0x1220005 0x0 0x260ae296b10 0xc1a 0x0 0x0 0x1250007 0xc1a 0x20 0x0 0x12a0005 0x0 0x260ae296b10 0xc1a 0x0 0x0 0x12d0007 0xc14 0x20 0x6 0x1320005 0x0 0x260ae296b10 0xc14 0x0 0x0 0x1350007 0x352 0x20 0x8c2 0x13a0005 0x0 0x260ae296b10 0x352 0x0 0x0 0x13d0007 0x352 0x68 0x0 0x1470005 0x0 0x0 0x0 0x0 0x0 0x14a0003 0x0 0x380 0x14f0005 0x0 0x260baf7eee8 0x352 0x0 0x0 0x1570005 0x0 0x260ae296b10 0x352 0x0 0x0 0x15d0005 0x0 0x260ae296b10 0x352 0x0 0x0 0x1660007 0x352 0x160 0x0 0x16b0005 0x0 0x0 0x0 0x0 0x0 0x1740005 0x0 0x0 0x0 0x0 0x0 0x18a0005 0x0 0x0 0x0 0x0 0x0 0x1a10007 0x0 0x68 0x0 0x1ad0005 0x0 0x0 0x0 0x0 0x0 0x1c70003 0x0 0xffffffffffffffb0 0x1db0005 0x0 0x0 0x0 0x0 0x0 0x1de0003 0x0 0x190 0x1e80007 0x0 0x148 0x352 0x1ed0005 0x0 0x260baf7eee8 0x352 0x0 0x0 0x1f60005 0x0 0x260baf7f0e0 0x352 0x0 0x0 0x20d0005 0x0 0x260baf7f188 0x352 0x0 0x0 0x2220007 0x352 0x68 0x3a1c 0x2330005 0x0 0x260baf7f0e0 0x3a1c 0x0 0x0 0x2500003 0x3a1c 0xffffffffffffffb0 0x2560005 0x0 0x260ae296b10 0x352 0x0 0x0 0x26a0005 0x0 0x260ae296b10 0x352 0x0 0x0 0x0 0x0 0x0 0x0 0x0 0x0 0x0 0x0 0x0 0x0 0x0 0x0 0x0 0x0 0x0 0x9 0x4 0x0 0x0 0x0 0x0 oops 26 65 com/sun/javafx/text/TextRun 75 com/sun/javafx/font/CompositeStrike 85 com/sun/javafx/font/PrismMetrics 91 com/sun/javafx/font/PrismFont 97 java/lang/String 107 com/sun/javafx/font/PrismMetrics 113 com/sun/javafx/font/PrismMetrics 119 com/sun/javafx/font/PrismMetrics 132 com/sun/javafx/text/TextRun 141 com/sun/javafx/font/PrismMetrics 147 com/sun/javafx/font/PrismMetrics 153 com/sun/javafx/font/PrismMetrics 159 com/sun/javafx/text/TextRun 165 com/sun/javafx/text/TextRun 175 com/sun/javafx/text/TextRun 185 com/sun/javafx/text/TextRun 195 com/sun/javafx/text/TextRun 214 com/sun/javafx/font/CompositeStrike 220 com/sun/javafx/text/TextRun 226 com/sun/javafx/text/TextRun 280 com/sun/javafx/font/CompositeStrike 286 com/sun/javafx/font/LogicalFont 292 com/sun/javafx/font/CompositeGlyphMapper 302 com/sun/javafx/font/LogicalFont 311 com/sun/javafx/text/TextRun 317 com/sun/javafx/text/TextRun methods 0
ciMethodData com/sun/javafx/text/TextRun isTab ()Z 2 4128 orig 80 0 0 0 0 0 0 0 0 0 0 0 0 0 0 0 0 0 0 0 0 0 0 0 0 0 0 0 0 0 0 0 0 0 0 0 0 0 0 0 0 0 0 0 0 0 0 0 0 0 0 0 0 0 0 0 0 0 0 0 0 0 0 0 0 0 0 0 0 0 0 0 0 0 0 0 0 0 0 0 0 data 13 0x60007 0x1020 0x38 0x0 0xa0003 0x0 0x18 0x0 0x0 0x0 0x9 0x1 0x0 oops 0 methods 0
ciMethodData com/sun/javafx/text/TextRun isBreak ()Z 2 1028 orig 80 0 0 0 0 0 0 0 0 0 0 0 0 0 0 0 0 0 0 0 0 0 0 0 0 0 0 0 0 0 0 0 0 0 0 0 0 0 0 0 0 0 0 0 0 0 0 0 0 0 0 0 0 0 0 0 0 0 0 0 0 0 0 0 0 0 0 0 0 0 0 0 0 0 0 0 0 0 0 0 0 data 13 0x70007 0x3fe 0x38 0x6 0xb0003 0x6 0x18 0x0 0x0 0x0 0x9 0x1 0x0 oops 0 methods 0
ciMethodData com/sun/javafx/text/PrismTextLayout computeTrailingSpaceWidth (Lcom/sun/javafx/text/TextRun;)F 1 6 orig 80 0 0 0 0 0 0 0 0 0 0 0 0 0 0 0 0 0 0 0 0 0 0 0 0 0 0 0 0 0 0 0 0 0 0 0 0 0 0 0 0 0 0 0 0 0 0 0 0 0 0 0 0 0 0 0 0 0 0 0 0 0 0 0 0 0 0 0 0 0 0 0 0 0 0 0 0 0 0 0 0 data 56 0x30005 0x6 0x0 0x0 0x0 0x0 0x80005 0x0 0x260ae296b10 0x6 0x0 0x0 0x110007 0x6 0x110 0x0 0x150005 0x0 0x0 0x0 0x0 0x0 0x1b0005 0x0 0x0 0x0 0x0 0x0 0x250002 0x0 0x280007 0x0 0x38 0x0 0x2b0003 0x0 0x60 0x320005 0x0 0x0 0x0 0x0 0x0 0x3a0003 0x0 0xffffffffffffff08 0x0 0x0 0x0 0x0 0x0 0x0 0x9 0x2 0x0 0x0 oops 1 8 com/sun/javafx/text/TextRun methods 0
ciMethodData com/sun/javafx/text/PrismTextLayout createLine (IIIF)Lcom/sun/javafx/text/PrismTextLine; 2 5121 orig 80 0 0 0 0 0 0 0 0 0 0 0 0 0 0 0 0 0 0 0 0 0 0 0 0 0 0 0 0 0 0 0 0 0 0 0 0 0 0 0 0 0 0 0 0 0 0 0 0 0 0 0 0 0 0 0 0 0 0 0 0 0 0 0 0 0 0 0 0 0 0 0 0 0 0 0 0 0 0 0 0 data 82 0xa0007 0x1401 0x70 0x0 0xf0007 0x0 0x50 0x0 0x18000a 0x0 0x1 0x0 0x1d0002 0x0 0x2d0007 0x0 0x30 0x1401 0x3a0002 0x1401 0x540007 0x1401 0x158 0x1407 0x620005 0x0 0x260ae296b10 0x1407 0x0 0x0 0x6c0005 0x0 0x260ae296b10 0x1407 0x0 0x0 0x6f0002 0x1407 0x780005 0x0 0x260ae296b10 0x1407 0x0 0x0 0x7b0002 0x1407 0x840005 0x0 0x260ae296b10 0x1407 0x0 0x0 0x870002 0x1407 0x900005 0x0 0x260ae296b10 0x1407 0x0 0x0 0x990003 0x1407 0xfffffffffffffec0 0xaa0007 0x19d 0x20 0x1264 0xc40002 0x1401 0x0 0x0 0x0 0x0 0x0 0x0 0x9 0x5 0x0 0x0 0x0 0x0 0x0 oops 5 26 com/sun/javafx/text/TextRun 32 com/sun/javafx/text/TextRun 40 com/sun/javafx/text/TextRun 48 com/sun/javafx/text/TextRun 56 com/sun/javafx/text/TextRun methods 0
ciMethodData com/sun/javafx/text/PrismTextLine setAlignment (F)V 2 1022 orig 80 0 0 0 0 0 0 0 0 0 0 0 0 0 0 0 0 0 0 0 0 0 0 0 0 0 0 0 0 0 0 0 0 0 0 0 0 0 0 0 0 0 0 0 0 0 0 0 0 0 0 0 0 0 0 0 0 0 0 0 0 0 0 0 0 0 0 0 0 0 0 0 0 0 0 0 0 0 0 0 0 data 28 0x50005 0x2e 0x260ae296c60 0x3d0 0x0 0x0 0x110005 0x2e 0x260ae296c60 0x3d0 0x0 0x0 0x150005 0x2e 0x260ae296c60 0x3d0 0x0 0x0 0x0 0x0 0x0 0x0 0x0 0x0 0x9 0x2 0x0 0x0 oops 3 2 com/sun/javafx/geom/RectBounds 8 com/sun/javafx/geom/RectBounds 14 com/sun/javafx/geom/RectBounds methods 0
ciMethodData com/sun/javafx/text/PrismTextLayout computeSideBearings (Lcom/sun/javafx/text/PrismTextLine;)V 2 5120 orig 80 0 0 0 0 0 0 0 0 0 0 0 0 0 0 0 0 0 0 0 0 0 0 0 0 0 0 0 0 0 0 0 0 0 0 0 0 0 0 0 0 0 0 0 0 0 0 0 0 0 0 0 0 0 0 0 0 0 0 0 0 0 0 0 0 0 0 0 0 0 0 0 0 0 0 0 0 0 0 0 0 data 244 0x10005 0x0 0x260ae296bb8 0x1400 0x0 0x0 0x70007 0x1400 0x20 0x0 0x190007 0x0 0x80 0x1400 0x200005 0x0 0x260baf7eee8 0x1400 0x0 0x0 0x2b0005 0x0 0x260baf7eee8 0x1400 0x0 0x0 0x3f0007 0x197 0x328 0x1400 0x4a0005 0x0 0x260ae296b10 0x1400 0x0 0x0 0x560007 0x197 0x270 0x1269 0x5d0005 0x0 0x260ae296b10 0x1269 0x0 0x0 0x660007 0x0 0x208 0x1269 0x6d0005 0x0 0x260ae296b10 0x1269 0x0 0x0 0x770007 0x0 0x1b8 0x1269 0x800007 0x1269 0x110 0x0 0x850005 0x0 0x0 0x0 0x0 0x0 0x8c0005 0x0 0x0 0x0 0x0 0x0 0x910004 0x0 0x0 0x0 0x0 0x0 0x980005 0x0 0x0 0x0 0x0 0x0 0xa10005 0x0 0x0 0x0 0x0 0x0 0xaf0005 0x0 0x260baf7f0e0 0x1269 0x0 0x0 0xc00002 0x1269 0xc70005 0x0 0x260ae296b10 0x1269 0x0 0x0 0xca0003 0x1269 0x98 0xd70003 0x0 0xfffffffffffffda8 0xdc0007 0x0 0x50 0x197 0xe30005 0x0 0x260ae296b10 0x197 0x0 0x0 0xec0003 0x197 0xfffffffffffffcf0 0xfd0007 0x197 0x328 0x1406 0x1080005 0x0 0x260ae296b10 0x1406 0x0 0x0 0x1150007 0x19d 0x270 0x126c 0x11c0005 0x0 0x260ae296b10 0x126c 0x0 0x0 0x1250007 0x3 0x208 0x1269 0x12c0005 0x0 0x260ae296b10 0x1269 0x0 0x0 0x1360007 0x0 0x1b8 0x1269 0x13f0007 0x1269 0x110 0x0 0x1440005 0x0 0x0 0x0 0x0 0x0 0x14b0005 0x0 0x0 0x0 0x0 0x0 0x1500004 0x0 0x0 0x0 0x0 0x0 0x1570005 0x0 0x0 0x0 0x0 0x0 0x1600005 0x0 0x0 0x0 0x0 0x0 0x16e0005 0x0 0x260baf7f0e0 0x1269 0x0 0x0 0x1820002 0x1269 0x1890005 0x0 0x260ae296b10 0x1269 0x0 0x0 0x18c0003 0x1269 0x98 0x1990003 0x3 0xfffffffffffffda8 0x19e0007 0x0 0x50 0x19d 0x1a50005 0x0 0x260ae296b10 0x19d 0x0 0x0 0x1ae0003 0x19d 0xfffffffffffffcf0 0x1b60005 0x0 0x260ae296bb8 0x1400 0x0 0x0 0x0 0x0 0x0 0x0 0x0 0x0 0x9 0x2 0x0 0x0 oops 16 2 com/sun/javafx/text/PrismTextLine 16 com/sun/javafx/font/CompositeStrike 22 com/sun/javafx/font/CompositeStrike 32 com/sun/javafx/text/TextRun 42 com/sun/javafx/text/TextRun 52 com/sun/javafx/text/TextRun 96 com/sun/javafx/font/LogicalFont 104 com/sun/javafx/text/TextRun 120 com/sun/javafx/text/TextRun 133 com/sun/javafx/text/TextRun 143 com/sun/javafx/text/TextRun 153 com/sun/javafx/text/TextRun 197 com/sun/javafx/font/LogicalFont 205 com/sun/javafx/text/TextRun 221 com/sun/javafx/text/TextRun 230 com/sun/javafx/text/PrismTextLine methods 0
ciMethodData com/sun/javafx/text/TextRun setLocation (FF)V 2 1027 orig 80 0 0 0 0 0 0 0 0 0 0 0 0 0 0 0 0 0 0 0 0 0 0 0 0 0 0 0 0 0 0 0 0 0 0 0 0 0 0 0 0 0 0 0 0 0 0 0 0 0 0 0 0 0 0 0 0 0 0 0 0 0 0 0 0 0 0 0 0 0 0 0 0 0 0 0 0 0 0 0 0 data 11 0x70002 0x403 0x0 0x0 0x0 0x0 0x9 0x3 0x0 0x0 0x0 oops 0 methods 0
ciMethodData java/util/Hashtable clear ()V 1 1 orig 80 0 0 0 0 0 0 0 0 0 0 0 0 0 0 0 0 0 0 0 0 0 0 0 0 0 0 0 0 0 0 0 0 0 0 0 0 0 0 0 0 0 0 0 0 0 0 0 0 0 0 0 0 0 0 0 0 0 0 0 0 0 0 0 0 0 0 0 0 0 0 0 0 0 0 0 0 0 0 0 0 data 22 0xc0007 0x1 0x68 0x17ff 0x120104 0x0 0x0 0x0 0x0 0x0 0x130003 0x17ff 0xffffffffffffffb0 0x0 0x0 0x0 0x0 0x0 0x0 0x9 0x1 0xe oops 0 methods 0
ciMethodData com/sun/javafx/text/GlyphLayout breakRuns (Lcom/sun/javafx/text/PrismTextLayout;[CI)I 2 914 orig 80 0 0 0 0 0 0 0 0 0 0 0 0 0 0 0 0 0 0 0 0 0 0 0 0 0 0 0 0 0 0 0 0 0 0 0 0 0 0 0 0 0 0 0 0 0 0 0 0 0 0 0 0 0 0 0 0 0 0 0 0 0 0 0 0 0 0 0 0 0 0 0 0 0 0 0 0 0 0 0 0 data 533 0x190007 0x392 0x90 0x0 0x200007 0x0 0x38 0x0 0x240003 0x0 0x18 0x2e0007 0x0 0x38 0x0 0x320003 0x0 0x18 0x560005 0x0 0x260ae294c78 0x392 0x0 0x0 0x5d0007 0x392 0x138 0x0 0x630007 0x0 0x148 0x0 0x6f0005 0x0 0x0 0x0 0x0 0x0 0x740005 0x0 0x0 0x0 0x0 0x0 0x7b0005 0x0 0x0 0x0 0x0 0x0 0x800004 0x0 0x0 0x0 0x0 0x0 0x870007 0x0 0x68 0x0 0x8f0003 0x0 0x48 0x930005 0x0 0x260ae294c78 0x392 0x0 0x0 0x9a0007 0x0 0xe8 0x392 0x9f0005 0x0 0x260baf7f038 0x392 0x0 0x0 0xa80005 0x0 0x260baf7f038 0x392 0x0 0x0 0xb10005 0x0 0x260baf7f0e0 0x392 0x0 0x0 0xbd0007 0x392 0x38 0x0 0xc10003 0x0 0x18 0xc90007 0x0 0x130 0x392 0xce0007 0x10f 0x110 0x283 0xd20005 0x0 0x260ae294c78 0x283 0x0 0x0 0xe30002 0x283 0xee0005 0x0 0x260bb650720 0x283 0x0 0x0 0xf10005 0x0 0x260bb650720 0x283 0x0 0x0 0xfb0005 0x0 0x260bb650720 0x283 0x0 0x0 0x1040007 0x283 0x20 0x0 0x1160007 0x392 0xa60 0x401a 0x1270007 0x0 0x60 0x401a 0x12e0007 0x3 0x40 0x4017 0x1350007 0x4017 0x38 0x0 0x1390003 0x3 0x18 0x1440002 0x401a 0x1470007 0x4011 0x80 0x9 0x1500007 0x0 0x60 0x9 0x1590002 0x9 0x15c0007 0x0 0x30 0x9 0x1680002 0x9 0x1750007 0x0 0xe0 0x401a 0x17a0005 0x0 0x260baf7f038 0x401a 0x0 0x0 0x1830005 0x0 0x260baf7f0e0 0x401a 0x0 0x0 0x18a0005 0x0 0x260baf7f188 0x401a 0x0 0x0 0x1930005 0x0 0x260baf7f0e0 0x401a 0x0 0x0 0x19c0007 0x3 0x40 0x4017 0x1a10007 0x4017 0x90 0x0 0x1ab0007 0x0 0x70 0x3 0x1c30005 0x3 0x0 0x0 0x0 0x0 0x1ca0007 0x3 0x20 0x0 0x1e00007 0x401a 0x58 0x0 0x1e70007 0x0 0x38 0x0 0x1eb0003 0x0 0x18 0x1f50007 0x401a 0x58 0x0 0x1fc0007 0x0 0x38 0x0 0x2000003 0x0 0x18 0x20b0007 0x3 0x258 0x4017 0x2100007 0x0 0x238 0x4017 0x2190007 0x0 0x148 0x4017 0x21e0002 0x4017 0x2210007 0x4017 0x20 0x0 0x22b0002 0x4017 0x2330007 0x4017 0x60 0x0 0x2390007 0x0 0x40 0x0 0x2400007 0x0 0x20 0x0 0x2480007 0x0 0x88 0x4017 0x24d0007 0x0 0x50 0x4017 0x2520002 0x4017 0x2550007 0x4017 0x38 0x0 0x2590003 0x0 0x18 0x2610007 0x0 0x60 0x4017 0x2660007 0x0 0x40 0x4017 0x26b0007 0x4017 0x90 0x0 0x2720007 0x0 0x70 0x0 0x2870005 0x0 0x0 0x0 0x0 0x0 0x28e0007 0x0 0x20 0x0 0x2a20007 0x401a 0x1e0 0x0 0x2b30005 0x0 0x0 0x0 0x0 0x0 0x2b80005 0x0 0x0 0x0 0x0 0x0 0x2c00005 0x0 0x0 0x0 0x0 0x0 0x2c50004 0x0 0x0 0x0 0x0 0x0 0x2cc0007 0x0 0x38 0x0 0x2d40003 0x0 0xe0 0x2d90005 0x0 0x0 0x0 0x0 0x0 0x2e20005 0x0 0x0 0x0 0x0 0x0 0x2eb0005 0x0 0x0 0x0 0x0 0x0 0x2f70007 0x0 0x38 0x0 0x2fb0003 0x0 0x18 0x3030007 0x401a 0xd0 0x0 0x30f0005 0x0 0x0 0x0 0x0 0x0 0x3120005 0x0 0x0 0x0 0x0 0x0 0x31c0005 0x0 0x0 0x0 0x0 0x0 0x3250007 0x0 0x20 0x0 0x32f0007 0x401a 0x20 0x0 0x3380007 0x4017 0x158 0x3 0x3420007 0x3 0x60 0x0 0x3490007 0x0 0x40 0x0 0x3520007 0x0 0x20 0x0 0x36b0002 0x3 0x3740007 0x3 0x68 0x0 0x3790005 0x0 0x0 0x0 0x0 0x0 0x3800003 0x0 0x48 0x3850005 0x0 0x260ae296b10 0x3 0x0 0x0 0x38b0005 0x0 0x260ae294c78 0x3 0x0 0x0 0x3940007 0x401a 0x60 0x0 0x3ad0002 0x0 0x3b50005 0x0 0x0 0x0 0x0 0x0 0x3bc0003 0x401a 0xfffffffffffff5b8 0x3c30007 0x10f 0x88 0x283 0x3d80005 0x283 0x0 0x0 0x0 0x0 0x3de0007 0x283 0xe8 0x0 0x3e60003 0x0 0xc8 0x3eb0007 0x10f 0x70 0x0 0x3f00005 0x0 0x0 0x0 0x0 0x0 0x3f30007 0x0 0x60 0x0 0x4040002 0x10f 0x40c0005 0x0 0x260ae294c78 0x10f 0x0 0x0 0x4110007 0x10f 0x70 0x283 0x4160005 0x0 0x260bb650720 0x283 0x0 0x0 0x4190007 0x283 0x20 0x0 0x0 0x0 0x0 0x0 0x0 0x0 0x9 0x4 0x0 0x0 0x0 0x0 oops 17 20 com/sun/javafx/text/PrismTextLayout 65 com/sun/javafx/text/PrismTextLayout 75 com/sun/javafx/font/PrismFont 81 com/sun/javafx/font/PrismFont 87 com/sun/javafx/font/LogicalFont 108 com/sun/javafx/text/PrismTextLayout 116 java/text/Bidi 122 java/text/Bidi 128 java/text/Bidi 179 com/sun/javafx/font/PrismFont 185 com/sun/javafx/font/LogicalFont 191 com/sun/javafx/font/CompositeGlyphMapper 197 com/sun/javafx/font/LogicalFont 443 com/sun/javafx/text/TextRun 449 com/sun/javafx/text/PrismTextLayout 503 com/sun/javafx/text/PrismTextLayout 513 java/text/Bidi methods 0
compile com/sun/javafx/text/PrismTextLayout layout ()V -1 4 inline 27 0 -1 0 com/sun/javafx/text/PrismTextLayout layout ()V 1 151 0 com/sun/javafx/text/LayoutCache <init> ()V 2 1 0 java/lang/Object <init> ()V 1 205 0 java/util/ArrayList <init> ()V 2 1 0 java/util/AbstractList <init> ()V 3 1 0 java/util/AbstractCollection <init> ()V 4 1 0 java/lang/Object <init> ()V 1 241 0 com/sun/javafx/text/TextRun isTab ()Z 1 826 0 com/sun/javafx/text/TextRun isBreak ()Z 1 873 0 com/sun/javafx/text/PrismTextLine getLength ()I 1 920 0 java/util/ArrayList size ()I 1 1036 0 com/sun/javafx/text/PrismTextLine getStart ()I 1 1043 0 com/sun/javafx/text/PrismTextLine getBounds ()Lcom/sun/javafx/geom/RectBounds; 1 1050 0 com/sun/javafx/geom/RectBounds getWidth ()F 1 1132 0 com/sun/javafx/text/PrismTextLine setAlignment (F)V 2 5 0 com/sun/javafx/geom/RectBounds setMinX (F)V 2 17 0 com/sun/javafx/geom/RectBounds getMaxX ()F 2 21 0 com/sun/javafx/geom/RectBounds setMaxX (F)V 1 1406 0 com/sun/javafx/text/PrismTextLine getRuns ()[Lcom/sun/javafx/text/TextRun; 1 1435 0 com/sun/javafx/text/TextRun setLocation (FF)V 2 7 0 com/sun/javafx/geom/Point2D <init> (FF)V 3 1 0 java/lang/Object <init> ()V 1 1442 0 com/sun/javafx/text/TextRun setLine (Lcom/sun/javafx/scene/text/TextLine;)V 1 1500 0 com/sun/javafx/geom/RectBounds getHeight ()F 1 1505 0 com/sun/javafx/text/PrismTextLine getLeading ()F 1 1524 0 com/sun/javafx/text/PrismTextLine getBounds ()Lcom/sun/javafx/geom/RectBounds; 1 1527 0 com/sun/javafx/geom/RectBounds getMinY ()F
